cell,r0,r1,r2,r3,r4,r5,r6,r7,r8
L9.TTTGTCATCTGTCAAG-1,2,2,2,2,2,0,2,2,2
L9.TTTGTCATCAGCTTAG-1,3,3,3,3,2,2,3,3,0
L9.TTTGTCAGTGCCTGTG-1,3,4,3,3,2,2,3,3,0
L9.TTTGTCAGTGCAGACA-1,3,0,3,3,2,2,3,3,0
L9.TTTGTCAGTAGCGATG-1,3,0,3,3,2,2,3,3,2
L9.TTTGTCACATTGAGCT-1,2,2,4,2,2,0,2,2,3
L9.TTTGTCAAGCCCGAAA-1,2,2,-1,-1,2,3,2,2,0
L9.TTTGTCAAGACTACAA-1,2,2,2,2,-1,0,2,2,2
L9.TTTGGTTTCGGCGCAT-1,3,4,3,3,2,2,3,3,4
L9.TTTGGTTGTTCTGTTT-1,3,0,3,3,2,2,3,3,4
L9.TTTGGTTCAGATGGGT-1,3,4,3,3,2,2,3,3,5
L9.TTTGGTTCAAGGTGTG-1,3,3,3,3,2,2,3,3,6
L9.TTTGGTTCAAGGACAC-1,2,2,-1,-1,3,0,2,2,0
L9.TTTGCGCCACCTCGTT-1,2,2,5,2,2,0,2,2,2
L9.TTTCCTCTCCAACCAA-1,-1,-1,3,3,2,2,3,3,0
L9.TTTCCTCTCACATACG-1,2,2,2,2,2,4,2,2,2
L9.TTTCCTCGTAGGGTAC-1,3,0,3,3,2,-1,3,3,0
L9.TTTCCTCCAAACGTGG-1,3,0,3,3,2,2,3,3,5
L9.TTTCCTCAGTAGCGGT-1,-1,-1,3,3,2,2,3,3,7
L9.TTTATGCTCCAGTATG-1,2,5,2,2,2,0,2,2,2
L9.TTTATGCGTGTTTGGT-1,3,3,3,3,2,5,3,3,8
L9.TTTATGCGTCGAGATG-1,2,2,2,2,2,6,2,2,2
L9.TTTATGCCATGACATC-1,3,0,3,3,4,2,3,3,0
L9.TTTATGCCAGCGTCCA-1,2,2,5,2,2,0,2,2,0
L9.TTTACTGTCGTCTGAA-1,2,2,-1,-1,2,0,2,2,0
L9.TTGTAGGTCACAACGT-1,2,2,-1,-1,2,0,2,2,2
L9.TTGTAGGCACTACAGT-1,3,6,3,3,2,2,3,3,0
L9.TTGTAGGAGCGTCAAG-1,3,2,3,3,2,2,3,3,2
L9.TTGGCAATCTCGATGA-1,4,5,3,3,2,2,3,3,2
L9.TTGGCAATCGTCCAGG-1,3,3,3,3,4,2,3,3,0
L9.TTGGCAATCCTTTCGG-1,2,2,6,2,2,0,2,2,0
L9.TTGGCAATCCAAACAC-1,3,4,3,3,2,2,3,3,9
L9.TTGGCAAGTGGCAAAC-1,3,4,3,3,2,2,3,3,10
L9.TTGGCAAAGTTGTAGA-1,3,0,3,3,2,2,3,3,7
L9.TTGGAACGTGCTAGCC-1,3,4,3,3,4,2,3,3,11
L9.TTGGAACCACCACGTG-1,2,2,-1,-1,2,-1,2,2,0
L9.TTGGAACAGAGTACCG-1,3,3,3,3,2,2,3,3,12
L9.TTGCGTCGTACATGTC-1,3,0,3,3,2,2,3,3,13
L9.TTGCGTCCACAAGTAA-1,3,3,3,3,2,2,3,3,2
L9.TTGCGTCAGATGTCGG-1,2,2,5,2,2,0,2,2,14
L9.TTGCCGTAGACACTAA-1,3,0,3,3,2,7,3,3,0
L9.TTGACTTTCTCTTATG-1,3,0,3,3,2,2,3,3,15
L9.TTGACTTCACCGAATT-1,3,7,3,3,2,2,3,3,9
L9.TTGACTTAGGTAAACT-1,2,2,2,2,2,-1,2,2,2
L9.TTGACTTAGGCAAAGA-1,2,2,2,2,2,0,2,-1,-1
L9.TTGAACGTCAAAGTAG-1,3,0,3,3,2,2,3,3,16
L9.TTGAACGCATGGGACA-1,2,2,7,2,2,0,2,2,0
L9.TTCTTAGCATGCCCGA-1,3,8,3,3,2,2,3,3,0
L9.TTCTTAGCACCCATTC-1,3,4,-1,-1,2,2,3,3,0
L9.TTCTTAGCAAATTGCC-1,2,2,4,2,2,0,2,2,0
L9.TTCTTAGAGACCACGA-1,3,0,-1,-1,2,2,3,3,0
L9.TTCTCCTTCTTCAACT-1,3,0,3,3,2,2,3,3,17
L9.TTCTCCTGTATGCTTG-1,2,2,8,2,2,0,2,2,2
L9.TTCTCCTCAGCTCGAC-1,3,0,3,3,2,2,3,3,18
L9.TTCTCCTAGAGTGAGA-1,2,2,-1,-1,2,0,2,2,19
L9.TTCTCAAGTGAAATCA-1,2,2,9,2,2,0,2,2,0
L9.TTCTACATCCACGCAG-1,-1,-1,-1,-1,2,2,3,3,0
L9.TTCTACATCACGATGT-1,3,0,3,3,4,2,3,3,19
L9.TTCTACACACGAAAGC-1,2,2,10,2,2,8,2,-1,-1
L9.TTCGGTCTCTCGGACG-1,2,2,3,3,2,0,2,2,0
L9.TTCGGTCCAAGTTCTG-1,3,4,3,3,2,2,3,3,2
L9.TTCGGTCAGCGCTCCA-1,3,0,3,3,2,2,3,3,20
L9.TTCGAAGTCAACGGGA-1,3,4,3,3,2,2,3,3,7
L9.TTCGAAGGTATCGCAT-1,3,0,3,3,2,2,3,3,21
L9.TTCCCAGGTTTAAGCC-1,3,3,3,3,2,9,3,3,0
L9.TTATGCTGTGAAATCA-1,3,9,3,3,2,2,3,3,2
L9.TTATGCTAGGGAACGG-1,-1,-1,-1,-1,-1,2,3,3,4
L9.TTATGCTAGATCGATA-1,3,10,3,3,2,2,3,3,0
L9.TTAGGCAAGGATGCGT-1,3,4,3,3,2,2,3,3,8
L9.TTAGGCAAGGAGTAGA-1,2,2,4,2,2,10,2,2,0
L9.TTAGGCAAGCTGATAA-1,3,11,3,3,2,2,3,3,0
L9.TTAGGACTCCCACTTG-1,3,12,3,3,2,2,3,3,0
L9.TTAGGACTCATTATCC-1,3,3,3,3,2,2,3,3,8
L9.TTAGGACGTAGAAAGG-1,3,2,2,2,2,2,3,3,0
L9.TTAACTCCAGGCTGAA-1,2,2,2,2,-1,8,2,2,2
L9.TGTTCCGCAGATCCAT-1,3,0,3,3,2,11,3,3,0
L9.TGTTCCGAGGGCATGT-1,2,2,5,2,2,0,2,2,22
L9.TGTGTTTTCGAGAGCA-1,3,13,3,3,2,2,3,3,2
L9.TGTGTTTTCAATCACG-1,3,3,3,3,2,12,3,3,2
L9.TGTGTTTGTATAGGTA-1,2,2,11,2,2,0,2,2,0
L9.TGTGTTTCATCCCATC-1,5,13,5,4,5,-1,4,4,23
L9.TGTGGTATCCACTCCA-1,3,3,3,3,2,2,3,3,9
L9.TGTGGTAAGAACAACT-1,3,14,3,3,2,2,3,3,11
L9.TGTATTCTCGATAGAA-1,3,3,3,3,2,2,3,3,5
L9.TGTATTCTCCCTCAGT-1,3,2,3,3,2,2,3,3,0
L9.TGTATTCGTTAAGGGC-1,2,2,3,3,2,2,3,3,0
L9.TGGTTCCGTTGGTGGA-1,2,2,12,2,2,2,2,2,0
L9.TGGTTCCGTCGCCATG-1,2,2,3,3,2,0,2,-1,-1
L9.TGGTTAGTCGCAAACT-1,3,0,-1,-1,2,2,3,3,24
L9.TGGGAAGTCTGTACGA-1,2,2,13,2,2,0,2,2,0
L9.TGGGAAGCAGGATCGA-1,-1,-1,3,3,2,2,3,3,5
L9.TGGGAAGAGCTGCCCA-1,2,2,-1,-1,2,0,2,2,5
L9.TGGCTGGGTACCCAAT-1,2,2,14,5,2,0,2,2,25
L9.TGGCGCATCCAGAAGG-1,3,3,3,3,6,9,3,3,24
L9.TGGCGCACAATCGAAA-1,2,2,2,2,2,9,2,2,2
L9.TGGCCAGCACGAGAGT-1,3,0,3,3,2,2,3,3,12
L9.TGGACGCCAAGCCGTC-1,3,15,3,3,2,2,3,3,0
L9.TGGACGCAGAATGTTG-1,3,16,3,3,2,2,3,3,11
L9.TGCTGCTGTAGAGCTG-1,3,0,3,3,2,2,3,-1,-1
L9.TGCGTGGGTGTGTGCC-1,3,16,3,3,2,2,3,3,0
L9.TGCGTGGGTAGTAGTA-1,2,2,15,2,2,0,2,-1,-1
L9.TGCGTGGCAATAGCGG-1,2,2,2,2,2,0,2,2,0
L9.TGCGGGTAGATATGGT-1,2,2,14,5,2,0,2,2,24
L9.TGCGCAGGTTCCATGA-1,2,2,9,2,2,0,2,2,26
L9.TGCGCAGCAGGCAGTA-1,2,2,2,2,2,8,2,2,2
L9.TGCCCTACAAACGCGA-1,3,17,3,3,2,2,3,3,0
L9.TGCCCATGTACAGACG-1,3,18,3,3,2,2,3,3,0
L9.TGCCCATCATGTTCCC-1,2,2,-1,-1,2,0,2,2,27
L9.TGCCCATCACATTTCT-1,3,19,3,3,2,2,3,3,12
L9.TGCCCATCAATAGCAA-1,3,0,3,3,2,2,3,3,28
L9.TGCCAAAGTAGAAAGG-1,2,2,5,2,2,0,2,2,29
L9.TGCCAAACACGGCTAC-1,2,2,2,2,4,0,2,2,2
L9.TGCACCTAGCTATGCT-1,-1,-1,2,2,2,0,2,2,2
L9.TGCACCTAGAAGGGTA-1,5,20,5,6,2,-1,3,-1,-1
L9.TGATTTCGTAAGGGAA-1,3,13,3,3,2,2,3,3,0
L9.TGAGGGACAGATAATG-1,3,6,3,3,2,2,3,3,2
L9.TGAGGGACACAACGTT-1,2,2,2,2,2,13,2,2,2
L9.TGAGCCGCAGCTGTGC-1,2,2,7,2,2,0,2,2,2
L9.TGAGCCGCAAAGAATC-1,2,2,-1,-1,2,8,2,2,2
L9.TGAGCCGAGCGACGTA-1,2,2,3,3,2,0,2,2,2
L9.TGAGCATTCTGCCAGG-1,2,2,-1,-1,2,0,2,-1,-1
L9.TGAGCATTCGCCATAA-1,2,2,12,2,2,0,2,2,21
L9.TGAGCATGTGTGAAAT-1,3,21,3,3,2,2,3,3,0
L9.TGAGCATGTCATATCG-1,2,2,5,2,2,-1,2,2,0
L9.TGAGCATAGAGCTGGT-1,6,11,16,0,-1,2,3,3,4
L9.TGAGAGGGTCGAAAGC-1,2,2,-1,-1,2,0,2,2,30
L9.TGAGAGGGTCAGGACA-1,2,2,14,5,2,0,2,2,0
L9.TGAGAGGGTAGGCTGA-1,3,2,3,3,2,2,3,3,15
L9.TGACTTTGTCCCTACT-1,3,22,3,3,2,2,3,3,0
L9.TGACTTTCAGTGGGAT-1,3,3,3,3,2,2,3,-1,-1
L9.TGACTAGAGAAACGAG-1,3,12,-1,-1,2,2,3,3,11
L9.TGACAACCAACTGGCC-1,3,6,-1,-1,2,2,3,2,2
L9.TGAAAGAGTACCATCA-1,2,2,2,2,3,0,2,2,0
L9.TGAAAGACACATGGGA-1,3,0,3,3,2,2,3,3,31
L9.TGAAAGACACATCTTT-1,3,0,3,3,2,2,3,3,32
L9.TCTTTCCGTGCTAGCC-1,7,3,12,7,7,0,5,-1,-1
L9.TCTTCGGTCGGTCTAA-1,5,13,5,0,5,-1,4,-1,-1
L9.TCTTCGGGTCTTCAAG-1,3,3,3,3,2,2,3,3,13
L9.TCTTCGGAGGAGTAGA-1,3,23,3,3,2,2,3,3,28
L9.TCTGGAACATGCCCGA-1,3,0,3,3,2,2,3,3,33
L9.TCTGGAACACGCATCG-1,3,24,3,3,2,2,3,3,0
L9.TCTGGAACACATCCGG-1,3,25,3,3,2,2,3,3,0
L9.TCTGAGAAGTAGCCGA-1,3,4,-1,-1,2,2,3,-1,-1
L9.TCTCTAACAGTAACGG-1,3,13,3,3,4,2,3,3,2
L9.TCTCATAGTAATTGGA-1,2,2,14,5,2,0,2,2,34
L9.TCTATTGGTCGCTTCT-1,2,2,5,2,4,0,2,2,22
L9.TCTATTGAGACTGTAA-1,2,2,3,3,2,2,3,3,7
L9.TCGTACCGTCAACATC-1,2,2,2,2,2,14,2,2,2
L9.TCGTACCGTACTCTCC-1,3,4,3,3,2,2,3,3,13
L9.TCGTACCCATCGGACC-1,3,20,3,3,2,2,3,3,0
L9.TCGGTAATCATGCAAC-1,2,2,-1,-1,5,0,2,2,0
L9.TCGGGACCACGAAACG-1,3,26,3,3,2,2,3,3,0
L9.TCGCGAGTCGGGAGTA-1,-1,-1,3,3,2,2,3,3,35
L9.TCGAGGCGTCACACGC-1,2,2,13,2,2,-1,2,2,36
L9.TCCCGATTCACCGTAA-1,5,13,5,0,5,-1,4,4,23
L9.TCCCGATTCAACTCTT-1,2,2,12,2,2,2,2,2,4
L9.TCCCGATGTCAATACC-1,3,17,3,3,2,2,3,3,2
L9.TCCCGATAGCTGCGAA-1,3,3,3,3,2,2,3,3,19
L9.TCCACACTCTCTAAGG-1,3,0,2,2,2,2,3,3,0
L9.TCATTTGTCACGCGGT-1,3,27,3,3,2,2,3,3,0
L9.TCATTTGAGATAGGAG-1,2,2,-1,-1,2,0,2,2,37
L9.TCATTACGTGGTCCGT-1,2,2,12,2,2,0,2,2,0
L9.TCATTACCAAGTTAAG-1,3,2,3,3,2,2,3,3,38
L9.TCAGGTATCACCCTCA-1,3,28,3,3,2,2,3,3,0
L9.TCAGGTAGTCTGATTG-1,2,2,-1,-1,2,0,2,2,32
L9.TCAGGTAAGGCAGGTT-1,2,2,2,2,0,0,2,2,2
L9.TCAGGATTCTAACGGT-1,2,2,12,2,2,0,2,2,39
L9.TCAGGATTCACTTACT-1,3,0,3,3,2,2,3,2,2
L9.TCAGCAAGTTCAGGCC-1,3,29,3,3,2,2,3,3,28
L9.TCAGCAACATCCCATC-1,2,2,14,5,-1,0,2,2,2
L9.TCAGATGTCAGAGCTT-1,2,2,-1,-1,2,0,2,2,34
L9.TCAGATGTCAGAGACG-1,2,2,2,2,5,0,2,2,2
L9.TCAGATGAGTGTACGG-1,2,2,14,5,2,0,2,-1,-1
L9.TCAGATGAGCGATCCC-1,3,30,3,3,2,2,3,3,0
L9.TCACGAACAAGGACTG-1,3,31,3,3,2,2,3,3,16
L9.TCACAAGAGGGAACGG-1,2,2,14,5,2,0,2,2,4
L9.TCAATCTTCTAACTCT-1,3,32,3,3,2,2,3,3,0
L9.TCAATCTGTGTGACCC-1,2,2,3,3,2,0,2,2,4
L9.TCAATCTAGGGTCGAT-1,2,2,5,2,2,0,2,2,40
L9.TATCTCACACTGTGTA-1,3,0,3,3,2,2,3,3,24
L9.TATCAGGTCTGGTATG-1,2,2,13,2,2,8,2,2,0
L9.TATCAGGGTCGGCTCA-1,3,22,3,3,2,2,3,3,4
L9.TAGTTGGAGAGTCGGT-1,3,2,-1,-1,2,2,3,3,2
L9.TAGTGGTTCCGTCAAA-1,2,2,5,2,2,0,2,2,41
L9.TAGTGGTTCAGGCGAA-1,3,33,3,3,2,2,3,3,2
L9.TAGTGGTGTGATGTGG-1,3,0,3,3,2,2,3,3,9
L9.TAGTGGTGTGAGTATA-1,3,3,3,3,-1,2,3,3,0
L9.TAGTGGTAGCCAACAG-1,3,0,3,3,2,15,3,3,2
L9.TAGCCGGAGTCGATAA-1,3,3,3,3,2,12,3,3,0
L9.TAGACCAGTAGCGATG-1,3,34,3,3,2,2,3,3,0
L9.TAGACCACATGGGACA-1,3,0,3,3,2,2,3,3,19
L9.TAGACCACATAAAGGT-1,2,2,5,2,2,16,2,2,2
L9.TACTTGTCAGTCGTGC-1,2,2,12,2,2,0,2,2,42
L9.TACTTGTAGTATCTCG-1,3,0,3,3,2,2,3,3,43
L9.TACTTACGTTGAGTTC-1,3,35,3,3,2,2,3,3,0
L9.TACTCGCAGGCAATTA-1,3,4,3,3,4,2,3,3,0
L9.TACGGTATCCTGTACC-1,7,0,12,7,7,0,5,5,0
L9.TACGGTATCACATACG-1,3,0,3,3,2,17,3,3,0
L9.TACGGTAAGATCTGAA-1,4,5,3,3,2,2,3,3,0
L9.TACGGGCTCTTTACAC-1,3,36,3,3,2,2,3,3,2
L9.TACGGGCAGAGCTGGT-1,8,0,3,3,2,2,3,-1,-1
L9.TACGGATTCGCTTAGA-1,2,2,2,2,2,3,2,2,2
L9.TACGGATTCAATAAGG-1,3,35,3,3,2,2,3,3,2
L9.TACCTTACAACTTGAC-1,3,0,-1,-1,2,2,3,3,4
L9.TACCTTAAGATCTGCT-1,3,3,3,3,2,2,3,3,33
L9.TACCTATTCGCAAGCC-1,2,2,17,2,2,0,2,-1,-1
L9.TACAGTGAGCAGCGTA-1,2,2,18,2,2,0,2,2,0
L9.TACACGATCACATAGC-1,3,5,3,3,2,2,3,3,0
L9.TACACGAGTAAATGAC-1,3,37,3,3,2,2,3,3,0
L9.TAAGAGAGTACGACCC-1,2,2,14,5,2,-1,2,2,0
L9.TAAACCGCAAGCTGAG-1,3,33,3,3,2,2,3,3,5
L9.GTTTCTATCATAACCG-1,2,2,12,2,2,0,2,2,9
L9.GTTTCTAGTCCTCCAT-1,3,2,-1,-1,2,2,3,3,44
L9.GTTTCTAGTCAGTGGA-1,3,4,3,3,2,2,3,3,19
L9.GTTTCTACATACGCCG-1,9,13,-1,-1,8,18,6,-1,-1
L9.GTTTCTAAGTATCTCG-1,3,12,3,3,2,2,3,3,2
L9.GTTTCTAAGCGAAGGG-1,2,2,13,2,2,0,2,2,2
L9.GTTCATTGTTGATTGC-1,2,2,9,2,2,0,2,2,2
L9.GTTCATTCAGGAATCG-1,3,0,3,3,-1,2,3,-1,-1
L9.GTTACAGAGCTGGAAC-1,3,3,3,3,2,7,3,3,6
L9.GTTACAGAGCAGGCTA-1,3,3,3,3,2,2,3,3,11
L9.GTGTTAGCATCCGCGA-1,3,3,-1,-1,2,2,3,3,0
L9.GTGTGCGGTTGCGCAC-1,3,0,3,3,2,2,3,3,11
L9.GTGGGTCAGATCCTGT-1,2,2,19,2,2,0,2,2,0
L9.GTGGGTCAGAAGAAGC-1,2,2,2,2,2,19,2,2,2
L9.GTGCTTCTCTCAAACG-1,3,38,3,3,2,2,3,3,0
L9.GTGCTTCCACGGTTTA-1,2,2,-1,-1,2,20,2,2,0
L9.GTGCGGTGTCAAGCGA-1,2,2,-1,-1,2,0,2,2,45
L9.GTGCATATCAGTGCAT-1,3,39,3,3,2,2,3,3,0
L9.GTGCAGCCAGGGTATG-1,3,3,3,3,2,2,3,3,34
L9.GTCTTCGTCTTCAACT-1,2,2,5,2,2,0,2,2,27
L9.GTCTTCGTCTATCCTA-1,3,0,3,3,-1,2,3,3,0
L9.GTCTTCGGTTAAGAAC-1,2,2,-1,-1,2,0,2,2,13
L9.GTCCTCAGTCAAAGCG-1,3,0,3,3,2,2,3,3,46
L9.GTCACAAAGATGTGGC-1,3,40,3,3,2,2,3,3,0
L9.GTCAAGTGTCATGCAT-1,2,2,10,2,2,0,2,-1,-1
L9.GTCAAGTCATTCACTT-1,3,41,3,3,2,2,3,3,0
L9.GTATTCTTCCGCGGTA-1,3,11,3,3,2,2,3,3,31
L9.GTAGTCACATTTCACT-1,3,39,3,3,2,2,3,3,47
L9.GTAGGCCGTGGTCCGT-1,3,3,3,3,2,9,3,3,2
L9.GTAGGCCGTACTTAGC-1,2,2,5,2,2,0,2,2,4
L9.GTAGGCCAGCGGCTTC-1,2,2,2,2,2,4,2,2,0
L9.GTACTTTAGAACAACT-1,3,42,3,3,2,2,3,3,28
L9.GTACTCCGTTGTGGCC-1,4,5,-1,-1,2,2,3,3,0
L9.GTACGTAGTTGCTCCT-1,2,2,20,8,2,0,2,2,24
L9.GGTGTTAAGTCAATAG-1,2,2,9,2,2,0,2,2,4
L9.GGTGCGTGTCTAAAGA-1,3,3,3,3,2,2,3,3,4
L9.GGTGCGTAGCAGGTCA-1,2,2,-1,-1,2,8,2,2,0
L9.GGTGAAGCAATAAGCA-1,-1,-1,3,3,2,2,3,3,2
L9.GGTGAAGCAAACTGCT-1,3,0,-1,-1,2,2,3,3,5
L9.GGTATTGCACAGGTTT-1,3,14,3,3,2,2,3,3,2
L9.GGGTTGCGTCCAGTTA-1,2,2,8,2,2,0,2,2,0
L9.GGGTCTGGTCTAGCCG-1,3,43,3,3,2,2,3,3,0
L9.GGGTCTGCACCAACCG-1,2,2,5,2,2,13,2,2,14
L9.GGGTCTGCAAGAAGAG-1,3,3,3,3,2,2,3,3,10
L9.GGGCACTCAAGGTTTC-1,3,3,3,3,2,7,3,3,2
L9.GGGCACTAGTAGGTGC-1,3,3,3,3,2,2,3,3,48
L9.GGGCACTAGTAACCCT-1,10,2,2,2,2,0,2,2,2
L9.GGGCACTAGCACGCCT-1,3,3,3,3,2,9,3,3,4
L9.GGGATGAGTCTAGTGT-1,2,2,2,2,2,21,2,2,2
L9.GGGATGAAGCCTTGAT-1,3,5,3,3,2,2,3,3,2
L9.GGGAGATTCCTAGTGA-1,2,2,-1,-1,3,0,2,2,49
L9.GGGACCTTCACTATTC-1,2,2,2,2,7,0,2,2,2
L9.GGCTGGTGTTACGACT-1,3,0,3,3,2,2,3,3,45
L9.GGCTGGTCACTTGGAT-1,2,2,14,5,2,0,2,2,50
L9.GGCTCGACAGCATGAG-1,2,2,2,2,2,22,2,2,2
L9.GGCGTGTGTCATTAGC-1,2,2,5,2,2,0,2,2,36
L9.GGCGACTTCTGCGGCA-1,3,44,2,2,2,2,3,3,9
L9.GGCCGATTCGCATGAT-1,3,3,3,3,2,2,3,3,51
L9.GGCCGATGTCGGGTCT-1,7,0,12,7,7,0,5,-1,-1
L9.GGCCGATGTCCTCCAT-1,2,2,4,2,2,0,2,2,14
L9.GGCCGATCACCAGTTA-1,2,2,5,2,2,4,2,2,0
L9.GGCAATTGTCTACCTC-1,3,45,3,3,2,2,3,3,52
L9.GGATTACTCGTTGCCT-1,3,4,3,3,2,2,3,3,11
L9.GGATTACCATGTCCTC-1,2,2,5,2,2,0,2,2,8
L9.GGATTACAGTAGCCGA-1,3,28,-1,-1,2,2,3,3,0
L9.GGATGTTGTGGCCCTA-1,3,2,3,3,2,2,3,3,28
L9.GGATGTTGTCTCATCC-1,2,2,-1,-1,2,8,2,3,6
L9.GGATGTTCAAAGCAAT-1,3,46,3,3,5,2,3,3,4
L9.GGAGCAATCCCATTAT-1,2,2,2,2,9,0,2,2,2
L9.GGAGCAAGTCTCCCTA-1,-1,-1,5,2,2,0,2,2,53
L9.GGAGCAACACCTTGTC-1,2,2,-1,-1,2,0,2,2,43
L9.GGACGTCCAGGACGTA-1,2,2,5,2,2,8,2,2,0
L9.GGACAGACAGCTTCGG-1,3,4,3,3,2,2,3,3,33
L9.GGACAGACACCTCGTT-1,2,2,6,2,-1,0,2,2,0
L9.GGAATAATCTGCCAGG-1,3,0,3,3,2,23,3,3,0
L9.GGAAAGCTCTTCATGT-1,2,2,21,2,2,0,2,2,0
L9.GCTTGAATCTGTCTAT-1,2,2,14,5,2,14,2,2,2
L9.GCTTGAATCTGCCAGG-1,3,0,3,3,2,2,3,3,44
L9.GCTTGAAGTTGGACCC-1,2,2,5,2,2,0,2,2,24
L9.GCTGCTTTCCGCAGTG-1,3,3,3,3,2,2,3,3,54
L9.GCTGCTTCACAACGCC-1,3,47,3,3,2,2,3,3,0
L9.GCTGCGATCGCGCCAA-1,2,2,-1,-1,2,0,2,2,11
L9.GCTGCGAGTGTTGAGG-1,2,2,-1,-1,2,0,2,2,55
L9.GCTGCGACAAGTTCTG-1,2,2,5,2,2,24,2,2,2
L9.GCTGCAGTCATGGTCA-1,3,48,-1,-1,2,2,3,3,56
L9.GCTGCAGGTCTCATCC-1,2,2,2,2,2,2,2,2,57
L9.GCTCTGTCATTTCACT-1,2,2,22,2,2,2,2,2,57
L9.GCTCCTATCTGGGCCA-1,3,0,3,3,2,2,3,3,58
L9.GCTCCTAGTAGGAGTC-1,3,0,3,3,2,2,3,3,59
L9.GCGCCAATCAATACCG-1,3,3,3,3,2,2,3,3,7
L9.GCGCAGTTCCAAAGTC-1,3,49,3,3,2,2,3,3,0
L9.GCGCAGTAGTGGGATC-1,5,27,5,0,10,-1,0,-1,-1
L9.GCGCAACGTTCCAACA-1,3,0,3,3,2,2,3,2,22
L9.GCGAGAATCTTGCATT-1,3,50,3,3,2,2,3,3,0
L9.GCGAGAATCATCTGTT-1,2,2,-1,-1,4,2,2,2,57
L9.GCGAGAAGTACTTAGC-1,3,0,-1,-1,2,2,3,3,12
L9.GCGACCAAGACTAAGT-1,3,4,3,3,11,2,3,3,19
L9.GCCAAATTCTCGAGTA-1,2,2,2,2,2,25,2,2,2
L9.GCCAAATGTGAGCGAT-1,5,27,5,0,0,-1,7,4,23
L9.GCATGTAAGGAGTCTG-1,-1,-1,2,2,4,0,2,2,2
L9.GCATGCGTCCTAGAAC-1,3,24,3,3,2,2,3,3,33
L9.GCATGCGGTCATTAGC-1,2,2,12,2,2,0,2,2,60
L9.GCATGCGCAGTAAGAT-1,3,35,3,3,2,2,3,3,7
L9.GCATGCGAGGCCGAAT-1,5,20,5,6,2,-1,3,4,23
L9.GCATGATGTCGCATAT-1,2,2,2,2,2,4,2,-1,-1
L9.GCAGCCACATCCTTGC-1,2,2,5,2,2,0,2,2,5
L9.GCAGCCACAGTTTACG-1,3,35,2,2,2,2,3,3,0
L9.GCAGCCAAGCCCAATT-1,2,2,23,2,2,0,2,2,4
L9.GCACTCTCACTCTGTC-1,-1,-1,3,3,-1,0,2,2,2
L9.GCACTCTAGCCGCCTA-1,3,51,3,3,2,2,3,3,0
L9.GCACTCTAGAGTGACC-1,3,4,3,3,2,2,3,3,15
L9.GCACATATCCGAACGC-1,2,2,-1,-1,2,0,2,2,7
L9.GCAATCAGTGACGGTA-1,3,52,3,3,2,2,3,3,0
L9.GCAATCAGTCTCACCT-1,2,2,-1,-1,2,0,2,2,61
L9.GCAAACTTCAGCACAT-1,3,0,3,3,-1,2,3,2,2
L9.GCAAACTGTTCACCTC-1,3,11,3,3,2,2,3,3,46
L9.GCAAACTCACCCATGG-1,2,2,5,2,2,26,2,2,53
L9.GATGAAATCAGGTTCA-1,2,2,6,2,2,0,2,2,50
L9.GATCTAGTCTAACTCT-1,3,47,-1,-1,2,2,3,3,0
L9.GATCTAGGTCTCTTTA-1,2,2,-1,-1,-1,0,2,2,2
L9.GATCGTAAGCCAGGAT-1,2,2,2,2,12,0,2,2,2
L9.GATCGCGCAGCTGTGC-1,2,2,22,2,2,0,2,2,13
L9.GATCGATTCTGCGGCA-1,3,21,3,3,2,2,3,3,5
L9.GATCGATTCAAACAAG-1,3,4,3,3,2,2,3,3,62
L9.GATCGATCATCCAACA-1,3,53,3,3,2,2,3,3,0
L9.GAGCAGACAAGTAGTA-1,3,54,3,3,2,2,3,3,0
L9.GACGTTAGTCCCTTGT-1,2,2,5,2,2,10,2,2,0
L9.GACGTTAAGTTGAGTA-1,2,2,12,2,2,0,2,2,2
L9.GACGTGCTCGGTTCGG-1,3,0,3,3,2,2,3,3,63
L9.GACGGCTGTATTACCG-1,3,55,3,3,2,2,3,3,0
L9.GACGCGTTCCTGCAGG-1,2,2,2,2,2,-1,2,-1,-1
L9.GACCTGGGTCAGAAGC-1,2,2,5,2,2,0,2,2,11
L9.GACCAATCACGCCAGT-1,3,3,3,3,13,2,3,3,0
L9.GACAGAGGTGTCGCTG-1,3,29,3,3,2,2,3,3,0
L9.GACAGAGCAGTAGAGC-1,3,33,3,3,2,2,3,3,0
L9.GACAGAGAGGCAGTCA-1,3,56,3,3,-1,2,3,3,2
L9.GAATAAGGTTGGTTTG-1,3,0,3,3,2,15,3,3,0
L9.GAAGCAGTCGCTTAGA-1,2,2,24,2,2,0,2,2,0
L9.GAACGGATCAATAAGG-1,3,4,3,3,2,2,3,3,55
L9.GAACCTAAGTAGCGGT-1,3,57,3,3,2,2,3,3,2
L9.GAACATCTCTCTAGGA-1,3,0,-1,-1,-1,-1,2,2,2
L9.GAACATCAGGTAGCTG-1,3,58,3,3,2,2,3,3,5
L9.GAAATGATCTACTATC-1,2,2,8,9,2,0,2,2,44
L9.GAAATGACAACCGCCA-1,3,3,3,3,4,2,3,3,2
L9.GAAATGAAGTGAAGAG-1,3,11,3,3,2,2,3,3,5
L9.GAAACTCTCAGTACGT-1,3,59,3,3,2,2,3,3,0
L9.CTTTGCGCATGGTCTA-1,3,39,3,3,2,2,3,3,33
L9.CTTCTCTTCTCTTGAT-1,3,35,3,3,4,2,3,3,0
L9.CTTCTCTCACGGTAGA-1,-1,-1,12,2,2,10,2,2,0
L9.CTTACCGGTCTTTCAT-1,5,27,5,0,10,-1,0,4,23
L9.CTGCGGATCCCACTTG-1,3,3,3,3,2,0,3,3,0
L9.CTGCGGAGTTCAGACT-1,3,60,3,3,2,2,3,3,0
L9.CTGCGGAGTAGGCTGA-1,11,0,25,0,2,2,2,2,0
L9.CTGCCTAGTCAGAAGC-1,2,2,11,2,2,0,2,-1,-1
L9.CTGCCTAAGTACGCGA-1,3,0,3,3,2,2,3,3,64
L9.CTGATCCGTTCCACAA-1,3,3,-1,-1,-1,2,3,3,0
L9.CTGAAGTGTTCCACAA-1,2,2,-1,-1,2,2,3,3,0
L9.CTGAAACTCACATGCA-1,3,0,3,3,2,2,3,3,65
L9.CTGAAACTCAAACGGG-1,3,0,3,3,2,0,3,3,0
L9.CTGAAACCATTCTTAC-1,7,61,12,7,7,0,5,-1,-1
L9.CTGAAACCATGGGAAC-1,3,44,3,3,2,2,3,3,33
L9.CTCTGGTAGTCGCCGT-1,2,2,24,2,2,0,2,-1,-1
L9.CTCTACGGTAGGCATG-1,2,2,-1,-1,2,23,2,2,0
L9.CTCTAATTCTCCAACC-1,2,2,-1,-1,3,0,2,2,46
L9.CTCGTCAAGGCTAGAC-1,2,2,26,2,2,2,2,2,57
L9.CTCGTCAAGATAGGAG-1,2,2,0,2,2,0,2,2,19
L9.CTCGGGACAGCTTAAC-1,3,4,3,3,2,2,3,3,66
L9.CTCGGAGTCCTTGACC-1,3,0,3,3,2,2,3,3,10
L9.CTCGGAGAGAATGTGT-1,2,2,3,10,2,0,2,2,4
L9.CTCGAGGCATGCCTAA-1,-1,-1,3,3,2,0,2,2,2
L9.CTCGAGGCAGGGCATA-1,2,2,4,2,2,0,2,2,5
L9.CTCGAAACAAACTGTC-1,3,2,3,3,2,2,3,3,33
L9.CTCGAAAAGATCCCAT-1,2,2,3,3,2,2,3,3,67
L9.CTCCTAGTCAACACTG-1,3,12,3,3,2,2,3,-1,-1
L9.CTCATTACACGAAACG-1,3,0,3,3,2,2,3,3,68
L9.CTCAGAAGTCGCGTGT-1,-1,-1,2,2,2,-1,2,2,2
L9.CTCAGAAAGAGTAATC-1,5,27,5,7,2,-1,7,4,23
L9.CTAGAGTCAGCGAACA-1,2,2,6,2,2,0,2,2,28
L9.CTACATTAGCTCCTTC-1,2,2,12,2,2,0,2,2,10
L9.CTAATGGCAAGTCATC-1,3,42,3,3,2,2,3,3,0
L9.CTAATGGAGCGTTTAC-1,2,2,2,2,-1,-1,2,2,2
L9.CTAAGACGTCATACTG-1,2,2,2,2,2,27,2,2,2
L9.CTAAGACCACCAACCG-1,3,12,-1,-1,2,2,3,3,0
L9.CTAACTTAGTGTGGCA-1,2,2,27,2,2,0,2,2,0
L9.CGTTGGGTCAAACCAC-1,2,2,28,2,2,0,2,2,0
L9.CGTTGGGCAGATGGCA-1,-1,-1,3,3,2,2,3,3,10
L9.CGTTCTGTCCTTCAAT-1,2,2,2,2,6,0,2,-1,-1
L9.CGTTCTGGTTTGTTTC-1,2,2,-1,-1,2,0,2,2,4
L9.CGTTCTGAGATATGCA-1,3,45,3,3,2,2,3,3,0
L9.CGTTAGACACGAGGTA-1,3,2,3,3,2,2,3,3,12
L9.CGTGAGCGTATTCTCT-1,3,62,3,3,2,2,3,3,0
L9.CGTGAGCAGACTAGAT-1,2,2,5,2,2,0,2,2,69
L9.CGTCCATTCCTGCAGG-1,2,2,15,2,2,0,2,2,0
L9.CGTAGGCGTAACGACG-1,2,2,-1,-1,2,0,2,2,16
L9.CGTAGGCCATGGTTGT-1,3,35,3,3,2,2,3,3,4
L9.CGTAGGCCATACGCTA-1,3,63,3,3,2,2,3,3,0
L9.CGTAGCGGTAGCTAAA-1,5,27,5,0,5,-1,7,4,23
L9.CGGTTAATCAGTTGAC-1,2,2,3,3,2,0,2,2,15
L9.CGGGTCATCTTATCTG-1,3,64,3,3,2,2,3,3,0
L9.CGGGTCAGTGCATCTA-1,3,21,3,3,2,2,3,3,24
L9.CGGCTAGTCACCGTAA-1,2,2,22,2,2,0,2,2,0
L9.CGGAGTCGTAATCGTC-1,2,2,2,2,2,0,2,2,24
L9.CGGAGTCAGCCCTAAT-1,3,0,3,3,2,2,3,3,70
L9.CGGAGCTAGCTACCTA-1,3,3,3,3,2,2,3,3,31
L9.CGGACTGTCTCCAGGG-1,2,2,4,2,2,0,2,2,24
L9.CGGACTGAGCTAGTGG-1,3,38,3,3,2,2,3,3,71
L9.CGGACGTTCCGCATAA-1,3,0,3,3,2,2,3,3,72
L9.CGGACGTGTGCGATAG-1,3,3,3,3,-1,2,3,-1,-1
L9.CGGACGTGTGACTCAT-1,3,35,3,3,2,2,3,3,45
L9.CGCTGGAGTGTGGTTT-1,3,4,3,3,2,2,3,3,46
L9.CGCTGGACAGGTGCCT-1,2,2,3,3,2,0,2,2,73
L9.CGCTATCCAGGCTGAA-1,2,2,2,2,14,0,2,2,2
L9.CGCGTTTGTGTGAATA-1,3,56,3,3,2,2,3,3,2
L9.CGCGTTTGTGATGTGG-1,3,65,3,3,2,2,3,3,74
L9.CGATTGATCCGCAAGC-1,3,3,3,3,2,2,3,3,75
L9.CGATCGGGTTCCCTTG-1,3,66,3,3,2,2,3,3,0
L9.CGAGCCATCGAGCCCA-1,3,3,3,3,2,2,3,3,76
L9.CGAGCACGTCGCGAAA-1,2,2,-1,-1,2,0,2,2,77
L9.CGAGCACGTCAAGCGA-1,3,35,3,3,2,2,3,3,11
L9.CGAGAAGTCAGATAAG-1,2,2,-1,-1,2,4,2,2,27
L9.CGACTTCCAAACAACA-1,3,0,3,3,2,2,3,3,78
L9.CGACCTTTCTGTTTGT-1,3,2,3,3,2,2,3,3,4
L9.CGACCTTTCTAACGGT-1,2,2,13,2,2,0,2,2,24
L9.CGAATGTCATGTTGAC-1,3,4,3,3,2,17,3,3,0
L9.CGAATGTAGCGATATA-1,3,3,3,3,2,2,3,3,21
L9.CGAATGTAGATGAGAG-1,2,2,14,5,2,0,2,2,5
L9.CGAACATGTTGCCTCT-1,2,2,2,2,2,28,2,2,2
L9.CCTTTCTGTGTGACGA-1,3,67,3,3,2,2,3,3,0
L9.CCTTCCCTCATAGCAC-1,3,12,3,3,2,2,3,3,5
L9.CCTTCCCGTCTCATCC-1,-1,-1,3,3,2,2,3,3,4
L9.CCTTCCCCAGTCGTGC-1,2,2,13,2,2,0,2,2,5
L9.CCTTCCCCAGTATAAG-1,3,63,3,3,4,2,3,3,2
L9.CCTTACGGTCGTCTTC-1,3,0,3,3,2,2,3,3,79
L9.CCTCAGTAGAGCAATT-1,2,2,-1,-1,-1,0,2,2,21
L9.CCTATTATCCAAGTAC-1,2,2,2,2,2,29,2,2,2
L9.CCTAGCTTCAATAAGG-1,3,2,3,3,2,2,3,-1,-1
L9.CCTAGCTAGTGGAGTC-1,3,39,-1,-1,2,2,3,3,0
L9.CCTACACCACCCTATC-1,2,2,5,2,6,0,2,2,4
L9.CCTAAAGTCCGTCATC-1,2,2,-1,-1,2,16,2,-1,-1
L9.CCTAAAGCACTGTTAG-1,2,2,12,2,2,2,2,2,80
L9.CCTAAAGAGACATAAC-1,3,0,-1,-1,2,2,3,-1,-1
L9.CCGTGGATCAGAGACG-1,2,2,10,2,2,0,2,3,0
L9.CCGTGGAGTTCGTGAT-1,3,10,3,3,2,2,3,3,7
L9.CCGTACTAGACGACGT-1,3,68,3,3,2,2,3,3,0
L9.CCGGGATTCCTGCAGG-1,2,2,14,5,-1,0,2,2,0
L9.CCCTCCTTCTGTTTGT-1,2,2,29,2,2,0,2,2,24
L9.CCCTCCTAGGCGACAT-1,3,0,3,3,15,2,3,3,50
L9.CCATTCGCACCGAAAG-1,3,0,3,3,2,30,3,3,0
L9.CCATTCGAGTGAACGC-1,3,0,3,3,2,31,3,3,0
L9.CCATGTCTCTCTGTCG-1,2,2,2,2,2,32,2,2,2
L9.CCAGCGAGTCCGAAGA-1,3,4,3,3,2,2,3,3,24
L9.CCACTACGTCGCGTGT-1,3,3,3,3,2,2,3,3,81
L9.CCACTACGTCCGCTGA-1,2,2,5,2,2,2,2,2,22
L9.CCACTACAGACGCACA-1,3,3,3,3,2,2,3,3,50
L9.CCACGGATCGTCCGTT-1,3,69,3,3,2,2,3,3,0
L9.CATTCGCTCATAGCAC-1,2,2,-1,-1,2,0,2,2,15
L9.CATTATCAGGAGTTTA-1,2,2,11,2,2,0,2,2,15
L9.CATGGCGAGTGACTCT-1,4,5,3,3,2,2,3,3,13
L9.CATGCCTCACTTAACG-1,3,3,3,3,2,2,3,3,28
L9.CATGACAGTTGGACCC-1,3,3,3,3,2,2,3,3,24
L9.CATCGAATCCGAGCCA-1,2,2,-1,-1,2,0,2,2,49
L9.CATCCACTCGACGGAA-1,5,13,5,9,5,-1,4,4,23
L9.CAGTCCTCATTGAGCT-1,3,4,3,3,2,2,3,3,82
L9.CAGTCCTCATGCCCGA-1,3,4,3,3,2,2,3,3,72
L9.CAGTAACCACCGAAAG-1,3,0,3,3,2,2,3,3,39
L9.CAGTAACAGAGGGCTT-1,-1,-1,3,3,2,2,3,-1,-1
L9.CAGCTGGGTCTCCACT-1,2,2,2,2,2,-1,-1,2,2
L9.CAGCTAATCTAAGCCA-1,3,70,3,3,2,2,3,3,0
L9.CAGCTAAGTACAAGTA-1,3,71,3,3,2,2,3,3,0
L9.CAGCGACTCCTATTCA-1,2,2,2,2,2,33,2,2,2
L9.CAGCCGATCGATCCCT-1,2,2,13,2,2,0,2,2,4
L9.CAGCCGAGTTTGACTG-1,-1,-1,-1,-1,2,2,3,3,9
L9.CAGCCGAGTCCATGAT-1,2,2,2,2,2,2,2,2,2
L9.CAGCCGAAGACCACGA-1,3,36,3,3,2,2,3,3,0
L9.CAGATCATCAGGTAAA-1,3,0,3,3,2,2,3,3,83
L9.CAGATCAGTTCTGTTT-1,3,21,3,3,2,2,3,3,11
L9.CAGAGAGCATGGGACA-1,3,12,3,3,2,2,3,3,21
L9.CACTCCACACCATCCT-1,2,2,-1,-1,2,0,2,2,24
L9.CACTCCAAGAGCCCAA-1,2,2,12,2,2,8,2,2,0
L9.CACCTTGGTCCTCCAT-1,3,0,3,3,2,2,3,3,84
L9.CACCTTGCAACACCTA-1,3,0,3,3,2,2,3,3,85
L9.CACCAGGTCGTCCAGG-1,2,2,4,2,2,0,2,2,7
L9.CACCAGGCACCAACCG-1,3,72,3,3,2,2,3,3,0
L9.CACCACTTCAAACAAG-1,3,2,3,3,2,15,3,3,0
L9.CACCACTGTGCAACTT-1,3,0,3,3,2,2,3,3,34
L9.CACACTCCATAAGACA-1,3,4,3,3,2,2,3,3,86
L9.CACACTCCAGCCAGAA-1,-1,-1,3,3,4,2,3,3,7
L9.CACACTCCAAGTTCTG-1,2,2,5,2,2,0,2,2,7
L9.CACACAATCTCGCTTG-1,5,27,5,11,2,2,7,4,23
L9.CACACAAAGAAGGTTT-1,2,2,12,2,2,2,2,2,2
L9.CACAAACTCCGCGCAA-1,3,56,3,3,2,2,3,3,0
L9.CAAGTTGTCGCGTTTC-1,2,2,30,2,2,0,2,2,0
L9.CAACTAGGTTCGTCTC-1,2,2,5,2,2,0,2,-1,-1
L9.CAACCTCCACCACGTG-1,2,2,-1,-1,2,26,2,2,2
L9.CAACCAATCTGACCTC-1,2,2,21,2,2,0,2,2,13
L9.ATTTCTGTCGGCGGTT-1,3,35,3,3,2,2,3,3,28
L9.ATTTCTGAGGCAGTCA-1,3,3,3,3,2,2,3,6,55
L9.ATTGGACCACGCGAAA-1,-1,-1,-1,-1,2,0,2,2,2
L9.ATTGGACAGACGCTTT-1,5,10,5,4,2,-1,8,2,2
L9.ATTCTACAGGACATTA-1,3,2,3,3,2,2,3,3,19
L9.ATGTGTGGTAGGGTAC-1,2,2,25,2,2,0,2,2,0
L9.ATGTGTGCACAACTGT-1,2,2,5,2,2,0,2,2,87
L9.ATGAGGGGTCTCTCGT-1,3,0,-1,-1,2,2,3,3,2
L9.ATCTACTCATGTCGAT-1,3,3,3,3,2,2,3,3,27
L9.ATCTACTAGCGTAGTG-1,2,2,31,2,2,0,2,2,0
L9.ATCGAGTCAGATCGGA-1,3,44,3,3,2,2,3,3,15
L9.ATCATGGAGCTAACTC-1,2,2,2,2,2,0,2,2,5
L9.ATCATCTTCAGGCCCA-1,3,2,3,3,2,2,3,3,11
L9.ATCACGAGTCTTTCAT-1,2,2,2,2,2,34,2,2,2
L9.ATCACGAGTCTAGTGT-1,3,0,3,3,2,2,3,3,88
L9.ATAGACCTCGGTTAAC-1,2,2,5,2,2,0,2,2,53
L9.ATAGACCCACGTTGGC-1,2,2,-1,-1,3,35,2,2,0
L9.ATAGACCCACGGCTAC-1,3,2,3,3,2,2,3,3,89
L9.AGTTGGTTCAACACTG-1,3,13,3,3,2,2,3,3,7
L9.AGTGTCAGTGTGAAAT-1,3,59,3,3,2,2,3,3,2
L9.AGTGGGAGTTCCAACA-1,2,2,-1,-1,2,0,2,7,0
L9.AGTGAGGAGACTTGAA-1,3,0,3,3,2,2,3,3,62
L9.AGTAGTCTCTGCCAGG-1,2,2,2,2,2,23,2,2,2
L9.AGTAGTCAGCTACCTA-1,2,2,2,2,2,36,2,2,2
L9.AGTAGTCAGCGTCAAG-1,3,4,3,3,2,12,3,3,0
L9.AGGTCATCATGCATGT-1,3,44,3,3,2,2,3,3,0
L9.AGGCCGTTCTTAGCCC-1,3,0,2,2,-1,2,3,3,4
L9.AGGCCACTCGAACTGT-1,2,2,12,2,2,2,2,2,10
L9.AGCTCTCCATCTACGA-1,3,0,3,3,9,2,3,3,0
L9.AGCTCTCCATCAGTCA-1,2,2,15,2,2,8,2,2,90
L9.AGCGTATTCATCTGCC-1,2,2,21,2,2,37,2,2,5
L9.AGCCTAAAGTGTCCCG-1,3,3,3,3,2,2,3,3,53
L9.AGCCTAAAGATCTGCT-1,2,2,-1,-1,2,2,3,3,2
L9.AGCATACCACTGAAGG-1,4,5,3,3,-1,2,3,3,0
L9.AGCAGCCTCTCCGGTT-1,3,73,3,3,2,2,3,3,0
L9.AGCAGCCGTAAATACG-1,2,2,-1,-1,-1,0,2,-1,-1
L9.AGATTGCAGTTTGCGT-1,2,2,12,2,2,2,2,2,69
L9.AGAGTGGAGACCGGAT-1,3,0,-1,-1,2,2,3,3,7
L9.AGACGTTTCACGAAGG-1,3,4,-1,-1,2,2,3,3,2
L9.AGACGTTGTCAACATC-1,2,2,2,2,-1,0,2,-1,-1
L9.ACTTTCATCAAACGGG-1,-1,-1,2,2,-1,-1,2,-1,-1
L9.ACTTTCAAGTATGACA-1,3,39,3,3,2,2,3,3,17
L9.ACTTGTTGTACCATCA-1,2,2,3,3,2,38,2,2,0
L9.ACTTGTTAGTACGTAA-1,2,2,32,2,2,0,2,2,0
L9.ACTTGTTAGGCCATAG-1,2,2,33,2,2,0,2,2,0
L9.ACTTACTTCCGTACAA-1,3,74,3,3,2,2,3,3,0
L9.ACTGCTCAGACGCTTT-1,2,2,5,2,-1,0,2,2,0
L9.ACGTCAAAGTTCGCAT-1,2,2,3,3,2,0,2,2,11
L9.ACGTCAAAGATGGGTC-1,3,3,3,3,2,2,3,3,91
L9.ACGGGCTGTAAGTAGT-1,2,2,2,2,2,16,2,2,2
L9.ACGGCCATCCCGACTT-1,3,0,3,3,2,2,3,3,75
L9.ACGGCCAAGTGACTCT-1,-1,-1,2,2,2,0,2,-1,-1
L9.ACGCCAGGTCCGAACC-1,2,2,15,2,2,0,2,3,0
L9.ACGATACTCCACGTGG-1,3,35,3,3,4,2,3,3,33
L9.ACGATACTCAGATAAG-1,2,2,3,3,3,0,2,2,0
L9.ACGATACGTTCGAATC-1,2,2,9,2,2,8,2,2,14
L9.ACGATACAGTGTGAAT-1,3,74,3,3,2,2,3,3,13
L9.ACCTTTATCGCTTGTC-1,2,2,12,2,2,8,2,2,2
L9.ACCTTTAGTTTAGGAA-1,3,2,3,3,2,2,3,3,21
L9.ACCTTTAGTCAAACTC-1,3,3,2,2,2,0,2,2,2
L9.ACCGTAATCAGCTCTC-1,2,2,0,2,2,25,2,2,0
L9.ACCCACTCACGGCGTT-1,3,0,3,3,3,2,3,3,0
L9.ACCCACTAGCGTGTCC-1,3,10,3,3,2,2,3,3,33
L9.ACCAGTATCTGCGACG-1,5,13,5,0,5,2,4,4,23
L9.ACATGGTAGAAGGGTA-1,3,0,3,3,2,2,3,3,92
L9.ACATCAGCAGCTCCGA-1,3,0,3,3,2,2,3,3,93
L9.ACAGCCGGTCAGAGGT-1,3,75,3,3,2,2,3,3,2
L9.ACACCGGAGCCGATTT-1,3,3,3,3,2,2,3,3,94
L9.ACACCAAAGCTAGGCA-1,3,0,3,3,15,2,3,3,0
L9.AATCGGTGTGGTCTCG-1,3,3,3,3,2,2,3,3,36
L9.AATCGGTCACGTGAGA-1,2,2,-1,-1,2,8,2,2,27
L9.AATCCAGTCTAGAGTC-1,-1,-1,-1,-1,2,0,2,-1,-1
L9.AATCCAGTCCGCTGTT-1,3,0,3,3,16,2,3,3,5
L9.AAGGCAGGTTCCCTTG-1,2,2,4,2,2,4,2,2,0
L9.AAGGCAGAGAGACGAA-1,3,4,3,3,2,2,3,3,44
L9.AAGGAGCTCGGCTTGG-1,3,76,3,3,2,2,3,3,2
L9.AAGGAGCAGCGCTCCA-1,-1,-1,3,3,2,2,3,3,95
L9.AAGCCGCGTAGCGATG-1,2,2,2,2,-1,25,2,2,2
L9.AAGACCTTCAGAGCTT-1,3,0,3,3,2,2,3,3,76
L9.AAGACCTCAATAGAGT-1,3,28,3,3,2,2,3,3,24
L9.AACTCCCGTCTCTTTA-1,3,39,3,3,2,2,3,3,12
L9.AACGTTGCATATGCTG-1,2,2,15,2,2,9,2,2,0
L9.AACGTTGAGGTCGGAT-1,7,2,12,7,7,0,5,5,0
L9.AACACGTTCACCACCT-1,2,2,12,2,7,2,2,2,0
L9.AAAGCAACAGGACGTA-1,2,2,4,2,6,0,2,2,37
L9.AAACCTGAGTAGGTGC-1,3,44,3,3,2,2,3,3,5
L8.TTTGTCACATCTGGTA-1,2,2,-1,-1,2,0,2,3,0
L8.TTTGTCACAGGATTGG-1,3,65,3,3,2,2,3,3,0
L8.TTTGGTTGTCTGCAAT-1,3,2,3,3,-1,2,3,-1,-1
L8.TTTGCGCTCTAACTCT-1,3,0,-1,-1,2,-1,3,-1,-1
L8.TTTCCTCTCTTCAACT-1,3,36,-1,-1,2,-1,3,3,4
L8.TTTCCTCTCGTCACGG-1,3,77,3,3,2,2,3,3,0
L8.TTTATGCCAATGACCT-1,3,0,3,3,2,39,3,3,0
L8.TTTACTGGTTACAGAA-1,3,3,-1,-1,-1,-1,3,3,0
L8.TTGGCAAAGGTCGGAT-1,3,0,3,3,5,2,3,3,0
L8.TTCTCCTGTTTCGCTC-1,-1,-1,-1,-1,-1,2,3,3,0
L8.TTCTCAACACCAGATT-1,3,0,3,3,2,17,3,-1,-1
L8.TTCTACAAGCAGCCTC-1,12,78,34,9,2,40,6,-1,-1
L8.TTCGGTCGTGATGTCT-1,5,79,-1,-1,17,41,9,-1,-1
L8.TTAGGACGTAGCAAAT-1,3,0,-1,-1,2,-1,3,3,96
L8.TTAACTCTCGGAATCT-1,3,0,3,3,2,2,3,3,97
L8.TGTGGTATCTTTAGGG-1,3,0,3,3,2,2,3,3,98
L8.TGGTTCCCATGCCACG-1,3,0,3,3,2,2,3,3,67
L8.TGGGAAGAGCGTTTAC-1,3,0,3,3,2,2,3,3,99
L8.TGCTGCTCATAGGATA-1,3,80,3,3,2,2,3,3,100
L8.TGCTACCAGGATATAC-1,3,32,3,3,2,2,3,3,2
L8.TGCTACCAGACAGAGA-1,3,0,3,3,2,-1,3,-1,-1
L8.TGCGTGGAGAAACGAG-1,13,0,3,3,2,2,3,-1,-1
L8.TGCCCTAGTCCTAGCG-1,3,81,3,3,2,2,3,3,0
L8.TGATTTCTCACCCGAG-1,3,11,3,3,2,2,3,3,2
L8.TGAGCCGCACTTAACG-1,3,82,3,3,2,2,3,3,2
L8.TGAGCCGAGTATGACA-1,3,83,3,3,2,2,3,3,0
L8.TGACTTTGTTAAGTAG-1,3,0,3,3,18,2,3,3,0
L8.TGACTAGGTTAGATGA-1,5,27,5,0,7,-1,7,4,23
L8.TGAAAGATCAAGAAGT-1,3,0,3,3,2,2,3,3,101
L8.TCTTCGGCACAGGCCT-1,3,0,-1,-1,-1,-1,3,3,0
L8.TCTGGAATCTGGCGAC-1,3,39,3,3,2,2,3,3,2
L8.TCTCATATCTTGAGAC-1,2,2,-1,-1,2,42,2,2,55
L8.TCTATTGCACATCCAA-1,3,0,3,3,19,2,3,3,0
L8.TCGAGGCGTATAAACG-1,14,44,-1,-1,8,43,6,8,102
L8.TCCACACCAAGGACTG-1,3,0,-1,-1,2,2,3,3,103
L8.TCAGGTACATTAACCG-1,3,54,3,3,-1,-1,3,3,0
L8.TCAGGATAGACCTAGG-1,6,3,12,6,2,44,0,-1,-1
L8.TCAGCAATCGTCTGCT-1,3,3,3,3,2,2,3,3,37
L8.TCACGAATCCCATTAT-1,14,44,-1,-1,8,43,6,3,5
L8.TAGTGGTGTACCGTTA-1,3,0,-1,-1,-1,-1,3,-1,-1
L8.TACTTGTGTGTAAGTA-1,3,36,3,3,2,2,3,3,7
L8.TACTTGTAGACACGAC-1,3,2,3,3,2,2,3,3,5
L8.TACTTACAGGCAGGTT-1,3,2,-1,-1,2,2,3,3,0
L8.TACGGGCGTCGAAAGC-1,3,0,3,3,2,2,3,3,104
L8.TACGGGCCACGAAACG-1,3,0,-1,-1,-1,2,3,3,0
L8.TACGGATCATGTTCCC-1,3,0,3,3,5,-1,3,3,0
L8.TACGGATAGGGAACGG-1,0,35,34,12,2,40,3,4,23
L8.TACCTATGTGTGCGTC-1,-1,-1,-1,-1,2,2,3,-1,-1
L8.TAAGAGATCTGAGTGT-1,3,0,-1,-1,-1,-1,3,3,21
L8.GTTTCTAAGAAACGAG-1,-1,-1,-1,-1,-1,2,3,-1,-1
L8.GTTCTCGCACAACGCC-1,3,2,-1,-1,-1,2,3,3,11
L8.GTTACAGTCCAATGGT-1,3,45,3,3,2,2,3,3,2
L8.GTGGGTCCATCACGAT-1,3,0,3,3,2,2,3,3,105
L8.GTGCATATCTAGCACA-1,2,2,-1,-1,2,2,2,2,0
L8.GTGCAGCTCGTTGACA-1,3,84,3,3,2,2,3,3,0
L8.GTCCTCAGTAGCGCAA-1,3,3,-1,-1,2,2,3,3,5
L8.GTCACAATCCTCTAGC-1,-1,-1,3,3,-1,2,3,-1,-1
L8.GTCAAGTGTTCCACAA-1,3,0,-1,-1,2,2,2,3,0
L8.GTATTCTCACGGTAGA-1,-1,-1,3,3,2,2,3,3,8
L8.GTACTTTAGATATGGT-1,3,0,-1,-1,-1,2,3,-1,-1
L8.GTACGTAGTGGTACAG-1,-1,-1,3,3,-1,2,3,3,2
L8.GTACGTACATGGATGG-1,3,10,3,3,2,2,3,3,106
L8.GTACGTAAGTTAACGA-1,3,38,3,3,2,2,3,3,2
L8.GGGCACTAGTCCGTAT-1,3,85,3,3,2,2,3,3,2
L8.GGGAGATTCTAACGGT-1,3,3,3,3,20,2,3,3,0
L8.GGGAGATGTATAGGTA-1,-1,-1,3,3,2,17,3,3,0
L8.GGGAGATCAGCGTAAG-1,3,2,3,3,2,2,3,3,70
L8.GGCGTGTAGCATCATC-1,3,2,3,3,2,2,3,3,69
L8.GGCCGATTCGTGTAGT-1,3,0,3,3,2,-1,3,3,5
L8.GGCCGATGTGAGTGAC-1,3,0,3,3,2,2,3,3,107
L8.GGATTACGTTATCGGT-1,3,35,-1,-1,2,2,-1,3,0
L8.GGAGCAAAGCTCCCAG-1,3,41,3,3,2,2,3,3,108
L8.GGACAGAGTTAAGGGC-1,3,0,3,3,2,2,3,3,8
L8.GGAACTTAGACAGACC-1,3,3,3,3,2,17,3,-1,-1
L8.GCTTGAAGTTACGTCA-1,2,2,3,3,-1,0,2,2,0
L8.GCTGGGTCACGAAAGC-1,3,11,-1,-1,2,2,3,-1,-1
L8.GCTGGGTAGCCCAGCT-1,3,0,3,3,2,-1,3,3,2
L8.GCTCCTAGTTCGTGAT-1,-1,-1,-1,-1,8,18,6,8,102
L8.GCGGGTTGTCCAGTGC-1,3,86,3,3,2,2,3,3,0
L8.GCATGTAGTAAGTTCC-1,3,75,3,3,2,2,3,3,0
L8.GCATGATTCCTAGGGC-1,3,0,3,3,13,2,3,3,2
L8.GCAGTTACAATGGATA-1,2,2,35,2,2,0,2,2,0
L8.GCAGCCAAGTCTCAAC-1,5,27,5,13,2,-1,7,4,23
L8.GCACTCTGTTTGACTG-1,3,87,3,3,-1,2,3,3,0
L8.GCACATAGTATAGGGC-1,3,11,-1,-1,2,-1,3,3,0
L8.GCAAACTAGAATAGGG-1,-1,-1,3,3,-1,2,3,3,0
L8.GATCTAGTCTGGCGTG-1,3,88,3,3,2,2,3,3,0
L8.GATCTAGTCCAGATCA-1,3,81,3,3,2,-1,3,3,0
L8.GAGGTGATCCGCGTTT-1,3,3,3,3,2,2,3,3,70
L8.GAGGTGACACATCCGG-1,3,89,3,3,2,2,3,3,0
L8.GACTGCGTCTCTTGAT-1,3,45,3,3,2,2,3,3,5
L8.GACGTGCTCGAACGGA-1,5,0,5,14,2,-1,8,-1,-1
L8.GACGTGCAGAATAGGG-1,3,90,3,3,2,2,3,3,0
L8.GACGGCTGTGTGGTTT-1,-1,-1,-1,-1,2,0,2,2,109
L8.GACACGCAGCTACCGC-1,3,80,3,3,2,2,3,3,0
L8.GAAGCAGTCCCTCAGT-1,3,38,3,3,2,2,3,3,11
L8.GAAACTCTCATACGGT-1,3,91,3,3,2,2,3,3,0
L8.CTTGGCTGTACGAAAT-1,-1,-1,3,3,2,-1,3,3,0
L8.CTTCTCTTCTCCGGTT-1,3,92,3,3,2,2,3,3,0
L8.CTTAGGATCACTCTTA-1,3,56,3,3,2,2,3,3,5
L8.CTGTTTATCTGCCCTA-1,3,3,3,3,-1,-1,3,-1,-1
L8.CTCTGGTAGGGATCTG-1,3,93,3,3,2,2,3,3,2
L8.CTCTAATGTACCAGTT-1,3,3,-1,-1,2,2,3,3,12
L8.CTCGGAGCAAACCTAC-1,3,77,3,3,2,2,3,3,110
L8.CTCGAGGTCTGCGGCA-1,3,94,3,3,2,2,3,3,0
L8.CTCGAGGCATGGGAAC-1,3,10,3,3,2,2,3,-1,-1
L8.CTCATTAGTTTGTTGG-1,15,79,27,0,17,26,3,5,111
L8.CTCACACCAAACCTAC-1,3,41,3,3,2,2,3,3,4
L8.CTAGAGTTCTTCCTTC-1,3,0,3,3,2,2,-1,3,0
L8.CTACGTCAGAAACCGC-1,3,0,3,15,2,2,3,-1,-1
L8.CTACATTTCCAAACTG-1,3,0,-1,-1,-1,2,3,3,2
L8.CGTTAGACAGTGGGAT-1,3,0,3,3,2,2,3,3,112
L8.CGTGTCTCAGCATACT-1,3,51,3,3,2,2,3,3,5
L8.CGTCCATCACACGCTG-1,3,95,3,3,2,2,3,3,0
L8.CGTCACTCACGAAATA-1,3,0,3,3,2,2,3,3,53
L8.CGGAGTCTCGTGTAGT-1,3,17,3,3,2,2,3,3,13
L8.CGGAGCTTCGGAAATA-1,16,3,36,16,0,2,10,9,0
L8.CGGACACTCTCTGCTG-1,5,13,5,17,-1,-1,3,4,23
L8.CGCTTCACACCTGGTG-1,3,96,3,3,2,2,3,3,0
L8.CGCCAAGTCCCATTAT-1,3,2,3,3,5,2,3,3,0
L8.CGATGTAAGGAGCGTT-1,2,2,37,2,2,0,2,2,0
L8.CGATCGGCATACTACG-1,3,0,3,3,2,2,3,3,113
L8.CGACTTCAGACCTAGG-1,2,2,-1,-1,2,0,2,2,114
L8.CGACCTTGTGATAAAC-1,3,10,-1,-1,2,2,3,3,106
L8.CGAATGTTCCTTAATC-1,3,0,-1,-1,2,-1,-1,3,0
L8.CCTCTGAAGTGGGCTA-1,3,0,3,3,-1,-1,3,3,0
L8.CCTACCAGTCAGAATA-1,3,97,3,3,2,2,3,3,0
L8.CCTACACAGGTGCAAC-1,-1,-1,-1,-1,2,0,3,2,0
L8.CCTAAAGAGACTAGAT-1,3,0,3,3,2,2,3,3,115
L8.CCGTACTCAGCTGCTG-1,17,5,-1,-1,2,0,2,2,0
L8.CCGGTAGTCAGATAAG-1,3,98,3,3,2,2,3,3,0
L8.CCGGGATCACCTGGTG-1,3,76,3,3,2,17,3,3,5
L8.CCGGGATAGTGACTCT-1,-1,-1,3,3,2,-1,3,-1,-1
L8.CCCATACAGATCTGCT-1,3,42,3,3,2,2,3,3,7
L8.CCACTACAGTCTCGGC-1,-1,-1,-1,-1,2,2,3,3,7
L8.CATTCGCCAGCGTCCA-1,3,99,3,3,2,2,3,3,0
L8.CATTATCTCAGCGATT-1,3,2,-1,-1,-1,2,3,3,0
L8.CATTATCCATCCTAGA-1,3,35,-1,-1,2,2,3,3,2
L8.CATCGGGAGGCTCATT-1,3,2,3,3,2,2,3,3,7
L8.CATATTCGTCTAAACC-1,-1,-1,-1,-1,2,-1,3,-1,-1
L8.CAGCTAACAAACTGTC-1,3,0,3,3,-1,2,3,3,2
L8.CACCAGGTCTACTTAC-1,2,2,12,2,2,4,2,2,0
L8.CAAGTTGCATATGGTC-1,3,0,3,3,2,2,3,3,49
L8.CAAGGCCCACCCAGTG-1,3,100,3,3,2,2,3,3,0
L8.CAAGATCGTGCCTGGT-1,5,101,15,9,2,17,6,3,0
L8.CAAGAAAGTCGCGGTT-1,3,2,3,3,2,2,2,3,0
L8.CAAGAAACAAGCCATT-1,3,0,-1,-1,4,2,3,3,0
L8.CAACTAGCATAGGATA-1,3,0,-1,-1,2,2,3,3,92
L8.CAACCAAGTGTCGCTG-1,3,102,3,3,2,2,3,3,2
L8.ATTATCCGTGATGATA-1,3,2,3,3,2,17,3,3,0
L8.ATGTGTGTCGTGGACC-1,15,79,27,0,17,-1,-1,5,111
L8.ATGTGTGCAATGTAAG-1,3,103,3,3,2,2,3,3,0
L8.ATCTGCCGTTGATTGC-1,3,3,3,3,2,2,3,3,116
L8.ATCCGAAAGCGATATA-1,3,104,3,3,2,2,3,3,0
L8.AGTTGGTGTCTGCGGT-1,3,0,3,3,-1,2,3,3,7
L8.AGGTCCGTCCCTGACT-1,3,0,-1,-1,2,45,3,3,0
L8.AGGGAGTCACTGAAGG-1,2,2,-1,-1,2,46,2,2,0
L8.AGGCCACGTGTTCGAT-1,15,79,27,0,17,26,3,-1,-1
L8.AGCTCTCGTAGCAAAT-1,3,0,3,3,2,2,3,3,117
L8.AGCTCTCCATGAACCT-1,5,79,27,0,17,15,-1,5,111
L8.AGCCTAAAGCGAGAAA-1,3,0,3,3,2,2,3,3,95
L8.AGCAGCCAGGCGATAC-1,3,3,3,3,2,2,3,2,2
L8.AGATTGCTCTGGCGAC-1,3,0,5,0,5,-1,4,4,23
L8.ACTGAGTCAAAGCAAT-1,3,0,3,3,2,2,3,3,118
L8.ACTATCTTCTTGCAAG-1,3,0,3,3,2,2,3,3,119
L8.ACGGGTCAGGTGCACA-1,3,0,3,3,2,2,3,3,120
L8.ACGGCCATCAGGTTCA-1,3,54,3,3,2,2,3,3,4
L8.ACGGCCAGTAGCCTAT-1,-1,-1,3,3,-1,-1,3,3,0
L8.ACGGCCACATGAACCT-1,-1,-1,3,3,2,2,3,3,121
L8.ACGGAGATCATGTCCC-1,3,0,3,3,2,2,3,3,122
L8.ACGCCGAAGGCTATCT-1,3,105,3,3,2,2,3,3,0
L8.ACGATGTAGGATGGTC-1,3,3,3,3,2,17,3,3,2
L8.ACGAGGATCCTGTACC-1,3,0,3,3,-1,2,3,3,24
L8.ACACCGGCATGCATGT-1,3,6,3,3,2,2,3,3,123
L8.ACACCGGAGTCCCACG-1,3,106,3,3,2,2,3,3,0
L8.ACACCCTTCTGTTTGT-1,3,0,3,3,2,2,3,3,124
L8.ACACCAAGTCGTTGTA-1,3,23,3,3,2,17,3,3,0
L8.ACACCAACATTCCTGC-1,18,3,12,7,21,10,11,-1,-1
L8.AATCCAGAGGTGATAT-1,3,0,3,3,-1,2,3,3,59
L8.AAGGTTCGTCTCATCC-1,3,0,-1,-1,-1,2,3,3,67
L8.AACTCCCTCGTCTGCT-1,3,0,3,3,2,2,3,3,50
L8.AAAGCAACAGGCTCAC-1,3,24,-1,-1,2,2,3,3,0
L11.TTTGTCATCATGTAGC-1,2,2,5,2,2,8,2,2,2
L11.TTTGTCAGTGTCAATC-1,3,107,3,3,2,2,3,3,0
L11.TTTGTCACATTCTCAT-1,2,2,5,2,2,0,2,2,33
L11.TTTGGTTCACCGATAT-1,3,11,3,3,-1,2,3,3,4
L11.TTTGGTTCAAGTTAAG-1,2,2,5,2,2,0,2,2,21
L11.TTTGCGCTCACAAACC-1,2,2,5,2,2,0,2,2,13
L11.TTTGCGCGTCAATACC-1,2,2,5,2,2,47,2,2,0
L11.TTTGCGCAGGCGACAT-1,2,2,5,2,2,48,2,2,2
L11.TTTCCTCTCGAATGGG-1,2,2,5,2,2,8,2,2,34
L11.TTTATGCGTGTGGCTC-1,2,2,5,2,2,0,2,2,125
L11.TTTATGCGTGCTCTTC-1,2,2,5,2,2,0,2,2,16
L11.TTTACTGAGAGGTTGC-1,3,11,3,3,2,2,3,3,34
L11.TTGTAGGGTCTGATTG-1,2,2,5,2,2,0,2,2,34
L11.TTGTAGGAGTGAACAT-1,2,2,5,2,2,4,2,2,2
L11.TTGGCAATCTAGCACA-1,2,2,5,2,2,8,2,2,33
L11.TTGGCAATCGTTACAG-1,2,2,5,2,2,0,2,2,15
L11.TTGGCAAGTCCAAGTT-1,2,2,5,2,2,0,2,2,126
L11.TTGGCAACACACTGCG-1,2,2,5,2,2,8,2,2,127
L11.TTGGCAACAAGTACCT-1,3,3,3,3,2,2,3,3,57
L11.TTGGAACGTTCTGTTT-1,2,2,5,2,2,49,2,2,0
L11.TTGGAACGTCTGCAAT-1,2,2,5,2,4,0,2,2,0
L11.TTGGAACCACGGATAG-1,2,2,5,2,2,48,2,2,0
L11.TTGCGTCCATAAGACA-1,3,11,3,3,2,2,3,3,19
L11.TTGCGTCCAGGCAGTA-1,2,2,5,2,2,8,2,2,128
L11.TTGCGTCCAGCCTTTC-1,2,2,5,2,2,8,2,2,129
L11.TTGCGTCAGCATCATC-1,3,11,3,3,2,2,3,3,88
L11.TTGCCGTGTTAAGGGC-1,2,2,5,2,2,50,2,2,2
L11.TTGCCGTAGCTGGAAC-1,2,2,5,2,2,0,2,2,130
L11.TTGACTTTCGCAAACT-1,3,11,3,3,-1,2,3,3,0
L11.TTGAACGTCGCACTCT-1,3,11,3,3,-1,2,3,3,11
L11.TTGAACGGTAAGTGGC-1,3,11,3,3,2,2,3,3,13
L11.TTCTTAGTCCAACCAA-1,3,107,3,3,2,2,3,3,9
L11.TTCTCCTTCCCTAATT-1,2,2,5,2,22,0,2,2,46
L11.TTCTCCTGTCAAGCGA-1,2,2,5,2,2,0,2,2,70
L11.TTCTCCTCATTGGTAC-1,2,2,5,2,2,4,2,2,21
L11.TTCTCCTCATCGGGTC-1,2,2,5,2,2,0,2,2,28
L11.TTCTCAATCCCTAATT-1,3,108,3,3,2,2,3,3,0
L11.TTCTCAACATACGCCG-1,2,2,5,2,2,51,2,2,0
L11.TTCTACATCTAACTGG-1,2,2,5,2,2,0,2,2,131
L11.TTCGGTCTCCTCAACC-1,2,2,5,2,2,0,2,2,132
L11.TTCGGTCCAGGACGTA-1,2,2,5,2,4,0,2,2,46
L11.TTCGAAGGTTCAGACT-1,2,2,5,2,4,0,2,2,133
L11.TTCGAAGGTCTTGTCC-1,2,2,5,2,2,0,2,2,134
L11.TTCCCAGCAGATGAGC-1,3,11,3,3,2,2,3,3,4
L11.TTATGCTGTTCGTTGA-1,2,2,5,2,2,0,2,2,129
L11.TTATGCTGTCACACGC-1,2,2,5,2,2,8,2,2,5
L11.TTATGCTCAAGCCATT-1,2,2,5,2,2,0,2,2,135
L11.TTATGCTAGGCCCTCA-1,2,2,5,2,2,25,2,-1,-1
L11.TTATGCTAGGACCACA-1,2,2,5,2,2,0,2,2,136
L11.TTAGTTCTCAGTGTTG-1,3,11,3,3,2,2,3,-1,-1
L11.TTAGTTCCACAAGCCC-1,3,0,3,3,23,2,3,3,0
L11.TTAGTTCAGGTCGGAT-1,3,11,3,3,2,2,3,3,9
L11.TTAGGCACATGCCTAA-1,2,2,5,2,2,4,2,2,137
L11.TTAGGCAAGTCACGCC-1,2,2,5,2,2,0,2,2,44
L11.TTAGGACCAGCCTGTG-1,2,2,5,2,2,0,2,2,39
L11.TTAGGACCACCGATAT-1,2,2,5,2,2,52,2,2,4
L11.TTAGGACAGACTTTCG-1,2,2,5,2,2,0,2,2,66
L11.TTAACTCGTCTAGGTT-1,3,11,3,3,13,2,3,3,0
L11.TTAACTCGTACGACCC-1,2,2,5,2,2,0,2,2,43
L11.TTAACTCCAGCTCCGA-1,3,0,3,3,2,2,3,3,96
L11.TGTTCCGTCTTGTCAT-1,3,11,3,3,2,2,3,3,134
L11.TGTTCCGTCTTCTGGC-1,2,2,5,2,4,0,2,2,138
L11.TGTTCCGGTCAACATC-1,3,11,3,3,2,2,3,3,10
L11.TGTTCCGGTAATCACC-1,2,2,5,2,2,53,2,2,0
L11.TGTTCCGCAGTAAGAT-1,2,2,5,2,4,0,2,2,19
L11.TGTGTTTTCGCGTTTC-1,2,2,5,2,2,13,2,2,0
L11.TGTGTTTTCACTTACT-1,2,2,5,2,2,0,2,2,139
L11.TGTGTTTCATGAACCT-1,2,2,5,2,2,26,2,2,33
L11.TGTGTTTAGGCGACAT-1,3,11,3,3,2,2,3,3,69
L11.TGTGGTAAGTCATCCA-1,2,2,5,2,2,0,2,2,140
L11.TGTCCCATCTTTCCTC-1,2,2,5,2,2,8,2,2,24
L11.TGTCCCATCGTAGGTT-1,2,2,5,2,2,25,2,2,0
L11.TGTCCCATCCTTTCGG-1,2,2,5,2,2,0,2,2,141
L11.TGTCCCACATGGTTGT-1,2,2,5,2,2,0,2,2,142
L11.TGTATTCTCAGTTAGC-1,2,2,5,2,2,0,2,2,143
L11.TGTATTCAGTGTACCT-1,3,11,3,3,2,2,3,3,144
L11.TGTATTCAGAACTCGG-1,2,2,5,2,2,0,2,2,145
L11.TGGTTCCTCTGGCGTG-1,2,2,5,2,2,0,2,2,146
L11.TGGTTCCGTGAAATCA-1,2,2,5,2,2,0,2,2,147
L11.TGGTTCCCACGGTGTC-1,3,0,3,3,2,2,3,3,148
L11.TGGTTCCCACCAGATT-1,2,2,5,2,2,0,2,2,149
L11.TGGTTAGTCCGTACAA-1,2,2,5,2,2,0,2,2,150
L11.TGGTTAGTCAGCGACC-1,2,2,5,2,13,0,2,2,4
L11.TGGTTAGGTGAAAGAG-1,2,2,5,2,2,16,2,2,0
L11.TGGTTAGCATACTACG-1,3,0,3,3,2,2,3,3,151
L11.TGGTTAGAGATGTGGC-1,2,2,5,2,2,8,2,2,4
L11.TGGGCGTAGGATCGCA-1,2,2,5,2,2,8,2,2,11
L11.TGGCTGGAGTCCGGTC-1,2,2,5,2,2,3,2,2,0
L11.TGGCTGGAGACGACGT-1,2,2,5,2,2,0,2,2,152
L11.TGGCGCACAATCCGAT-1,2,2,5,2,2,54,2,2,0
L11.TGGCCAGAGTGAAGAG-1,3,3,3,3,-1,2,3,3,153
L11.TGGCCAGAGTACGATA-1,2,2,5,2,2,14,2,3,5
L11.TGGACGCAGAGCTATA-1,2,2,5,2,2,55,2,2,0
L11.TGCTGCTTCAGCTCTC-1,3,11,3,3,2,2,3,3,11
L11.TGCTGCTGTCGGGTCT-1,2,2,5,2,7,25,2,2,0
L11.TGCTACCTCGTGACAT-1,2,2,5,2,4,0,2,2,9
L11.TGCTACCAGTAGATGT-1,2,2,5,2,2,15,2,2,2
L11.TGCGTGGTCAACTCTT-1,2,2,5,2,2,56,2,2,0
L11.TGCGTGGCACTATCTT-1,2,2,5,2,2,0,2,2,46
L11.TGCGTGGAGGGAACGG-1,3,11,3,3,2,2,3,3,154
L11.TGCGGGTTCCTCAATT-1,-1,-1,5,2,2,0,2,2,0
L11.TGCGGGTTCATCGCTC-1,2,2,5,2,2,57,2,2,9
L11.TGCGGGTTCAGCTGGC-1,2,2,5,2,2,0,2,2,67
L11.TGCGCAGGTCGAGTTT-1,3,11,3,3,2,2,3,3,155
L11.TGCGCAGAGCTCCTCT-1,2,2,5,2,2,0,2,2,156
L11.TGCCCTAGTATAATGG-1,3,11,3,3,2,2,3,3,50
L11.TGCCCATAGCGTCAAG-1,2,2,5,2,2,25,2,2,21
L11.TGCCAAAGTGTTCGAT-1,2,2,5,2,2,8,2,2,157
L11.TGCACCTTCCCGACTT-1,2,2,5,2,2,0,2,2,137
L11.TGCACCTTCAGTTGAC-1,2,2,5,2,2,8,2,2,158
L11.TGCACCTGTAGCACGA-1,2,2,5,2,2,25,2,2,2
L11.TGAGGGATCGCAGGCT-1,2,2,5,2,2,0,2,2,96
L11.TGAGGGATCACGACTA-1,2,2,5,2,24,0,2,2,24
L11.TGAGGGAGTCGTTGTA-1,2,2,5,2,2,4,2,2,25
L11.TGAGGGACAGCTGTGC-1,2,2,5,2,2,0,2,2,159
L11.TGAGCCGTCAACACAC-1,2,2,5,2,2,0,2,2,10
L11.TGAGCCGGTAAGTGTA-1,2,2,5,2,2,0,2,2,160
L11.TGAGCATCATGGGAAC-1,2,2,5,2,2,14,2,2,0
L11.TGAGAGGTCCGGGTGT-1,2,2,5,2,2,8,2,2,16
L11.TGAGAGGGTTCAACCA-1,2,2,5,2,2,0,2,2,161
L11.TGACTTTCAAGCCGCT-1,2,2,5,2,2,0,2,2,162
L11.TGACTAGGTCCGTGAC-1,2,2,5,2,2,34,2,2,0
L11.TGACTAGCATCATCCC-1,3,22,3,3,2,2,3,3,15
L11.TGACGGCGTGATGATA-1,2,2,5,2,2,0,2,10,4
L11.TGACAACGTCGCGAAA-1,2,2,5,2,2,0,2,2,50
L11.TGAAAGAAGTGTACCT-1,2,2,5,2,4,0,2,2,33
L11.TCTTTCCTCTACTTAC-1,2,2,5,2,2,0,2,2,57
L11.TCTTTCCTCGACAGCC-1,2,2,5,2,2,0,2,2,163
L11.TCTTCGGTCGTCTGAA-1,2,2,5,2,2,8,2,2,8
L11.TCTTCGGGTCTCAACA-1,2,2,5,2,2,0,2,2,164
L11.TCTTCGGAGTGAAGTT-1,3,11,3,3,2,17,3,3,0
L11.TCTGGAATCTACGAGT-1,3,11,3,3,2,2,3,3,165
L11.TCTGAGATCGTTTATC-1,2,2,5,2,2,8,2,2,166
L11.TCTGAGACAGGAACGT-1,2,2,5,2,2,49,2,2,2
L11.TCTCATATCTATGTGG-1,2,2,5,2,2,4,2,2,167
L11.TCTCATATCCCTGACT-1,-1,-1,5,2,4,0,2,2,0
L11.TCTCATAAGTTATCGC-1,2,2,5,2,2,0,2,2,19
L11.TCTATTGTCTCGGACG-1,3,11,38,3,2,2,3,3,0
L11.TCTATTGTCCATGCTC-1,2,2,5,2,2,0,2,2,168
L11.TCTATTGGTCTCTCTG-1,2,2,5,2,2,0,2,2,56
L11.TCTATTGGTCGCGTGT-1,2,2,5,2,2,0,2,2,169
L11.TCTATTGCAATGAATG-1,2,2,5,2,25,0,2,2,0
L11.TCTATTGAGACCCACC-1,2,2,5,2,2,0,2,2,170
L11.TCGTAGACACTATCTT-1,3,0,3,3,2,2,3,3,149
L11.TCGTAGAAGTACGTAA-1,-1,-1,5,2,4,0,2,2,24
L11.TCGTACCCAGACAGGT-1,3,109,3,3,2,2,3,3,0
L11.TCGGTAACAAACTGCT-1,2,2,5,2,2,0,2,2,171
L11.TCGGTAAAGAGGTTGC-1,2,2,5,2,2,58,2,2,0
L11.TCGGGACAGAACTGTA-1,2,2,5,2,2,0,2,2,172
L11.TCGCGTTCATCGGTTA-1,2,2,5,2,4,8,2,2,4
L11.TCGCGTTCAGTGAGTG-1,2,2,5,2,2,36,2,2,0
L11.TCGCGTTCAGGAACGT-1,3,3,-1,-1,-1,2,3,3,4
L11.TCGCGTTCAGAGCCAA-1,2,2,5,2,2,0,2,2,45
L11.TCGAGGCCAAGCCGTC-1,2,2,5,2,2,59,2,2,0
L11.TCCCGATCACGGTAAG-1,3,11,3,3,2,2,3,3,24
L11.TCCACACGTAGGGTAC-1,2,2,-1,-1,2,0,2,2,173
L11.TCCACACCAGCGTAAG-1,3,3,3,3,2,-1,3,3,0
L11.TCCACACCACCATGTA-1,2,2,5,2,7,0,2,2,0
L11.TCATTTGTCAGCATGT-1,2,2,5,2,15,0,2,2,2
L11.TCATTACAGTGGACGT-1,2,2,5,2,2,19,2,2,174
L11.TCAGCTCTCGAGCCCA-1,3,11,3,3,2,2,3,3,56
L11.TCAGCTCGTTATCGGT-1,2,2,5,2,2,8,2,2,15
L11.TCAGCAAAGTTACGGG-1,3,11,3,3,-1,2,3,3,2
L11.TCAGATGGTGCTTCTC-1,2,2,-1,-1,2,0,2,2,175
L11.TCAGATGAGTGTACCT-1,2,2,5,2,2,25,2,2,5
L11.TCACGAACAAACGTGG-1,2,2,5,2,26,0,2,2,0
L11.TCACAAGTCCCTGACT-1,2,2,5,2,2,0,2,2,176
L11.TCAACGAGTTGATTGC-1,3,2,3,3,2,2,3,3,148
L11.TCAACGAGTCAATACC-1,3,0,3,3,22,2,3,3,0
L11.TCAACGAAGAATTCCC-1,3,11,3,3,2,2,3,3,170
L11.TATTACCGTCTTCTCG-1,2,2,5,2,2,0,2,2,177
L11.TATTACCAGCGTAGTG-1,2,2,5,2,2,4,2,2,178
L11.TATCTCAGTCGAACAG-1,2,2,5,2,2,4,2,2,179
L11.TATCTCAGTAAGTAGT-1,2,2,5,2,2,0,2,2,180
L11.TATCAGGTCTGTCCGT-1,2,2,5,2,2,8,2,2,136
L11.TATCAGGTCAAGATCC-1,3,11,3,3,2,2,3,3,181
L11.TAGTTGGAGAGACGAA-1,2,2,5,2,2,0,2,2,49
L11.TAGTGGTTCCGCAGTG-1,2,2,5,2,2,60,2,2,105
L11.TAGTGGTTCATACGGT-1,3,3,3,3,2,2,2,3,0
L11.TAGTGGTTCAGCTGGC-1,2,2,5,2,2,61,2,2,2
L11.TAGTGGTGTTCAGCGC-1,2,2,5,2,2,0,2,2,9
L11.TAGTGGTCAGTATAAG-1,2,2,5,2,6,0,2,-1,-1
L11.TAGTGGTCACGGCCAT-1,2,2,5,2,2,0,2,2,80
L11.TAGGCATTCGCTAGCG-1,2,2,5,2,2,0,2,2,182
L11.TAGGCATTCCTTGCCA-1,2,2,5,2,7,25,2,2,136
L11.TAGACCACATTGTGCA-1,2,2,5,2,2,0,2,2,183
L11.TAGACCAAGTCGTACT-1,2,2,5,2,2,62,2,2,0
L11.TACTTGTTCTGTTGAG-1,3,0,3,3,27,2,3,3,0
L11.TACTTGTTCGTGGGAA-1,2,2,5,2,2,0,2,2,65
L11.TACTTGTGTGGCAAAC-1,2,2,5,2,2,43,2,2,0
L11.TACTTACGTTGCGTTA-1,2,2,5,2,2,63,2,2,11
L11.TACTTACCAGGGTTAG-1,2,2,5,2,2,0,2,2,55
L11.TACTTACCACACTGCG-1,2,2,5,2,2,4,2,2,63
L11.TACTCGCCAATGAATG-1,2,2,5,2,15,0,2,2,184
L11.TACTCATGTAACGACG-1,3,3,5,2,-1,0,2,2,0
L11.TACGGTATCGCCAAAT-1,2,2,5,2,2,0,2,2,185
L11.TACCTTACATGTCGAT-1,2,2,5,2,2,0,2,2,186
L11.TACCTATTCTACTATC-1,2,2,5,2,2,0,2,2,187
L11.TACAGTGAGTGCCAGA-1,3,3,3,3,-1,2,-1,3,0
L11.TAAGTGCGTGCGATAG-1,2,2,5,2,2,13,2,2,24
L11.TAAGTGCAGTGTGGCA-1,2,2,5,2,2,0,2,2,32
L11.TAAGCGTGTACAAGTA-1,2,2,5,2,2,48,2,-1,-1
L11.TAAACCGTCCAAGTAC-1,2,2,5,2,4,0,2,2,4
L11.GTTTCTATCTGCCAGG-1,2,2,5,2,6,0,2,2,136
L11.GTTCATTTCGTGGACC-1,2,2,5,2,28,0,2,2,0
L11.GTTCATTGTGGTAACG-1,2,2,5,2,2,64,2,2,2
L11.GTTAAGCTCTGCGACG-1,3,11,3,3,2,2,3,3,188
L11.GTGTTAGTCTAACGGT-1,2,2,5,2,2,0,2,2,189
L11.GTGTGCGTCTTCGAGA-1,2,2,5,2,2,0,2,2,190
L11.GTGTGCGGTGGGTCAA-1,2,2,5,2,4,8,2,2,29
L11.GTGTGCGAGCGATATA-1,2,2,5,2,2,4,2,2,28
L11.GTGGGTCCATTCTCAT-1,2,2,5,2,2,0,2,2,63
L11.GTGCTTCTCGTAGGTT-1,2,2,5,2,2,4,2,2,130
L11.GTGCTTCAGCGATGAC-1,2,2,5,2,2,65,2,2,130
L11.GTGCGGTTCGGTCTAA-1,2,2,5,2,2,0,2,2,191
L11.GTGCGGTGTCTCCATC-1,2,2,5,2,2,0,2,2,127
L11.GTGCGGTGTAGCGCTC-1,2,2,5,2,2,66,2,2,2
L11.GTGCATATCATCGGAT-1,3,11,3,3,2,2,3,3,192
L11.GTGCAGCGTAAGAGGA-1,2,2,5,2,2,4,2,-1,-1
L11.GTGAAGGGTCTTGTCC-1,2,2,5,2,2,0,2,2,193
L11.GTCTTCGCAAATCCGT-1,2,2,5,2,2,8,2,-1,-1
L11.GTCTTCGAGGTCGGAT-1,3,0,3,3,2,2,3,3,55
L11.GTCTTCGAGGGAGTAA-1,2,2,5,2,2,19,2,2,2
L11.GTCTCGTGTGCAGGTA-1,3,11,3,3,-1,2,3,3,19
L11.GTCGTAAGTTGTACAC-1,2,2,-1,-1,2,3,2,2,175
L11.GTCCTCATCCAGTATG-1,2,2,5,2,4,0,2,2,5
L11.GTCCTCAGTTGGTTTG-1,2,2,5,2,2,67,2,2,0
L11.GTCATTTCATCCGCGA-1,2,2,5,2,2,9,2,2,0
L11.GTCATTTCAGGCTCAC-1,3,11,3,3,-1,2,3,3,194
L11.GTATTCTAGGATGTAT-1,3,11,3,3,2,2,3,3,195
L11.GTATTCTAGCCCAACC-1,3,11,3,3,2,2,3,11,196
L11.GTAGTCACATCCAACA-1,3,11,3,3,-1,2,3,3,5
L11.GTAGTCAAGTTACGGG-1,2,2,5,2,2,4,2,2,5
L11.GTAGGCCTCTGATACG-1,2,2,5,2,3,0,2,2,0
L11.GTAGGCCTCGCCATAA-1,3,11,3,3,2,2,3,3,7
L11.GTAGGCCGTAAGGGAA-1,2,2,5,2,2,0,2,2,197
L11.GTAGGCCGTAAGAGGA-1,2,2,5,2,2,0,2,3,144
L11.GTACGTATCGTCGTTC-1,3,3,3,3,3,2,3,3,0
L11.GTACGTATCCGCGTTT-1,2,2,5,2,2,0,2,2,115
L11.GTAACTGTCGAATGCT-1,2,2,5,2,2,0,2,2,198
L11.GTAACTGTCCTATTCA-1,2,2,5,2,2,68,2,2,0
L11.GTAACGTCAATGTTGC-1,2,2,5,2,-1,0,2,2,2
L11.GGTGTTAAGGCATTGG-1,2,2,5,2,2,8,2,2,88
L11.GGTGCGTCAAAGGAAG-1,2,2,5,2,2,0,2,3,0
L11.GGTGAAGAGCCACGTC-1,2,2,5,2,2,13,2,2,8
L11.GGTATTGTCTTGTACT-1,2,2,5,2,2,8,2,2,45
L11.GGTATTGCACGCCAGT-1,2,2,5,2,29,0,2,2,4
L11.GGGTTGCCAGACAAAT-1,2,2,5,2,2,0,2,2,181
L11.GGGTCTGTCGCTTGTC-1,2,2,5,2,2,19,2,-1,-1
L11.GGGTCTGCATGGGAAC-1,2,2,5,2,2,5,2,2,0
L11.GGGATGAAGTTGTCGT-1,3,11,3,3,2,2,3,3,6
L11.GGGAATGGTGGTCCGT-1,2,2,5,2,2,0,2,2,199
L11.GGGAATGGTCCTCTTG-1,2,2,5,2,2,0,2,2,200
L11.GGCTCGACAAGAAAGG-1,2,2,5,2,2,-1,2,2,24
L11.GGCGACTCACGTCTCT-1,3,38,3,3,2,2,3,3,5
L11.GGCCGATGTACCCAAT-1,2,2,5,2,6,0,2,2,0
L11.GGCAATTGTAGCGCAA-1,2,2,5,2,2,25,2,2,36
L11.GGCAATTCACCATGTA-1,2,2,5,2,2,0,2,2,81
L11.GGCAATTAGGCAGTCA-1,3,110,3,3,2,2,3,3,0
L11.GGATTACGTAAAGGAG-1,3,11,3,3,2,2,3,3,201
L11.GGATGTTGTAACGACG-1,2,2,5,2,2,0,2,2,202
L11.GGAGCAAAGTTACCCA-1,2,2,5,2,30,0,2,2,5
L11.GGACATTGTCCATCCT-1,3,0,3,3,2,69,3,3,0
L11.GGACAGAAGACCACGA-1,2,2,5,2,2,0,2,2,203
L11.GGACAAGGTCAGGACA-1,2,2,5,2,31,0,2,2,0
L11.GGAATAAAGTTGAGAT-1,2,2,5,2,2,70,2,2,5
L11.GGAACTTCACTGTTAG-1,-1,-1,-1,-1,2,-1,2,2,0
L11.GGAACTTAGAGGGATA-1,2,2,5,2,2,0,2,12,67
L11.GGAAAGCTCCCAACGG-1,2,2,5,2,2,4,2,2,125
L11.GGAAAGCAGCCAGTTT-1,3,11,3,3,4,2,3,3,0
L11.GGAAAGCAGAAGGTGA-1,2,2,5,2,4,8,2,2,0
L11.GCTTGAAGTGACGCCT-1,3,107,3,3,2,2,3,3,2
L11.GCTTCCAAGGGTATCG-1,2,2,5,2,2,0,2,2,113
L11.GCTGCAGAGCCAGTAG-1,3,11,3,3,2,2,3,3,92
L11.GCTCTGTAGACAAGCC-1,2,2,5,2,2,0,2,2,204
L11.GCTCCTATCAAAGACA-1,2,2,-1,-1,2,0,2,2,67
L11.GCTCCTAGTGTAATGA-1,2,2,5,2,2,0,2,2,205
L11.GCTCCTAGTCTCAACA-1,2,2,5,2,2,15,2,2,24
L11.GCGGGTTGTGTTAAGA-1,3,11,3,3,2,2,3,3,206
L11.GCGGGTTCATTCCTCG-1,2,2,5,2,2,0,2,2,207
L11.GCGCCAATCTTTCCTC-1,2,2,5,2,2,26,2,2,0
L11.GCGCAACGTTAAGACA-1,2,2,5,2,2,0,2,2,208
L11.GCGCAACAGAATAGGG-1,2,2,5,2,2,4,2,2,4
L11.GCGAGAAGTGAGGGTT-1,3,11,3,3,-1,-1,3,3,0
L11.GCGACCATCTCTTGAT-1,2,2,5,2,2,0,2,2,209
L11.GCGACCAAGCCAACAG-1,2,2,5,2,2,55,2,2,28
L11.GCCTCTAAGCGATATA-1,2,2,5,2,4,0,2,2,2
L11.GCCAAATTCCAGAGGA-1,2,2,5,2,2,0,2,2,110
L11.GCATGTAGTCTAAAGA-1,2,2,5,2,2,0,2,2,210
L11.GCATGTACATGGGAAC-1,2,2,5,2,2,71,2,2,0
L11.GCATGTACACATTAGC-1,3,11,3,3,2,2,-1,3,0
L11.GCATGCGTCCCAAGTA-1,3,11,3,3,13,72,3,3,211
L11.GCATGCGGTAACGACG-1,2,2,5,2,2,0,2,2,212
L11.GCATGCGCAGCGATCC-1,2,2,5,2,2,5,2,2,213
L11.GCATACAAGACCGGAT-1,2,2,5,2,2,0,2,2,214
L11.GCATACAAGAAGGACA-1,2,2,5,2,9,-1,2,2,7
L11.GCAGTTACATATGAGA-1,2,2,5,2,2,0,2,2,92
L11.GCACATACACCTTGTC-1,2,2,5,2,2,0,2,2,215
L11.GCAATCAGTCTCATCC-1,2,2,5,2,2,8,2,2,130
L11.GCAAACTCATCGACGC-1,2,2,5,2,2,0,2,2,216
L11.GATGAGGGTCCGAACC-1,2,2,5,2,2,73,2,2,2
L11.GATGAGGCAATGGAGC-1,2,2,5,2,2,66,2,2,43
L11.GATGAAAGTTACTGAC-1,3,11,3,3,2,2,3,2,0
L11.GATGAAACACTGTTAG-1,2,2,5,2,2,-1,2,-1,-1
L11.GATCTAGAGTGTCCAT-1,3,11,3,3,2,2,3,3,178
L11.GATCGCGTCAACCATG-1,2,2,5,2,2,3,2,-1,-1
L11.GATCGATTCCATGAAC-1,2,2,5,2,2,0,2,2,217
L11.GAGGTGATCTGGAGCC-1,3,0,3,3,14,2,3,3,0
L11.GACTACATCACAAACC-1,3,11,3,3,-1,2,3,3,7
L11.GACTACAAGCGTTTAC-1,3,11,3,3,2,2,3,3,70
L11.GACTAACGTAAGAGAG-1,2,2,5,2,2,74,2,2,2
L11.GACTAACCAAAGTCAA-1,2,2,5,2,2,0,2,2,218
L11.GACGTGCGTCGATTGT-1,2,2,5,2,2,75,2,2,0
L11.GACGCGTAGGACACCA-1,2,2,5,2,2,19,2,2,34
L11.GACCTGGTCAGAGCTT-1,2,2,5,2,2,76,2,2,0
L11.GACCTGGGTCGAAAGC-1,2,2,5,2,2,77,2,2,4
L11.GACCTGGCACATAACC-1,2,2,5,2,5,0,2,2,39
L11.GACCAATGTCATTAGC-1,2,2,5,2,20,0,2,2,0
L11.GACACGCGTTAAGACA-1,3,24,3,3,2,2,3,3,5
L11.GACACGCCAGCATACT-1,2,2,5,2,2,14,2,2,125
L11.GACACGCAGTCGTTTG-1,2,2,5,2,7,0,2,2,2
L11.GAATGAAAGACGACGT-1,2,2,5,2,2,0,2,2,59
L11.GAATAAGGTTAGAACA-1,2,2,5,2,2,-1,2,2,67
L11.GAAGCAGCAGGGAGAG-1,2,2,5,2,5,0,2,2,0
L11.GAACCTATCCAGTAGT-1,2,2,5,2,2,0,2,2,111
L11.GAACATCAGATGTGTA-1,3,102,3,3,2,2,3,3,0
L11.GAACATCAGAGCTGCA-1,3,11,3,3,13,2,3,3,5
L11.GAAATGATCTCAAGTG-1,2,2,5,2,4,0,2,2,7
L11.GAAATGAAGCCCAATT-1,2,2,5,2,2,0,2,2,103
L11.CTTTGCGTCACAACGT-1,2,2,5,2,2,9,2,2,2
L11.CTTTGCGCATTAGGCT-1,2,2,5,2,13,0,2,2,8
L11.CTTGGCTGTAAACACA-1,2,2,5,2,2,25,2,2,4
L11.CTTGGCTCAGGTCCAC-1,-1,-1,5,2,2,-1,2,2,44
L11.CTTAGGAGTGTCTGAT-1,2,2,5,2,2,65,2,2,28
L11.CTTACCGGTTGCGCAC-1,2,2,5,2,2,78,2,2,2
L11.CTTACCGAGATATGCA-1,2,2,5,2,2,23,2,2,2
L11.CTGTTTACATCATCCC-1,3,11,3,3,2,2,3,3,180
L11.CTGTGCTGTCCGAATT-1,2,2,5,2,2,9,2,2,45
L11.CTGGTCTCACTTGGAT-1,2,2,5,2,32,0,2,2,2
L11.CTGCGGAAGCGTTCCG-1,2,2,5,2,2,8,2,2,43
L11.CTGCCTAAGAACTGTA-1,2,2,5,2,2,0,2,2,219
L11.CTGATCCGTCATGCAT-1,2,2,5,2,2,4,2,2,220
L11.CTGAAGTGTATCGCAT-1,2,2,5,2,2,33,2,2,2
L11.CTGAAGTAGCCTATGT-1,2,2,5,2,2,0,2,2,221
L11.CTGAAACTCTACGAGT-1,2,2,5,2,2,19,2,2,0
L11.CTGAAACGTTCCGGCA-1,2,2,5,2,2,54,2,2,28
L11.CTCTGGTTCAAGGCTT-1,2,2,5,2,2,79,2,2,0
L11.CTCTGGTCAGGCGATA-1,3,11,3,3,2,2,3,3,222
L11.CTCTGGTAGCACAGGT-1,3,0,3,3,33,2,3,3,0
L11.CTCTACGTCATGTCTT-1,2,2,5,2,22,8,2,2,0
L11.CTCTAATTCTATCCCG-1,2,2,5,2,2,0,2,2,223
L11.CTCTAATAGTGTGAAT-1,2,2,5,2,2,3,2,2,5
L11.CTCGTACCAATGTAAG-1,2,2,5,2,2,0,2,2,224
L11.CTCGAGGTCACCCTCA-1,2,2,5,2,2,3,2,2,225
L11.CTCGAGGGTGAGCGAT-1,-1,-1,-1,-1,2,0,2,2,226
L11.CTCGAAATCTCAAGTG-1,2,2,5,2,2,0,2,2,227
L11.CTCCTAGGTACCTACA-1,3,11,3,3,2,2,3,3,67
L11.CTCATTAGTTGGGACA-1,2,2,5,2,2,0,2,2,228
L11.CTCAGAAGTTTGGCGC-1,3,0,3,3,2,2,3,3,213
L11.CTAGTGACACCAGCAC-1,2,2,5,2,25,0,2,2,4
L11.CTAGCCTGTGGTTTCA-1,2,2,5,2,2,3,2,2,161
L11.CTAGCCTGTGGTCTCG-1,2,2,5,2,2,4,2,2,57
L11.CTAGCCTCAAGCTGAG-1,2,2,5,2,2,0,2,2,229
L11.CTAGAGTTCCTGTAGA-1,2,2,5,2,2,0,2,2,230
L11.CTACGTCAGGATGCGT-1,2,2,5,2,2,0,2,2,231
L11.CTACATTAGCGCCTTG-1,2,2,5,2,2,0,2,2,232
L11.CTACACCTCTTCAACT-1,2,2,5,2,2,0,2,2,233
L11.CTACACCTCGTCTGAA-1,2,2,5,2,2,0,2,2,128
L11.CTAATGGTCGCGGATC-1,3,11,3,3,13,2,3,3,2
L11.CTAATGGAGAAGATTC-1,3,11,3,3,2,2,3,13,234
L11.CTAAGACTCCAAGTAC-1,2,2,5,2,2,0,2,2,235
L11.CTAAGACCATGTAAGA-1,2,2,5,2,2,0,2,2,236
L11.CGTTCTGTCCTTAATC-1,2,2,-1,-1,2,0,2,2,81
L11.CGTTCTGAGGGTGTTG-1,3,11,3,3,2,2,3,3,143
L11.CGTGTCTCACAGCCCA-1,2,2,5,2,2,80,2,2,15
L11.CGTGTCTAGTGACTCT-1,2,2,5,2,7,0,2,2,4
L11.CGTGTAAGTTTGACAC-1,2,2,5,2,2,-1,2,2,15
L11.CGTGTAAAGATCGATA-1,3,11,3,3,2,2,3,3,237
L11.CGTCTACTCGAATCCA-1,2,2,5,2,15,0,2,2,0
L11.CGTCTACCACGGCCAT-1,2,2,5,2,2,0,2,2,238
L11.CGTCTACAGTGCGATG-1,2,2,5,2,22,0,2,2,2
L11.CGTCCATCATAGTAAG-1,3,11,3,3,2,2,3,14,239
L11.CGTCAGGCAAGCTGAG-1,2,2,5,2,2,0,2,2,240
L11.CGTCACTAGCAAATCA-1,2,2,5,2,2,0,2,2,241
L11.CGTAGCGAGGCTATCT-1,2,2,5,2,2,0,2,2,158
L11.CGGGTCAGTCTTCTCG-1,2,2,5,2,2,-1,2,2,7
L11.CGGCTAGCAAGTTAAG-1,2,2,5,2,2,0,2,2,242
L11.CGGACTGTCCACGTGG-1,2,2,5,2,2,0,2,2,243
L11.CGGACGTCACCGGAAA-1,2,2,5,2,2,0,2,2,244
L11.CGGACGTAGCCAGTTT-1,2,2,5,2,2,0,2,2,245
L11.CGGACACAGTTATCGC-1,2,2,5,2,2,81,2,2,246
L11.CGCTTCACAGCGTTCG-1,2,2,5,2,2,4,2,2,15
L11.CGCTTCAAGGAGTTTA-1,2,2,5,2,2,0,2,2,247
L11.CGCTGGAGTTCACGGC-1,2,2,5,2,2,0,2,2,248
L11.CGCTATCTCACAAACC-1,2,2,5,2,2,82,2,2,11
L11.CGCTATCGTGATAAGT-1,2,2,5,2,2,0,2,2,249
L11.CGCTATCAGAATTGTG-1,3,111,3,3,2,2,3,3,0
L11.CGCGTTTCAGTTTACG-1,2,2,5,2,2,8,2,2,126
L11.CGCGTTTCAAACGTGG-1,3,0,3,3,2,2,3,3,250
L11.CGCGGTATCCACGAAT-1,2,2,5,2,2,83,2,10,4
L11.CGCCAAGAGGGTGTTG-1,2,2,5,2,2,2,2,2,0
L11.CGATGGCTCACTATTC-1,2,2,5,2,9,0,2,2,0
L11.CGATGGCGTGGAAAGA-1,2,2,5,2,34,0,2,2,0
L11.CGATGGCAGGGCTCTC-1,3,11,3,3,2,2,3,3,28
L11.CGAGCCATCTGAGTGT-1,-1,-1,-1,-1,4,0,2,-1,-1
L11.CGAGCCACAACTTGAC-1,2,2,5,2,7,0,2,2,80
L11.CGAGCCAAGATTACCC-1,3,107,3,3,14,2,3,3,0
L11.CGAGCACGTACCGAGA-1,3,11,3,3,2,2,2,3,0
L11.CGAGAAGTCAAACAAG-1,3,3,3,3,2,2,3,2,0
L11.CGACCTTTCCCATTTA-1,2,2,5,2,2,84,2,2,4
L11.CGAACATTCTGCCCTA-1,2,2,5,2,2,8,2,2,115
L11.CGAACATCATAGGATA-1,2,2,5,2,2,3,2,2,15
L11.CCTTTCTGTAAGGATT-1,2,2,5,2,6,0,2,2,2
L11.CCTTTCTCAAACGCGA-1,2,2,5,2,14,0,2,2,24
L11.CCTTCCCTCATCACCC-1,2,2,5,2,2,8,2,2,21
L11.CCTTCCCTCAGCTCGG-1,2,2,5,2,2,64,2,2,0
L11.CCTTCCCGTGTTGAGG-1,2,2,5,2,2,0,2,2,251
L11.CCTTACGGTCTTGTCC-1,2,2,5,2,2,85,2,2,0
L11.CCTCTGATCGTTTATC-1,2,2,5,2,2,8,2,2,252
L11.CCTCTGAGTGCGATAG-1,2,2,5,2,7,8,2,2,2
L11.CCTCAGTTCCCAAGTA-1,2,2,5,2,35,0,2,2,2
L11.CCTAGCTAGAGACGAA-1,3,11,-1,-1,2,2,3,3,0
L11.CCTACCAAGAGTAATC-1,2,2,5,2,2,4,2,2,56
L11.CCTAAAGAGCTAGCCC-1,2,2,5,2,2,0,2,2,253
L11.CCGTGGATCATTGCCC-1,2,2,5,2,2,0,2,2,254
L11.CCGGTAGTCCGCAGTG-1,2,2,5,2,2,0,2,2,178
L11.CCGGGATTCTTGCAAG-1,2,2,5,2,2,86,2,2,0
L11.CCCTCCTGTTATGTGC-1,2,2,5,2,2,8,2,2,192
L11.CCCTCCTGTACGAAAT-1,3,11,3,3,-1,2,3,3,178
L11.CCCAATCTCGTTTATC-1,2,2,5,2,2,0,2,2,255
L11.CCATGTCTCGCGTAGC-1,2,2,5,2,2,87,2,2,219
L11.CCATGTCAGTAGTGCG-1,2,2,5,2,36,8,2,2,24
L11.CCAGCGACAAGAGGCT-1,2,2,5,2,2,-1,2,2,238
L11.CCACGGATCGTCTGCT-1,2,2,5,2,2,0,2,2,155
L11.CCACGGACACCTCGGA-1,2,2,5,2,4,0,2,2,24
L11.CCACGGAAGACTTGAA-1,2,2,5,2,2,0,2,2,256
L11.CATGGCGGTATAGTAG-1,2,2,5,2,2,88,2,2,0
L11.CATCGAAAGTGCAAGC-1,2,2,5,2,2,0,2,2,72
L11.CATCGAAAGGATTCGG-1,2,2,5,2,2,0,2,2,257
L11.CATCCACCATTGGCGC-1,2,2,5,2,2,0,2,2,75
L11.CATCAAGCAAGGCTCC-1,2,2,5,2,2,-1,2,2,43
L11.CATATTCTCTCAAGTG-1,2,2,5,2,2,89,2,2,0
L11.CATATTCAGCTGCGAA-1,2,2,5,2,2,86,2,2,69
L11.CATATGGGTTGACGTT-1,3,0,3,3,2,2,3,3,173
L11.CATATGGCATGGTCTA-1,2,2,5,2,2,0,2,2,258
L11.CAGTCCTTCAAACCGT-1,2,2,5,2,2,0,2,2,174
L11.CAGGTGCGTTAGATGA-1,2,2,5,2,4,8,2,2,127
L11.CAGGTGCGTGCAACTT-1,2,2,5,2,2,53,2,2,2
L11.CAGGTGCGTAAGAGAG-1,2,2,5,2,2,0,2,2,259
L11.CAGGTGCAGCGTTTAC-1,2,2,5,2,2,90,2,2,39
L11.CAGCTAAAGGCCATAG-1,2,2,5,2,2,48,2,2,4
L11.CAGCGACGTTCGGGCT-1,2,2,5,2,4,13,2,2,8
L11.CAGCAGCTCTGCCCTA-1,2,2,5,2,2,0,2,2,260
L11.CAGCAGCTCTGAAAGA-1,2,2,5,2,2,74,2,2,5
L11.CAGCAGCCAAAGCAAT-1,2,2,5,2,2,4,2,2,261
L11.CAGAATCCATTCCTCG-1,2,2,5,2,2,0,2,2,262
L11.CACTCCAAGCCGTCGT-1,3,11,3,3,2,2,-1,3,4
L11.CACCAGGGTGAGTGAC-1,2,2,5,2,4,0,2,2,263
L11.CACCAGGCAGTATAAG-1,2,2,5,2,2,0,2,2,264
L11.CACCAGGCACTAAGTC-1,3,0,3,3,2,2,3,3,227
L11.CACCACTTCACTTCAT-1,2,2,5,2,2,8,2,2,72
L11.CACCACTCAACCGCCA-1,3,11,3,3,-1,2,3,3,34
L11.CACATAGGTCCGCTGA-1,3,11,3,3,-1,17,3,3,0
L11.CACAGTATCCGCTGTT-1,2,2,5,2,2,0,2,2,265
L11.CACAGTACATAGACTC-1,3,0,3,3,2,2,3,3,266
L11.CACACTCGTACCAGTT-1,2,2,5,2,2,91,2,2,0
L11.CACACTCGTAATTGGA-1,2,2,5,2,37,0,2,2,0
L11.CACACTCAGAATGTTG-1,3,11,3,3,2,2,3,3,96
L11.CACACCTCATAAGACA-1,2,2,5,2,2,0,2,2,267
L11.CACACAATCCATTCTA-1,2,2,5,2,2,92,2,2,0
L11.CACACAACACCGCTAG-1,2,2,5,2,2,4,2,2,8
L11.CACACAAAGTTGAGAT-1,17,5,5,2,2,0,2,2,130
L11.CAAGTTGGTGCACGAA-1,2,2,5,2,2,0,2,2,268
L11.CAAGGCCTCCGCTGTT-1,2,2,5,2,6,0,2,2,7
L11.CAACCTCTCAATCTCT-1,3,112,3,3,2,2,3,3,0
L11.ATTTCTGAGCTGTTCA-1,2,2,5,2,2,4,2,2,43
L11.ATTTCTGAGCCAGTTT-1,2,2,5,2,2,0,2,2,269
L11.ATTGGTGCAGGTGCCT-1,2,2,5,2,2,3,2,2,92
L11.ATTGGACGTACGCTGC-1,3,0,3,3,2,2,3,3,135
L11.ATTATCCCAGACGCTC-1,3,61,3,3,2,2,3,3,0
L11.ATGTGTGGTGTTCTTT-1,2,2,5,2,2,8,2,15,2
L11.ATGTGTGAGAAACCAT-1,3,41,3,3,2,2,3,3,5
L11.ATGGGAGGTATAATGG-1,2,2,5,2,2,0,2,2,270
L11.ATGGGAGCACCACCAG-1,3,13,3,3,2,2,3,3,5
L11.ATCTGCCTCACGGTTA-1,3,11,3,3,2,2,3,3,223
L11.ATCTGCCAGATGTTAG-1,3,107,3,3,2,2,3,3,7
L11.ATCTACTAGCGATCCC-1,2,2,5,2,2,15,2,2,0
L11.ATCGAGTTCCGTTGTC-1,3,11,3,3,2,0,3,-1,-1
L11.ATCGAGTGTTGGACCC-1,2,2,5,2,2,93,2,2,0
L11.ATCGAGTAGCCACGTC-1,2,2,5,2,2,0,2,2,271
L11.ATCGAGTAGAACTCGG-1,2,2,5,2,13,0,2,2,0
L11.ATCCACCAGGTAGCCA-1,2,2,5,2,2,8,2,2,19
L11.ATCATGGTCTACTCAT-1,2,2,5,2,2,54,2,2,2
L11.ATCATGGCACTACAGT-1,2,2,5,2,2,94,2,2,0
L11.ATAACGCTCCTTTACA-1,2,2,5,2,38,0,2,2,7
L11.AGTTGGTGTTACCGAT-1,2,2,5,2,2,73,2,2,0
L11.AGTTGGTGTCGAAAGC-1,2,2,5,2,25,0,2,2,7
L11.AGTGTCAAGCCCGAAA-1,2,2,-1,-1,2,8,2,2,127
L11.AGTGGGATCGAGAGCA-1,2,2,5,2,2,4,2,2,9
L11.AGTGGGAGTCCTCTTG-1,2,2,5,2,2,0,2,2,272
L11.AGTGAGGTCTTCGAGA-1,3,11,3,3,2,17,3,3,2
L11.AGTGAGGTCTAGCACA-1,3,11,3,3,-1,2,3,3,32
L11.AGTGAGGTCCCTTGCA-1,2,2,5,2,2,95,2,2,0
L11.AGTGAGGCATCTATGG-1,2,2,5,2,0,0,2,2,0
L11.AGTCTTTTCATTGCCC-1,3,107,3,3,2,2,3,3,10
L11.AGGTCCGCATAGACTC-1,2,2,5,2,2,0,2,2,273
L11.AGGGAGTGTGTTAAGA-1,2,2,5,2,2,66,2,2,9
L11.AGGCCACCAGTCTTCC-1,2,2,5,2,2,0,2,2,17
L11.AGCTCTCTCGGCGCAT-1,3,0,3,3,3,2,3,3,46
L11.AGCTCTCGTTCACCTC-1,2,2,5,2,2,96,2,2,274
L11.AGCTCTCCACAACGTT-1,2,2,5,2,2,46,2,2,141
L11.AGCGTCGGTTCTCATT-1,2,2,5,2,2,74,2,2,0
L11.AGCGTATCAGTTTACG-1,2,2,5,2,6,8,2,2,0
L11.AGCGGTCTCACTCCTG-1,2,2,5,2,2,97,2,2,0
L11.AGCCTAAAGGTGTTAA-1,3,22,3,3,2,2,3,3,13
L11.AGCATACGTGCTAGCC-1,2,2,5,2,2,0,2,2,275
L11.AGAGCGATCAGAGACG-1,2,2,5,2,2,0,2,2,276
L11.ACTTTCAGTAGCGTCC-1,2,2,5,2,2,0,2,2,277
L11.ACTTTCAAGGACCACA-1,2,2,5,2,2,59,2,2,2
L11.ACTGTCCTCGTTGCCT-1,2,2,5,2,2,4,2,2,39
L11.ACTGTCCTCCTTGGTC-1,2,2,5,2,2,0,2,2,278
L11.ACTGTCCTCAACGAAA-1,2,2,5,2,2,0,2,2,61
L11.ACTGTCCCACGAAAGC-1,2,2,5,2,2,8,2,2,7
L11.ACTGTCCAGTCGCCGT-1,2,2,5,2,2,98,2,2,2
L11.ACTGCTCGTCGAGATG-1,2,2,5,2,2,0,2,2,279
L11.ACTGATGAGGCGACAT-1,3,11,3,3,2,2,3,3,280
L11.ACTGATGAGATGAGAG-1,2,2,5,2,2,0,2,2,252
L11.ACTGATGAGAATAGGG-1,2,2,5,2,4,3,2,2,33
L11.ACTGAGTCATGTTGAC-1,2,2,5,2,2,87,2,2,0
L11.ACTGAGTCAACACCTA-1,2,2,5,2,22,0,2,2,13
L11.ACTGAACTCTTGCATT-1,2,2,5,2,2,99,2,2,0
L11.ACTGAACCAAGAAGAG-1,3,107,3,3,2,17,3,3,0
L11.ACGGGTCGTCGGATCC-1,-1,-1,5,2,2,0,2,2,2
L11.ACGGGTCCATTAGCCA-1,2,2,5,2,2,0,2,2,281
L11.ACGGGCTGTGTGGCTC-1,2,2,5,2,2,0,2,2,282
L11.ACGGCCAGTCTTCTCG-1,2,2,5,2,2,4,2,2,37
L11.ACGGCCAAGGAATGGA-1,2,2,5,2,2,0,2,3,9
L11.ACGGAGATCCGAAGAG-1,2,2,5,2,2,74,2,2,228
L11.ACGCCGAGTTACGCGC-1,3,17,3,3,2,2,3,3,283
L11.ACGCCAGTCATAACCG-1,2,2,5,2,2,100,2,2,129
L11.ACGCCAGCATTCCTCG-1,3,11,3,3,-1,2,3,3,270
L11.ACGCAGCCAGAGTGTG-1,3,11,3,3,2,-1,3,3,2
L11.ACGAGGAAGATATGCA-1,2,2,5,2,2,0,2,2,284
L11.ACGAGCCGTCATTAGC-1,2,2,5,2,2,66,2,2,7
L11.ACGAGCCGTCAAGCGA-1,2,2,5,2,2,101,2,2,4
L11.ACGAGCCAGCCAGTTT-1,2,2,5,2,2,4,2,2,177
L11.ACCTTTATCGCCTGAG-1,2,2,5,2,2,102,2,2,0
L11.ACCGTAAAGGCTCTTA-1,3,3,5,2,2,2,3,3,0
L11.ACATGGTTCTTTACAC-1,2,2,5,2,2,-1,2,2,33
L11.ACATGGTGTTCGAATC-1,2,2,5,2,4,0,2,2,270
L11.ACATGGTCAGGCAGTA-1,2,2,5,2,2,63,2,2,0
L11.ACATCAGTCTTCGGTC-1,2,2,5,2,2,0,2,2,285
L11.ACATCAGAGCGCTCCA-1,3,11,3,3,2,9,3,3,88
L11.ACAGCCGAGGAATTAC-1,2,2,-1,-1,2,4,2,2,12
L11.ACACCCTTCTAAGCCA-1,2,2,5,2,16,0,2,2,2
L11.AATCGGTTCATTATCC-1,2,2,5,2,2,77,2,2,0
L11.AATCGGTTCATCTGCC-1,2,2,5,2,6,4,2,2,2
L11.AATCCAGGTGTTGGGA-1,3,11,3,3,2,2,3,3,32
L11.AATCCAGGTACGAAAT-1,2,2,5,2,2,103,2,2,0
L11.AAGGCAGCATTTCACT-1,2,2,5,2,2,0,2,2,213
L11.AAGGAGCTCGTCGTTC-1,2,2,5,2,2,0,2,2,286
L11.AAGCCGCTCCTATTCA-1,2,2,5,2,2,73,2,2,53
L11.AAGCCGCAGCTAACAA-1,3,107,5,2,2,0,2,2,0
L11.AAGACCTTCCAGAAGG-1,2,2,5,2,39,0,2,2,11
L11.AACTGGTCAGATGGGT-1,2,2,5,2,2,0,2,2,287
L11.AACTCCCTCTTCATGT-1,3,3,3,3,2,17,3,3,0
L11.AACTCCCTCAGCGACC-1,2,2,5,2,4,25,2,2,4
L11.AACCATGGTATTAGCC-1,2,2,5,2,2,8,2,2,9
L11.AAAGTAGTCAAGAAGT-1,2,2,5,2,2,0,2,2,288
L11.AAAGTAGAGTAGGCCA-1,2,2,5,2,2,0,2,2,289
L11.AAAGTAGAGTACGCGA-1,2,2,5,2,2,0,2,2,290
L11.AAACGGGTCTCGCATC-1,3,11,3,3,2,2,3,3,291
L11.AAACGGGCATGTTCCC-1,3,11,3,3,2,2,3,3,292
L11.AAACGGGCAAGCTGAG-1,2,2,5,2,2,0,2,2,293
L11.AAACCTGGTCTCAACA-1,2,2,5,2,2,-1,2,2,2
L10.TTTGCGCCAGTCCTTC-1,2,2,2,2,22,0,2,2,2
L10.TTGAACGGTATGAATG-1,2,2,2,2,40,0,2,2,2
L10.TTCTTAGAGGTGCACA-1,2,2,2,2,26,0,2,2,2
L10.TTCTCAATCCGCATCT-1,2,2,2,2,-1,-1,-1,2,2
L10.TTAACTCTCTCAAGTG-1,2,2,-1,-1,2,25,2,2,2
L10.TGTTCCGCACCAGGCT-1,2,2,2,2,2,104,2,2,2
L10.TGTCCCACAGGGTATG-1,2,2,2,2,13,0,2,2,2
L10.TGTATTCAGACCACGA-1,2,2,2,2,-1,3,2,2,2
L10.TGCTGCTGTGTTTGGT-1,2,2,2,2,2,105,2,2,2
L10.TGCTGCTGTAAGTGTA-1,2,2,2,2,2,71,2,2,2
L10.TGCTACCGTACTTCTT-1,2,2,-1,-1,2,-1,2,2,2
L10.TGCCCATGTAGCGCTC-1,2,2,2,2,2,5,2,2,2
L10.TGATTTCGTCGCTTCT-1,2,2,2,2,2,15,2,2,2
L10.TGATTTCAGAAACCAT-1,2,2,2,2,-1,-1,2,-1,-1
L10.TGAGGGATCTCGAGTA-1,2,2,2,2,2,106,2,2,2
L10.TGAGCATTCTAACTTC-1,2,2,2,2,2,107,2,2,2
L10.TGACGGCAGTATCTCG-1,2,2,2,2,2,108,2,2,2
L10.TGACGGCAGGGTGTGT-1,2,2,2,2,2,0,2,16,2
L10.TGAAAGAGTCCGCTGA-1,3,13,2,2,2,2,3,3,2
L10.TCGTAGAGTTGTTTGG-1,2,2,2,2,-1,33,2,2,2
L10.TCGTAGAAGCGTGAGT-1,2,2,2,2,-1,109,2,2,2
L10.TCGCGAGAGCAGGCTA-1,2,2,2,2,4,13,2,2,2
L10.TCATTTGTCGGTCCGA-1,-1,-1,2,2,2,4,2,2,2
L10.TCATTTGGTCTAACGT-1,2,2,2,2,2,10,2,2,2
L10.TCATTACCAAGCTGGA-1,-1,-1,2,2,-1,0,2,2,2
L10.TCAGGTAGTTGATTCG-1,2,2,-1,-1,2,-1,2,-1,-1
L10.TCAGGTAGTACTTCTT-1,2,2,2,2,-1,4,2,2,2
L10.TAGTTGGTCTTCATGT-1,2,2,2,2,2,0,-1,2,2
L10.TAGTTGGAGGTGGGTT-1,2,2,2,2,2,110,2,2,2
L10.TAGGCATTCAAACAAG-1,2,2,2,2,2,0,2,15,2
L10.TAGGCATAGAGTACCG-1,2,2,2,2,39,-1,2,2,2
L10.TAGAGCTAGAGTCGGT-1,2,2,2,2,2,111,2,2,2
L10.TACGGGCTCAGAGACG-1,2,2,2,2,2,112,2,2,2
L10.TACGGATTCGCAGGCT-1,2,2,2,2,2,113,2,2,2
L10.TACCTTAGTCTAGTCA-1,2,2,2,2,25,0,2,2,2
L10.GTTTCTACAAGCGATG-1,2,2,2,2,4,0,2,-1,-1
L10.GTTACAGTCGGAAATA-1,2,2,2,2,4,-1,2,-1,-1
L10.GTGGGTCCATGGGAAC-1,2,2,2,2,6,0,2,2,2
L10.GTGCGGTCACGAGGTA-1,2,2,2,2,15,0,2,2,2
L10.GTGCATAGTTATCCGA-1,19,113,2,2,39,0,2,2,2
L10.GTCATTTAGTAAGTAC-1,2,2,2,2,2,54,2,2,2
L10.GTCACGGTCCACGTTC-1,2,2,2,2,2,73,2,2,2
L10.GTCACGGAGAAGGACA-1,2,2,2,2,-1,9,2,2,2
L10.GTATTCTCAGCCAGAA-1,2,2,2,2,-1,114,2,2,2
L10.GTACTTTAGACCACGA-1,2,2,2,2,4,8,2,2,2
L10.GGGCACTTCTTACCTA-1,2,2,2,2,-1,15,2,2,2
L10.GGGCACTGTCACCTAA-1,2,2,2,2,-1,115,2,2,2
L10.GGCGACTAGCGCTTAT-1,2,2,2,2,41,0,2,2,2
L10.GGATTACGTTTGACAC-1,2,2,-1,-1,2,9,2,-1,-1
L10.GGACATTCACATCCGG-1,2,2,-1,-1,2,116,2,2,2
L10.GGACAGAAGTGAACAT-1,2,2,2,2,2,101,2,2,2
L10.GGACAGAAGATACACA-1,2,2,14,5,2,0,2,2,2
L10.GCTCCTATCTCGTTTA-1,2,2,2,2,34,0,2,2,2
L10.GCGCAACAGATGCCAG-1,2,2,-1,-1,4,0,2,2,2
L10.GCGAGAAAGTGTTAGA-1,2,2,2,2,2,117,2,2,2
L10.GCCAAATGTTCCAACA-1,-1,-1,-1,-1,-1,-1,2,2,2
L10.GCATGATGTATTACCG-1,-1,-1,2,2,2,-1,2,-1,-1
L10.GATCGATGTCAATGTC-1,2,2,2,2,2,118,2,2,2
L10.GAGTCCGAGTTTAGGA-1,2,2,2,2,7,8,2,2,2
L10.GAGGTGAAGGATGGAA-1,2,2,2,2,2,49,2,2,2
L10.GACTACACACAGCCCA-1,2,2,2,2,2,119,2,2,2
L10.GACGTTAGTCCTCTTG-1,2,2,2,2,2,98,2,2,2
L10.GACCAATCAACTTGAC-1,2,2,2,2,4,112,2,2,2
L10.GAACATCAGTCCGTAT-1,20,44,4,18,8,120,3,-1,-1
L10.GAAATGACACGGCTAC-1,2,2,2,2,-1,14,2,2,2
L10.CTCTACGCACAGGCCT-1,2,2,-1,-1,42,0,2,2,2
L10.CTCGTACGTTGCGTTA-1,2,2,2,2,2,16,2,-1,-1
L10.CTCGAAAGTACCCAAT-1,2,2,2,2,2,89,2,2,2
L10.CTCACACGTAATAGCA-1,2,2,2,2,-1,13,2,2,2
L10.CTAGAGTAGTTCGATC-1,2,2,2,2,2,121,2,2,2
L10.CTAACTTCACAGCCCA-1,2,2,2,2,2,100,2,2,2
L10.CGTTGGGGTCGCTTTC-1,2,2,2,2,2,122,2,2,2
L10.CGTGTAATCGCATGGC-1,2,2,2,2,43,0,2,2,2
L10.CGGGTCACACTGCCAG-1,2,2,2,2,2,26,2,2,2
L10.CGGCTAGGTCTCCCTA-1,2,2,2,2,2,53,2,2,2
L10.CGGACTGCAGGCGATA-1,2,2,2,2,2,123,2,2,2
L10.CGCTTCACATTAACCG-1,2,2,2,2,25,-1,2,2,2
L10.CGATGTACAAGGGTCA-1,2,2,2,2,3,0,2,2,2
L10.CGAGAAGCATACGCTA-1,2,2,2,2,2,124,2,2,2
L10.CGAATGTAGTTGCAGG-1,3,3,-1,-1,2,2,3,-1,-1
L10.CCTCTGAGTCTCAACA-1,2,2,2,2,2,125,2,2,2
L10.CCTAGCTTCTCTAGGA-1,2,2,2,2,-1,126,2,2,2
L10.CCGGGATAGCTTTGGT-1,2,2,2,2,39,0,2,2,2
L10.CCCATACCACCGAATT-1,2,2,2,2,2,66,2,2,2
L10.CCCAGTTAGCTGTTCA-1,2,2,2,2,2,127,2,2,2
L10.CCATTCGTCAGTACGT-1,2,2,2,2,2,8,2,-1,-1
L10.CCATGTCAGATCCCGC-1,2,2,2,2,-1,0,-1,2,2
L10.CCACTACTCACGATGT-1,2,2,2,2,-1,128,2,2,2
L10.CCACCTACAATGGACG-1,2,2,-1,-1,2,4,2,2,2
L10.CCACCTAAGCTAACAA-1,-1,-1,-1,-1,-1,0,2,2,2
L10.CATCCACAGAAACGAG-1,2,2,2,2,2,5,2,-1,-1
L10.CACAGTAAGATGGCGT-1,2,2,2,2,2,50,2,2,2
L10.CACACAACACGGTAAG-1,2,2,2,2,2,129,2,2,2
L10.CAAGTTGCACAACGTT-1,2,2,2,2,44,0,2,2,2
L10.ATTGGTGGTTCGCTAA-1,2,2,2,2,-1,5,2,2,2
L10.ATTACTCTCAGCACAT-1,2,2,2,2,2,130,2,2,2
L10.ATCCACCTCTTTACGT-1,3,12,-1,-1,-1,2,3,3,13
L10.ATAGACCCAACTGCTA-1,2,2,2,2,45,0,2,2,2
L10.ATAACGCTCTCGATGA-1,2,2,2,2,2,64,2,2,2
L10.AGCGTATCACCTGGTG-1,2,2,2,2,2,131,2,2,2
L10.AGCCTAAGTAGCTTGT-1,2,2,2,2,2,132,2,2,2
L10.AGCATACTCTAGCACA-1,2,2,-1,-1,-1,-1,2,2,2
L10.AGATTGCCATTCCTGC-1,2,2,2,2,2,133,2,2,2
L10.AGAATAGAGCTAACAA-1,2,2,2,2,2,134,2,2,2
L10.ACTTTCAGTGATGTCT-1,2,2,2,2,2,0,-1,-1,-1
L10.ACTGAACCACAGCGTC-1,2,2,2,2,2,135,2,2,2
L10.ACGGCCATCAGTCCCT-1,2,2,2,2,4,-1,2,2,2
L10.ACACCCTAGTAATCCC-1,2,2,2,2,2,136,2,2,2
L10.AATCGGTCAAGCCATT-1,2,2,2,2,46,0,2,2,2
L10.AAGGTTCCAAGTCATC-1,-1,-1,2,2,-1,-1,2,2,2
L10.AACACGTAGCTAGTGG-1,2,2,2,2,2,137,2,2,2
L10.AAACCTGAGCTCCTCT-1,2,2,2,2,19,0,2,2,2
