num_chars,alphabet_size,seed_prior,num_cells,seq_prior,algorithm,memory_usage,cpu_usage,runtime
30,30,1,250,1,laml_fastEM_cpu,505240,68.43,89.0
30,30,1,250,2,laml_fastEM_cpu,503468,68.24,68.0
30,30,1,250,3,laml_fastEM_cpu,510900,68.8,135.0
30,30,1,250,4,laml_fastEM_cpu,499760,69.88,117.0
30,30,1,250,5,laml_fastEM_cpu,502440,68.06,147.0
30,30,2,250,1,laml_fastEM_cpu,506616,67.92,59.0
30,30,2,250,2,laml_fastEM_cpu,504364,67.29,82.0
30,30,2,250,3,laml_fastEM_cpu,494880,67.95,77.0
30,30,2,250,4,laml_fastEM_cpu,502500,69.29,102.0
30,30,2,250,5,laml_fastEM_cpu,508180,68.14,93.0
30,30,3,250,1,laml_fastEM_cpu,507200,70.37,111.0
30,30,3,250,2,laml_fastEM_cpu,502660,70.89,140.0
30,30,3,250,3,laml_fastEM_cpu,505492,70.38,140.0
30,30,3,250,4,laml_fastEM_cpu,504784,70.49,126.0
30,30,3,250,5,laml_fastEM_cpu,504572,70.8,145.0
30,30,4,250,1,laml_fastEM_cpu,506500,68.56,85.0
30,30,4,250,2,laml_fastEM_cpu,503404,68.84,85.0
30,30,4,250,3,laml_fastEM_cpu,503616,67.93,122.0
30,30,4,250,4,laml_fastEM_cpu,504264,67.56,88.0
30,30,4,250,5,laml_fastEM_cpu,504464,70.33,211.0
30,30,5,250,1,laml_fastEM_cpu,500208,68.19,120.0
30,30,5,250,2,laml_fastEM_cpu,502268,67.56,149.0
30,30,5,250,3,laml_fastEM_cpu,507836,68.65,101.0
30,30,5,250,4,laml_fastEM_cpu,506012,68.06,116.0
30,30,5,250,5,laml_fastEM_cpu,495524,69.53,122.0
30,30,6,250,1,laml_fastEM_cpu,500176,68.95,86.0
30,30,6,250,2,laml_fastEM_cpu,509388,69.29,91.0
30,30,6,250,3,laml_fastEM_cpu,500748,70.85,152.0
30,30,6,250,4,laml_fastEM_cpu,501580,71.63,156.0
30,30,6,250,5,laml_fastEM_cpu,498696,69.17,105.0
30,30,7,250,1,laml_fastEM_cpu,500648,72.39,107.0
30,30,7,250,2,laml_fastEM_cpu,501564,71.52,94.0
30,30,7,250,3,laml_fastEM_cpu,497784,70.84,125.0
30,30,7,250,4,laml_fastEM_cpu,500688,69.29,79.0
30,30,7,250,5,laml_fastEM_cpu,498120,69.5,63.0
30,30,8,250,1,laml_fastEM_cpu,502772,70.0,83.0
30,30,8,250,2,laml_fastEM_cpu,504208,70.8,136.0
30,30,8,250,3,laml_fastEM_cpu,499476,68.63,83.0
30,30,8,250,4,laml_fastEM_cpu,500908,70.41,126.0
30,30,8,250,5,laml_fastEM_cpu,491512,70.31,92.0
30,30,9,250,1,laml_fastEM_cpu,505040,71.44,96.0
30,30,9,250,2,laml_fastEM_cpu,500260,72.64,73.0
30,30,9,250,3,laml_fastEM_cpu,499408,71.11,141.0
30,30,9,250,4,laml_fastEM_cpu,500568,72.28,118.0
30,30,9,250,5,laml_fastEM_cpu,500476,72.47,98.0
30,30,10,250,1,laml_fastEM_cpu,505616,69.54,82.0
30,30,10,250,2,laml_fastEM_cpu,501324,68.44,83.0
30,30,10,250,3,laml_fastEM_cpu,506560,69.07,67.0
30,30,10,250,4,laml_fastEM_cpu,495748,69.43,78.0
30,30,10,250,5,laml_fastEM_cpu,492192,68.34,67.0
30,30,1,500,1,laml_fastEM_cpu,541896,68.18,285.0
30,30,1,500,2,laml_fastEM_cpu,548836,69.26,182.0
30,30,1,500,3,laml_fastEM_cpu,538440,69.1,254.0
30,30,1,500,4,laml_fastEM_cpu,536192,70.46,264.0
30,30,1,500,5,laml_fastEM_cpu,545216,72.25,266.0
30,30,2,500,1,laml_fastEM_cpu,544444,70.78,312.0
30,30,2,500,2,laml_fastEM_cpu,536952,69.03,332.0
30,30,2,500,3,laml_fastEM_cpu,547440,71.63,347.0
30,30,2,500,4,laml_fastEM_cpu,546388,68.95,377.0
30,30,2,500,5,laml_fastEM_cpu,541652,68.75,379.0
30,30,3,500,1,laml_fastEM_cpu,551872,71.68,226.0
30,30,3,500,2,laml_fastEM_cpu,547740,72.64,283.0
30,30,3,500,3,laml_fastEM_cpu,550312,72.16,274.0
30,30,3,500,4,laml_fastEM_cpu,539088,72.14,226.0
30,30,3,500,5,laml_fastEM_cpu,552576,73.56,205.0
30,30,4,500,1,laml_fastEM_cpu,547748,73.1,217.0
30,30,4,500,2,laml_fastEM_cpu,545780,72.29,224.0
30,30,4,500,3,laml_fastEM_cpu,540460,71.36,267.0
30,30,4,500,4,laml_fastEM_cpu,532548,71.69,281.0
30,30,4,500,5,laml_fastEM_cpu,532100,69.87,198.0
30,30,5,500,1,laml_fastEM_cpu,534952,70.11,190.0
30,30,5,500,2,laml_fastEM_cpu,535592,69.89,311.0
30,30,5,500,3,laml_fastEM_cpu,528992,68.32,206.0
30,30,5,500,4,laml_fastEM_cpu,544376,69.63,200.0
30,30,5,500,5,laml_fastEM_cpu,539724,72.32,272.0
30,30,6,500,1,laml_fastEM_cpu,530104,69.64,211.0
30,30,6,500,2,laml_fastEM_cpu,554728,74.01,277.0
30,30,6,500,3,laml_fastEM_cpu,525316,70.31,225.0
30,30,6,500,4,laml_fastEM_cpu,536972,69.71,279.0
30,30,6,500,5,laml_fastEM_cpu,541148,69.56,190.0
30,30,7,500,1,laml_fastEM_cpu,544020,72.32,219.0
30,30,7,500,2,laml_fastEM_cpu,525516,68.53,269.0
30,30,7,500,3,laml_fastEM_cpu,530888,71.38,250.0
30,30,7,500,4,laml_fastEM_cpu,539948,68.25,212.0
30,30,7,500,5,laml_fastEM_cpu,530684,70.07,261.0
30,30,8,500,1,laml_fastEM_cpu,543632,68.56,158.0
30,30,8,500,2,laml_fastEM_cpu,542776,68.49,159.0
30,30,8,500,3,laml_fastEM_cpu,537784,70.94,194.0
30,30,8,500,4,laml_fastEM_cpu,531464,70.02,180.0
30,30,8,500,5,laml_fastEM_cpu,541512,67.81,189.0
30,30,9,500,1,laml_fastEM_cpu,532348,71.52,253.0
30,30,9,500,2,laml_fastEM_cpu,554164,73.78,235.0
30,30,9,500,3,laml_fastEM_cpu,546232,72.47,203.0
30,30,9,500,4,laml_fastEM_cpu,535176,70.47,316.0
30,30,9,500,5,laml_fastEM_cpu,550560,72.49,217.0
30,30,10,500,1,laml_fastEM_cpu,547236,70.34,229.0
30,30,10,500,2,laml_fastEM_cpu,542932,70.54,209.0
30,30,10,500,3,laml_fastEM_cpu,536628,71.33,275.0
30,30,10,500,4,laml_fastEM_cpu,532944,69.34,223.0
30,30,10,500,5,laml_fastEM_cpu,541744,70.37,254.0
30,100,1,250,1,laml_fastEM_cpu,491248,71.51,103.0
30,100,1,250,2,laml_fastEM_cpu,489548,72.42,105.0
30,100,1,250,3,laml_fastEM_cpu,492836,70.52,108.0
30,100,1,250,4,laml_fastEM_cpu,497940,73.71,152.0
30,100,1,250,5,laml_fastEM_cpu,498108,73.21,115.0
30,100,2,250,1,laml_fastEM_cpu,497708,68.77,73.0
30,100,2,250,2,laml_fastEM_cpu,502208,68.15,86.0
30,100,2,250,3,laml_fastEM_cpu,495004,67.45,61.0
30,100,2,250,4,laml_fastEM_cpu,495288,69.02,108.0
30,100,2,250,5,laml_fastEM_cpu,496964,69.91,104.0
30,100,3,250,1,laml_fastEM_cpu,496056,71.36,70.0
30,100,3,250,2,laml_fastEM_cpu,496800,72.77,115.0
30,100,3,250,3,laml_fastEM_cpu,501864,72.4,151.0
30,100,3,250,4,laml_fastEM_cpu,495372,73.13,101.0
30,100,3,250,5,laml_fastEM_cpu,503348,75.19,146.0
30,100,4,250,1,laml_fastEM_cpu,498204,71.53,102.0
30,100,4,250,2,laml_fastEM_cpu,499804,71.56,76.0
30,100,4,250,3,laml_fastEM_cpu,493424,70.4,84.0
30,100,4,250,4,laml_fastEM_cpu,495784,71.97,122.0
30,100,4,250,5,laml_fastEM_cpu,502244,72.89,75.0
30,100,5,250,1,laml_fastEM_cpu,494412,68.36,65.0
30,100,5,250,2,laml_fastEM_cpu,501888,68.65,99.0
30,100,5,250,3,laml_fastEM_cpu,497784,68.56,68.0
30,100,5,250,4,laml_fastEM_cpu,501060,70.49,138.0
30,100,5,250,5,laml_fastEM_cpu,495084,71.62,105.0
30,100,6,250,1,laml_fastEM_cpu,500568,70.9,168.0
30,100,6,250,2,laml_fastEM_cpu,499748,69.6,74.0
30,100,6,250,3,laml_fastEM_cpu,500536,71.29,91.0
30,100,6,250,4,laml_fastEM_cpu,490.50M,72.58,115.0
30,100,6,250,5,laml_fastEM_cpu,494996,72.51,105.0
30,100,7,250,1,laml_fastEM_cpu,492824,69.94,103.0
30,100,7,250,2,laml_fastEM_cpu,498556,70.89,88.0
30,100,7,250,3,laml_fastEM_cpu,499088,71.94,92.0
30,100,7,250,4,laml_fastEM_cpu,497968,71.78,103.0
30,100,7,250,5,laml_fastEM_cpu,497676,68.81,96.0
30,100,8,250,1,laml_fastEM_cpu,491848,70.75,98.0
30,100,8,250,2,laml_fastEM_cpu,488936,69.76,109.0
30,100,8,250,3,laml_fastEM_cpu,495564,69.97,118.0
30,100,8,250,4,laml_fastEM_cpu,500832,71.41,110.0
30,100,8,250,5,laml_fastEM_cpu,491600,68.01,50.0
30,100,9,250,1,laml_fastEM_cpu,493496,68.27,78.0
30,100,9,250,2,laml_fastEM_cpu,503384,70.51,61.0
30,100,9,250,3,laml_fastEM_cpu,495800,72.63,94.0
30,100,9,250,4,laml_fastEM_cpu,504744,72.22,126.0
30,100,9,250,5,laml_fastEM_cpu,491496,71.78,120.0
30,100,10,250,1,laml_fastEM_cpu,501012,70.7,110.0
30,100,10,250,2,laml_fastEM_cpu,496064,70.84,94.0
30,100,10,250,3,laml_fastEM_cpu,497932,69.14,75.0
30,100,10,250,4,laml_fastEM_cpu,494180,73.96,125.0
30,100,10,250,5,laml_fastEM_cpu,491172,70.29,104.0
30,100,1,500,1,laml_fastEM_cpu,548024,71.47,219.0
30,100,1,500,2,laml_fastEM_cpu,540652,69.35,216.0
30,100,1,500,3,laml_fastEM_cpu,538356,71.46,281.0
30,100,1,500,4,laml_fastEM_cpu,532984,70.69,249.0
30,100,1,500,5,laml_fastEM_cpu,554704,71.93,180.0
30,100,2,500,1,laml_fastEM_cpu,538272,69.48,251.0
30,100,2,500,2,laml_fastEM_cpu,533164,68.91,200.0
30,100,2,500,3,laml_fastEM_cpu,527716,69.0,194.0
30,100,2,500,4,laml_fastEM_cpu,536936,70.12,234.0
30,100,2,500,5,laml_fastEM_cpu,550328,72.81,262.0
30,100,3,500,1,laml_fastEM_cpu,536644,71.71,249.0
30,100,3,500,2,laml_fastEM_cpu,543004,74.24,246.0
30,100,3,500,3,laml_fastEM_cpu,539276,72.72,222.0
30,100,3,500,4,laml_fastEM_cpu,546708,74.3,260.0
30,100,3,500,5,laml_fastEM_cpu,544976,75.97,296.0
30,100,4,500,1,laml_fastEM_cpu,551884,70.71,254.0
30,100,4,500,2,laml_fastEM_cpu,534300,72.05,262.0
30,100,4,500,3,laml_fastEM_cpu,536232,68.89,254.0
30,100,4,500,4,laml_fastEM_cpu,526.50M,69.74,230.0
30,100,4,500,5,laml_fastEM_cpu,548804,71.88,224.0
30,100,5,500,1,laml_fastEM_cpu,531520,71.41,263.0
30,100,5,500,2,laml_fastEM_cpu,549560,72.66,242.0
30,100,5,500,3,laml_fastEM_cpu,541256,69.23,201.0
30,100,5,500,4,laml_fastEM_cpu,548184,69.48,177.0
30,100,5,500,5,laml_fastEM_cpu,546080,70.32,304.0
30,100,6,500,1,laml_fastEM_cpu,538328,72.18,258.0
30,100,6,500,2,laml_fastEM_cpu,549452,71.92,185.0
30,100,6,500,3,laml_fastEM_cpu,546596,72.19,208.0
30,100,6,500,4,laml_fastEM_cpu,547368,72.44,206.0
30,100,6,500,5,laml_fastEM_cpu,557908,73.13,229.0
30,100,7,500,1,laml_fastEM_cpu,538388,71.28,294.0
30,100,7,500,2,laml_fastEM_cpu,553892,70.98,181.0
30,100,7,500,3,laml_fastEM_cpu,542900,69.48,173.0
30,100,7,500,4,laml_fastEM_cpu,534072,70.81,220.0
30,100,7,500,5,laml_fastEM_cpu,537112,69.13,213.0
30,100,8,500,1,laml_fastEM_cpu,532580,70.75,230.0
30,100,8,500,2,laml_fastEM_cpu,533032,68.27,183.0
30,100,8,500,3,laml_fastEM_cpu,544536,68.58,231.0
30,100,8,500,4,laml_fastEM_cpu,538468,69.32,174.0
30,100,8,500,5,laml_fastEM_cpu,538688,69.1,190.0
30,100,9,500,1,laml_fastEM_cpu,540136,70.23,273.0
30,100,9,500,2,laml_fastEM_cpu,539656,69.64,232.0
30,100,9,500,3,laml_fastEM_cpu,546504,70.01,196.0
30,100,9,500,4,laml_fastEM_cpu,537988,70.57,195.0
30,100,9,500,5,laml_fastEM_cpu,535684,70.16,209.0
30,100,10,500,1,laml_fastEM_cpu,533724,69.9,192.0
30,100,10,500,2,laml_fastEM_cpu,546280,69.66,197.0
30,100,10,500,3,laml_fastEM_cpu,551144,70.84,274.0
30,100,10,500,4,laml_fastEM_cpu,538872,70.89,213.0
30,100,10,500,5,laml_fastEM_cpu,551548,68.92,226.0
30,100,2,500,2,laml_fastEM_gpu,36252418.048,72.0,15314.14
30,30,6,250,4,laml_fastEM_gpu,,,3921.06
30,100,1,250,5,laml_fastEM_gpu,36248223.744,67.0,4085.29
30,30,3,250,4,laml_fastEM_gpu,,,3659.88
30,30,8,250,1,laml_fastEM_gpu,,,9132.88
30,30,1,500,2,laml_fastEM_gpu,36252418.048,75.0,16798.22
30,30,4,250,2,laml_fastEM_gpu,,,5112.99
30,30,3,250,1,laml_fastEM_gpu,,,4456.07
30,100,2,250,2,laml_fastEM_gpu,36248223.744,69.0,3814.73
30,100,2,250,1,laml_fastEM_gpu,,,5281.24
30,30,2,1000,1,laml_fastEM_gpu,36250320.896,57.0,37898.26
30,30,2,500,3,laml_fastEM_gpu,36252418.048,71.0,17857.18
30,30,2,1000,2,laml_fastEM_gpu,36252418.048,54.0,31461.21
30,100,6,250,4,laml_fastEM_gpu,,,4434.97
30,100,3,250,5,laml_fastEM_gpu,,,4096.89
30,30,8,250,5,laml_fastEM_gpu,,,5279.37
30,100,5,250,3,laml_fastEM_gpu,,,4651.06
30,30,2,1000,4,laml_fastEM_gpu,36252418.048,71.0,35513.63
30,30,9,250,2,laml_fastEM_gpu,,,4236.43
30,30,9,250,1,laml_fastEM_gpu,,,5676.55
30,30,7,250,4,laml_fastEM_gpu,,,6929.03
30,100,2,1000,2,laml_fastEM_gpu,36252418.048,71.0,34923.06
30,100,2,1000,4,laml_fastEM_gpu,36252418.048,70.0,32793.55
30,30,1,250,1,laml_fastEM_gpu,36248223.744,73.0,1841.51
30,100,1,500,1,laml_fastEM_gpu,36252418.048,70.0,15435.02
30,100,10,250,3,laml_fastEM_gpu,,,5189.47
30,100,5,250,1,laml_fastEM_gpu,,,6342.15
30,100,10,250,1,laml_fastEM_gpu,,,7038.77
30,30,2,500,1,laml_fastEM_gpu,36252418.048,76.0,29594.77
30,100,9,250,5,laml_fastEM_gpu,,,4406.44
30,100,9,250,3,laml_fastEM_gpu,,,3805.56
30,30,6,250,2,laml_fastEM_gpu,,,9937.04
30,100,5,250,4,laml_fastEM_gpu,,,4758.68
30,30,2,500,2,laml_fastEM_gpu,36252418.048,71.0,16249.98
30,100,1,5000,4,laml_fastEM_gpu,36252418.048,88.0,151231.17
30,30,1,1000,4,laml_fastEM_gpu,36252418.048,71.0,26658.42
30,30,8,250,2,laml_fastEM_gpu,,,8010.98
30,30,6,250,5,laml_fastEM_gpu,,,3611.69
30,30,2,250,4,laml_fastEM_gpu,36248223.744,68.0,3581.91
30,30,3,250,3,laml_fastEM_gpu,,,4349.69
30,100,8,250,3,laml_fastEM_gpu,,,8279.92
30,100,3,250,2,laml_fastEM_gpu,,,8222.45
30,100,3,250,4,laml_fastEM_gpu,,,8405.83
30,30,1,500,5,laml_fastEM_gpu,36252418.048,56.0,11306.53
30,100,1,500,5,laml_fastEM_gpu,36252418.048,74.0,14292.1
30,30,4,250,5,laml_fastEM_gpu,,,8929.76
30,100,3,250,1,laml_fastEM_gpu,,,5782.35
30,30,5,250,3,laml_fastEM_gpu,,,8271.37
30,100,3,250,3,laml_fastEM_gpu,,,8178.88
30,30,5,250,1,laml_fastEM_gpu,,,6089.15
30,30,10,250,2,laml_fastEM_gpu,,,5829.39
30,100,1,1000,2,laml_fastEM_gpu,36246126.592,56.0,32538.69
30,30,2,250,2,laml_fastEM_gpu,36248223.744,69.0,5208.39
30,30,10,250,4,laml_fastEM_gpu,,,6230.61
30,30,2,500,5,laml_fastEM_gpu,36252418.048,73.0,13293.31
30,100,2,500,3,laml_fastEM_gpu,36252418.048,55.0,14456.37
30,30,1,1000,1,laml_fastEM_gpu,36252418.048,55.0,30009.02
30,30,7,250,2,laml_fastEM_gpu,,,3728.67
30,100,4,250,3,laml_fastEM_gpu,,,6582.95
30,30,5,250,4,laml_fastEM_gpu,,,5304.38
30,100,1,1000,4,laml_fastEM_gpu,36252418.048,56.0,30232.88
30,100,1,5000,3,laml_fastEM_gpu,36252418.048,91.0,164824.0
30,30,1,250,4,laml_fastEM_gpu,36248223.744,70.0,4341.6
30,100,6,250,5,laml_fastEM_gpu,,,6594.85
30,100,4,250,4,laml_fastEM_gpu,,,5071.47
30,30,7,250,5,laml_fastEM_gpu,,,5069.12
30,100,7,250,3,laml_fastEM_gpu,,,5464.74
30,100,4,250,2,laml_fastEM_gpu,,,5971.9
30,30,4,250,3,laml_fastEM_gpu,,,4757.63
30,100,1,250,2,laml_fastEM_gpu,36248223.744,55.0,3307.59
30,100,1,250,1,laml_fastEM_gpu,36248223.744,53.0,2776.63
30,100,4,250,1,laml_fastEM_gpu,,,6957.18
30,30,9,250,3,laml_fastEM_gpu,,,7756.22
30,30,7,250,1,laml_fastEM_gpu,,,5379.58
30,100,5,250,2,laml_fastEM_gpu,,,5297.08
30,100,1,500,3,laml_fastEM_gpu,36250320.896,70.0,14138.68
30,30,2,1000,3,laml_fastEM_gpu,36250320.896,70.0,26969.29
30,30,1,500,1,laml_fastEM_gpu,36252418.048,70.0,12473.16
30,30,1,1000,2,laml_fastEM_gpu,36252418.048,73.0,32578.9
30,30,7,250,3,laml_fastEM_gpu,,,4919.03
30,30,8,250,4,laml_fastEM_gpu,,,4797.44
30,100,2,500,4,laml_fastEM_gpu,36252418.048,58.0,13574.0
30,30,10,250,3,laml_fastEM_gpu,,,3057.49
30,100,9,250,2,laml_fastEM_gpu,,,7565.41
30,100,2,250,5,laml_fastEM_gpu,36248223.744,50.0,5230.54
30,100,9,250,4,laml_fastEM_gpu,,,4464.35
30,30,9,250,5,laml_fastEM_gpu,,,5178.95
30,100,1,1000,5,laml_fastEM_gpu,36252418.048,71.0,33844.48
30,30,2,1000,5,laml_fastEM_gpu,36252418.048,55.0,31258.47
30,100,8,250,1,laml_fastEM_gpu,,,5296.87
30,30,1,250,5,laml_fastEM_gpu,36248223.744,70.0,2061.81
30,30,2,250,5,laml_fastEM_gpu,36248223.744,68.0,7666.91
30,30,1,500,4,laml_fastEM_gpu,36250320.896,75.0,15037.43
30,30,3,250,2,laml_fastEM_gpu,,,8459.32
30,100,6,250,3,laml_fastEM_gpu,,,3350.19
30,100,7,250,4,laml_fastEM_gpu,,,5422.68
30,100,1,5000,1,laml_fastEM_gpu,36252418.048,88.0,168955.53
30,30,6,250,3,laml_fastEM_gpu,,,5368.69
30,30,4,250,4,laml_fastEM_gpu,,,5762.35
30,100,2,1000,3,laml_fastEM_gpu,36252418.048,56.0,28853.43
30,30,8,250,3,laml_fastEM_gpu,,,8068.49
30,100,6,250,1,laml_fastEM_gpu,,,7531.79
30,100,10,250,4,laml_fastEM_gpu,,,6617.95
30,30,6,250,1,laml_fastEM_gpu,,,4374.71
30,100,10,250,2,laml_fastEM_gpu,,,4615.09
30,100,2,500,1,laml_fastEM_gpu,36252418.048,79.0,13024.72
30,30,10,250,1,laml_fastEM_gpu,,,4363.95
30,30,9,250,4,laml_fastEM_gpu,,,6062.71
30,100,8,250,2,laml_fastEM_gpu,,,4833.85
30,100,1,250,3,laml_fastEM_gpu,36248223.744,75.0,6391.43
30,100,2,250,3,laml_fastEM_gpu,36248223.744,70.0,6095.05
30,30,1,500,3,laml_fastEM_gpu,36250320.896,57.0,12375.94
30,100,1,500,2,laml_fastEM_gpu,36250320.896,63.0,18263.43
30,100,1,1000,1,laml_fastEM_gpu,36252418.048,63.0,34445.76
30,30,10,250,5,laml_fastEM_gpu,,,9120.71
30,30,4,250,1,laml_fastEM_gpu,,,7850.78
30,100,2,250,4,laml_fastEM_gpu,36248223.744,50.0,4486.82
30,100,7,250,1,laml_fastEM_gpu,,,4725.69
30,30,2,250,1,laml_fastEM_gpu,36248223.744,55.0,4274.95
30,30,1,1000,3,laml_fastEM_gpu,36252418.048,56.0,29479.33
30,30,1,250,2,laml_fastEM_gpu,36248223.744,70.0,4150.83
30,30,2,250,3,laml_fastEM_gpu,,,5112.18
30,30,1,1000,5,laml_fastEM_gpu,36252418.048,75.0,23481.57
30,100,6,250,2,laml_fastEM_gpu,,,6399.93
30,30,3,250,5,laml_fastEM_gpu,,,3099.62
30,100,5,250,5,laml_fastEM_gpu,,,7155.3
30,30,5,250,5,laml_fastEM_gpu,,,6515.83
30,100,2,1000,5,laml_fastEM_gpu,36252418.048,56.0,26772.06
30,100,1,500,4,laml_fastEM_gpu,36250320.896,76.0,13733.69
30,100,10,250,5,laml_fastEM_gpu,,,6097.77
30,100,9,250,1,laml_fastEM_gpu,,,4777.5
30,100,1,250,4,laml_fastEM_gpu,36248223.744,71.0,4539.6
30,100,2,500,5,laml_fastEM_gpu,36252418.048,60.0,11435.62
30,100,7,250,2,laml_fastEM_gpu,,,8381.22
30,100,2,1000,1,laml_fastEM_gpu,36252418.048,75.0,30310.28
30,30,5,250,2,laml_fastEM_gpu,,,5687.64
30,100,7,250,5,laml_fastEM_gpu,,,6727.18
30,30,1,250,3,laml_fastEM_gpu,36248223.744,52.0,5411.5
30,30,2,500,4,laml_fastEM_gpu,36250320.896,73.0,12761.21
30,100,8,250,5,laml_fastEM_gpu,,,6803.81
30,100,4,250,5,laml_fastEM_gpu,,,6485.28
30,100,8,250,4,laml_fastEM_gpu,,,4139.37
30,30,2,250,3,greedy,3672,0.0,0.0
30,30,3,250,1,greedy,3680,0.0,0.0
30,30,3,250,2,greedy,3680,0.0,0.0
30,30,3,250,3,greedy,3668,0.0,0.0
30,30,3,250,4,greedy,3756,0.0,0.0
30,30,3,250,5,greedy,3604,0.0,0.0
30,30,4,250,1,greedy,3688,0.0,0.0
30,30,4,250,2,greedy,3684,0.0,0.0
30,30,4,250,3,greedy,3892,0.0,0.0
30,30,4,250,4,greedy,3704,0.0,0.0
30,30,4,250,5,greedy,3572,0.0,0.0
30,30,5,250,1,greedy,3940,0.0,0.0
30,30,5,250,2,greedy,3672,0.0,0.0
30,30,5,250,3,greedy,3680,0.0,0.0
30,30,5,250,4,greedy,3676,0.0,0.0
30,30,5,250,5,greedy,3872,0.0,0.0
30,30,6,250,1,greedy,3684,0.0,0.0
30,30,6,250,2,greedy,3768,0.0,0.0
30,30,6,250,3,greedy,3680,0.0,0.0
30,30,6,250,4,greedy,3672,0.0,0.0
30,30,6,250,5,greedy,3680,0.0,0.0
30,30,7,250,1,greedy,3784,0.0,0.0
30,30,7,250,2,greedy,3676,0.0,0.0
30,30,7,250,3,greedy,3668,0.0,0.0
30,30,7,250,4,greedy,3668,0.0,0.0
30,30,7,250,5,greedy,3.50M,0.0,0.0
30,30,8,250,1,greedy,3760,0.0,0.0
30,30,8,250,2,greedy,3652,0.0,0.0
30,30,8,250,3,greedy,3684,0.0,0.0
30,30,8,250,4,greedy,3688,0.0,0.0
30,30,8,250,5,greedy,3672,0.0,0.0
30,30,9,250,1,greedy,3680,0.0,0.0
30,30,9,250,2,greedy,3668,0.0,0.0
30,30,9,250,3,greedy,3676,0.0,0.0
30,30,9,250,4,greedy,3644,0.0,0.0
30,30,9,250,5,greedy,3688,0.0,0.0
30,30,10,250,1,greedy,3680,0.0,0.0
30,30,10,250,2,greedy,3684,0.0,0.0
30,30,10,250,3,greedy,3720,0.0,0.0
30,30,10,250,4,greedy,3560,0.0,0.0
30,30,10,250,5,greedy,3908,0.0,0.0
30,100,2,250,1,greedy,3680,0.0,0.0
30,100,3,250,1,greedy,3680,0.0,0.0
30,100,3,250,2,greedy,3936,0.0,0.0
30,100,3,250,3,greedy,3676,0.0,0.0
30,100,3,250,4,greedy,3744,0.0,0.0
30,100,3,250,5,greedy,3576,0.0,0.0
30,100,4,250,1,greedy,3684,0.0,0.0
30,100,4,250,2,greedy,3636,0.0,0.0
30,100,4,250,3,greedy,3684,0.0,0.0
30,100,4,250,4,greedy,3656,0.0,0.0
30,100,4,250,5,greedy,3572,0.0,0.0
30,100,5,250,1,greedy,3548,0.0,0.0
30,100,5,250,2,greedy,3680,0.0,0.0
30,100,5,250,3,greedy,3724,0.0,0.0
30,100,5,250,4,greedy,3684,0.0,0.0
30,100,5,250,5,greedy,3572,0.0,0.0
30,100,6,250,1,greedy,3676,0.0,0.0
30,100,6,250,2,greedy,3696,0.0,0.0
30,100,6,250,3,greedy,3800,0.0,0.0
30,100,6,250,4,greedy,3700,0.0,0.0
30,100,6,250,5,greedy,3696,0.0,0.0
30,100,7,250,1,greedy,3688,0.0,0.0
30,100,7,250,2,greedy,3576,0.0,0.0
30,100,7,250,3,greedy,3680,0.0,0.0
30,100,7,250,4,greedy,3680,0.0,0.0
30,100,7,250,5,greedy,3580,0.0,0.0
30,100,8,250,1,greedy,3888,0.0,0.0
30,100,8,250,2,greedy,3676,0.0,0.0
30,100,8,250,3,greedy,3552,0.0,0.0
30,100,8,250,4,greedy,3684,0.0,0.0
30,100,8,250,5,greedy,3744,0.0,0.0
30,100,9,250,1,greedy,3744,0.0,0.0
30,100,9,250,2,greedy,3896,0.0,0.0
30,100,9,250,3,greedy,3680,0.0,0.0
30,100,9,250,4,greedy,3684,0.0,0.0
30,100,9,250,5,greedy,3680,0.0,0.0
30,100,10,250,1,greedy,3568,0.0,0.0
30,100,10,250,2,greedy,3676,0.0,0.0
30,100,10,250,3,greedy,3680,0.0,0.0
30,100,10,250,4,greedy,3684,0.0,0.0
30,100,10,250,5,greedy,3700,0.0,0.0
30,30,2,250,3,greedy,124116,25.0,0.0
30,30,3,250,1,greedy,124252,33.33,0.0
30,30,3,250,2,greedy,124560,33.33,0.0
30,30,3,250,3,greedy,124528,50.0,0.0
30,30,3,250,4,greedy,124132,50.0,0.0
30,30,3,250,5,greedy,124132,50.0,0.0
30,30,4,250,1,greedy,124424,50.0,0.0
30,30,4,250,2,greedy,124536,50.0,0.0
30,30,4,250,3,greedy,124020,50.0,0.0
30,30,4,250,4,greedy,124032,50.0,0.0
30,30,4,250,5,greedy,124680,50.0,0.0
30,30,5,250,1,greedy,124680,50.0,0.0
30,30,5,250,2,greedy,124128,50.0,0.0
30,30,5,250,3,greedy,124384,50.0,0.0
30,30,5,250,4,greedy,124464,50.0,0.0
30,30,5,250,5,greedy,124288,50.0,0.0
30,30,6,250,1,greedy,124240,50.0,0.0
30,30,6,250,2,greedy,124412,50.0,0.0
30,30,6,250,3,greedy,123932,50.0,0.0
30,30,6,250,4,greedy,124432,50.0,0.0
30,30,6,250,5,greedy,124200,50.0,0.0
30,30,7,250,1,greedy,124064,50.0,0.0
30,30,7,250,2,greedy,124340,50.0,0.0
30,30,7,250,3,greedy,124472,50.0,0.0
30,30,7,250,4,greedy,124480,50.0,0.0
30,30,7,250,5,greedy,124056,33.33,0.0
30,30,8,250,1,greedy,124576,33.33,0.0
30,30,8,250,2,greedy,124044,33.33,0.0
30,30,8,250,3,greedy,124584,33.33,0.0
30,30,8,250,4,greedy,124312,50.0,0.0
30,30,8,250,5,greedy,124240,50.0,0.0
30,30,9,250,1,greedy,124180,33.33,0.0
30,30,9,250,2,greedy,124624,33.33,0.0
30,30,9,250,3,greedy,124444,33.33,0.0
30,30,9,250,4,greedy,124444,33.33,0.0
30,30,9,250,5,greedy,124016,33.33,0.0
30,30,10,250,1,greedy,123940,25.0,0.0
30,30,10,250,2,greedy,123928,33.33,0.0
30,30,10,250,3,greedy,124128,25.0,0.0
30,30,10,250,4,greedy,124312,25.0,0.0
30,30,10,250,5,greedy,124116,25.0,0.0
30,100,2,250,1,greedy,124008,25.0,0.0
30,100,3,250,1,greedy,124116,25.0,0.0
30,100,3,250,2,greedy,124052,25.0,0.0
30,100,3,250,3,greedy,124348,50.0,0.0
30,100,3,250,4,greedy,124124,50.0,0.0
30,100,3,250,5,greedy,124456,50.0,0.0
30,100,4,250,1,greedy,124424,50.0,0.0
30,100,4,250,2,greedy,124068,33.33,0.0
30,100,4,250,3,greedy,124080,33.33,0.0
30,100,4,250,4,greedy,124036,33.33,0.0
30,100,4,250,5,greedy,124548,33.33,0.0
30,100,5,250,1,greedy,124320,25.0,0.0
30,100,5,250,2,greedy,124432,50.0,0.0
30,100,5,250,3,greedy,124592,50.0,0.0
30,100,5,250,4,greedy,124256,50.0,0.0
30,100,5,250,5,greedy,124392,50.0,0.0
30,100,6,250,1,greedy,124096,50.0,0.0
30,100,6,250,2,greedy,124372,25.0,0.0
30,100,6,250,3,greedy,124508,25.0,0.0
30,100,6,250,4,greedy,124464,25.0,0.0
30,100,6,250,5,greedy,140472,0.88,1.0
30,100,7,250,1,greedy,147148,0.88,1.0
30,100,7,250,2,greedy,124616,25.0,0.0
30,100,7,250,3,greedy,124388,25.0,0.0
30,100,7,250,4,greedy,124516,25.0,0.0
30,100,7,250,5,greedy,124296,25.0,0.0
30,100,8,250,1,greedy,123920,33.33,0.0
30,100,8,250,2,greedy,124028,33.33,0.0
30,100,8,250,3,greedy,123956,33.33,0.0
30,100,8,250,4,greedy,124580,33.33,0.0
30,100,8,250,5,greedy,124448,33.33,0.0
30,100,9,250,1,greedy,124176,50.0,0.0
30,100,9,250,2,greedy,124064,50.0,0.0
30,100,9,250,3,greedy,124308,50.0,0.0
30,100,9,250,4,greedy,124556,50.0,0.0
30,100,9,250,5,greedy,124420,50.0,0.0
30,100,10,250,1,greedy,124684,50.0,0.0
30,100,10,250,2,greedy,124124,33.33,0.0
30,100,10,250,3,greedy,124512,33.33,0.0
30,100,10,250,4,greedy,124264,33.33,0.0
30,100,10,250,5,greedy,124432,50.0,0.0
30,30,2,250,3,greedy,1537204,63.58,77.0
30,30,3,250,1,greedy,1543872,63.84,67.0
30,30,3,250,2,greedy,1535052,63.54,129.0
30,30,3,250,3,greedy,1538484,63.34,66.0
30,30,3,250,4,greedy,1505.50M,63.23,55.0
30,30,3,250,5,greedy,1536900,63.52,46.0
30,30,4,250,1,greedy,1542620,61.63,124.0
30,30,4,250,2,greedy,1540264,63.38,78.0
30,30,4,250,3,greedy,1545480,63.36,72.0
30,30,4,250,4,greedy,1545188,63.19,88.0
30,30,4,250,5,greedy,1540108,62.97,137.0
30,30,5,250,1,greedy,1538320,63.09,93.0
30,30,5,250,2,greedy,1536468,63.25,87.0
30,30,5,250,3,greedy,1539012,63.34,126.0
30,30,5,250,4,greedy,1546176,63.45,80.0
30,30,5,250,5,greedy,1542348,63.32,99.0
30,30,6,250,1,greedy,1539664,63.54,66.0
30,30,6,250,2,greedy,1545540,63.17,152.0
30,30,6,250,3,greedy,1541376,63.41,82.0
30,30,6,250,4,greedy,1539556,63.7,59.0
30,30,6,250,5,greedy,1534320,64.05,54.0
30,30,7,250,1,greedy,1544356,63.48,81.0
30,30,7,250,2,greedy,1543876,64.09,56.0
30,30,7,250,3,greedy,1545360,63.86,75.0
30,30,7,250,4,greedy,1544212,63.31,106.0
30,30,7,250,5,greedy,1544932,63.77,77.0
30,30,8,250,1,greedy,1539620,63.5,140.0
30,30,8,250,2,greedy,1536916,63.47,122.0
30,30,8,250,3,greedy,1540488,63.46,123.0
30,30,8,250,4,greedy,1544860,61.98,75.0
30,30,8,250,5,greedy,1549992,63.63,80.0
30,30,9,250,1,greedy,1547008,63.63,87.0
30,30,9,250,2,greedy,1543560,63.73,64.0
30,30,9,250,3,greedy,1552488,63.43,118.0
30,30,9,250,4,greedy,1558624,63.55,92.0
30,30,9,250,5,greedy,1545528,63.48,79.0
30,30,10,250,1,greedy,1559140,63.57,66.0
30,30,10,250,2,greedy,1564844,63.26,89.0
30,30,10,250,3,greedy,1547428,63.79,46.0
30,30,10,250,4,greedy,1538420,63.24,95.0
30,30,10,250,5,greedy,1551608,63.19,140.0
30,100,2,250,1,greedy,1545964,63.26,80.0
30,100,3,250,1,greedy,1548824,63.57,88.0
30,100,3,250,2,greedy,1546636,63.38,126.0
30,100,3,250,3,greedy,1541400,62.15,129.0
30,100,3,250,4,greedy,1558024,63.35,129.0
30,100,3,250,5,greedy,1564452,64.11,62.0
30,100,4,250,1,greedy,1565380,63.42,106.0
30,100,4,250,2,greedy,1559288,63.64,91.0
30,100,4,250,3,greedy,1517M,63.66,100.0
30,100,4,250,4,greedy,1568704,63.5,77.0
30,100,4,250,5,greedy,1547160,63.61,98.0
30,100,5,250,1,greedy,1536932,63.47,96.0
30,100,5,250,2,greedy,1544168,63.29,80.0
30,100,5,250,3,greedy,1542976,63.52,70.0
30,100,5,250,4,greedy,1541208,63.66,72.0
30,100,5,250,5,greedy,1538100,63.11,109.0
30,100,6,250,1,greedy,1538572,63.12,115.0
30,100,6,250,2,greedy,1541892,63.46,98.0
30,100,6,250,3,greedy,1541604,64.21,50.0
30,100,6,250,4,greedy,1549156,63.6,67.0
30,100,6,250,5,greedy,1542232,63.47,101.0
30,100,7,250,1,greedy,1557036,63.75,71.0
30,100,7,250,2,greedy,1563992,63.53,128.0
30,100,7,250,3,greedy,1559856,63.34,83.0
30,100,7,250,4,greedy,1543384,63.42,82.0
30,100,7,250,5,greedy,1543428,63.18,103.0
30,100,8,250,1,greedy,1546952,62.06,81.0
30,100,8,250,2,greedy,1546444,62.49,73.0
30,100,8,250,3,greedy,1565040,62.31,128.0
30,100,8,250,4,greedy,1541028,64.01,62.0
30,100,8,250,5,greedy,1539324,63.67,104.0
30,100,9,250,1,greedy,1547720,63.68,73.0
30,100,9,250,2,greedy,1544160,63.7,116.0
30,100,9,250,3,greedy,1547076,64.03,57.0
30,100,9,250,4,greedy,1546280,63.67,68.0
30,100,9,250,5,greedy,1534544,63.95,67.0
30,100,10,250,1,greedy,1566956,63.5,108.0
30,100,10,250,2,greedy,1552664,63.38,70.0
30,100,10,250,3,greedy,1536132,63.5,79.0
30,100,10,250,4,greedy,1541100,63.8,101.0
30,100,10,250,5,greedy,1535976,63.73,93.0
30,30,1,1000,1,nj,2496,30.0,20.0
30,30,1,1000,2,nj,2500,30.0,20.0
30,30,1,1000,3,nj,2496,30.0,20.0
30,30,1,1000,4,nj,2496,34.78,23.0
30,30,1,1000,5,nj,2496,34.78,23.0
30,30,2,1000,1,nj,2496,34.78,23.0
30,30,2,1000,2,nj,2496,34.78,23.0
30,30,2,1000,3,nj,1664,33.33,24.0
30,30,2,1000,4,nj,2500,30.0,20.0
30,30,2,1000,5,nj,2500,30.0,20.0
30,30,3,1000,1,nj,2496,39.29,14.0
30,30,3,1000,2,nj,2500,42.86,14.0
30,30,3,1000,3,nj,1668,44.44,18.0
30,30,3,1000,4,nj,2496,44.44,18.0
30,30,3,1000,5,nj,2496,44.44,18.0
30,30,4,1000,1,nj,1668,50.0,12.0
30,30,4,1000,2,nj,2500,45.83,12.0
30,30,4,1000,3,nj,2496,45.83,12.0
30,30,4,1000,4,nj,2500,50.0,12.0
30,30,4,1000,5,nj,2496,50.0,12.0
30,30,5,1000,1,nj,2496,50.0,12.0
30,30,5,1000,2,nj,2500,50.0,12.0
30,30,5,1000,3,nj,2916,42.86,21.0
30,30,5,1000,4,nj,3472,42.86,21.0
30,30,5,1000,5,nj,3024,42.86,21.0
30,30,6,1000,1,nj,3024,42.86,21.0
30,30,6,1000,2,nj,3024,42.86,21.0
30,30,6,1000,3,nj,3472,42.86,21.0
30,30,6,1000,4,nj,3200,42.86,21.0
30,30,6,1000,5,nj,2500,50.0,12.0
30,30,7,1000,1,nj,2500,50.0,12.0
30,30,7,1000,2,nj,2500,46.15,13.0
30,30,7,1000,3,nj,2500,46.15,13.0
30,30,7,1000,4,nj,2500,46.15,13.0
30,30,7,1000,5,nj,2500,46.15,13.0
30,30,8,1000,1,nj,2500,50.0,12.0
30,30,8,1000,2,nj,2500,50.0,12.0
30,30,8,1000,3,nj,2496,46.15,13.0
30,30,8,1000,4,nj,2496,47.06,17.0
30,30,8,1000,5,nj,2500,47.06,17.0
30,30,9,1000,1,nj,1664,47.06,17.0
30,30,9,1000,2,nj,2496,47.06,17.0
30,30,9,1000,3,nj,2496,47.06,17.0
30,30,9,1000,4,nj,2500,47.06,17.0
30,30,9,1000,5,nj,2496,47.06,17.0
30,30,10,1000,1,nj,2500,47.06,17.0
30,30,10,1000,2,nj,2496,46.15,13.0
30,30,10,1000,3,nj,2500,46.15,13.0
30,30,10,1000,4,nj,3472,47.06,17.0
30,30,10,1000,5,nj,2500,45.83,12.0
30,30,1,5000,1,nj,1359760,49.79,717.0
30,30,1,5000,2,nj,1508660,49.86,1066.0
30,30,1,5000,3,nj,1282604,49.86,1069.0
30,30,1,5000,4,nj,1387416,49.86,1071.0
30,30,1,5000,5,nj,1275200,49.81,1073.0
30,30,2,5000,1,nj,1470128,49.93,677.0
30,30,2,5000,2,nj,1270496,49.81,788.0
30,30,2,5000,3,nj,1383692,49.81,792.0
30,30,2,5000,4,nj,1463172,49.79,705.0
30,30,2,5000,5,nj,1331876,49.79,710.0
30,30,3,5000,1,nj,1272900,49.76,1226.0
30,30,3,5000,2,nj,1392280,49.8,1222.0
30,30,3,5000,3,nj,1444764,49.8,1222.0
30,30,3,5000,4,nj,1298260,49.79,1208.0
30,30,3,5000,5,nj,1404452,49.8,1222.0
30,30,4,5000,1,nj,1410572,49.79,1206.0
30,30,4,5000,2,nj,1447992,49.8,1222.0
30,30,4,5000,3,nj,1313304,49.79,1212.0
30,30,4,5000,4,nj,1290264,49.77,1293.0
30,30,4,5000,5,nj,1470224,49.81,1293.0
30,30,5,5000,1,nj,1377764,49.81,1290.0
30,30,5,5000,2,nj,1395624,49.8,1272.0
30,30,5,5000,3,nj,1318624,49.8,1278.0
30,30,5,5000,4,nj,1481656,49.8,1276.0
30,30,5,5000,5,nj,1348004,49.8,1274.0
30,30,6,5000,1,nj,1309592,49.81,1288.0
30,30,6,5000,2,nj,1394444,49.79,710.0
30,30,6,5000,3,nj,1359132,45.89,1167.0
30,30,6,5000,4,nj,1373388,45.75,1153.0
30,30,6,5000,5,nj,1305400,45.82,1159.0
30,30,7,5000,1,nj,1444560,45.84,1166.0
30,30,7,5000,2,nj,1520500,45.85,1168.0
30,30,7,5000,3,nj,1310288,45.81,1157.0
30,30,7,5000,4,nj,1390332,49.85,676.0
30,30,7,5000,5,nj,1262924,49.76,851.0
30,30,8,5000,1,nj,1343044,49.77,855.0
30,30,8,5000,2,nj,1402436,49.77,857.0
30,30,8,5000,3,nj,1369024,49.77,858.0
30,30,8,5000,4,nj,1463700,49.81,786.0
30,30,8,5000,5,nj,1254196,49.81,791.0
30,30,9,5000,1,nj,1443828,49.75,1603.0
30,30,9,5000,2,nj,1408432,49.75,1597.0
30,30,9,5000,3,nj,1364888,49.75,1599.0
30,30,9,5000,4,nj,1331880,49.75,1597.0
30,30,9,5000,5,nj,1463764,49.7,1348.0
30,30,10,5000,1,nj,1506696,49.7,1345.0
30,30,10,5000,2,nj,1424000,49.7,1353.0
30,30,10,5000,3,nj,1389852,49.7,1350.0
30,30,10,5000,4,nj,1398564,49.71,1742.0
30,30,10,5000,5,nj,1324576,49.74,1749.0
30,100,1,1000,1,nj,2500,47.22,18.0
30,100,1,1000,2,nj,2500,47.22,18.0
30,100,1,1000,3,nj,2496,47.22,18.0
30,100,1,1000,4,nj,2500,44.44,18.0
30,100,1,1000,5,nj,2500,47.22,18.0
30,100,2,1000,1,nj,2500,47.22,18.0
30,100,2,1000,2,nj,2500,46.67,15.0
30,100,2,1000,3,nj,2496,46.67,15.0
30,100,2,1000,4,nj,2496,46.67,15.0
30,100,2,1000,5,nj,2496,46.67,15.0
30,100,3,1000,1,nj,2496,46.67,15.0
30,100,3,1000,2,nj,2500,46.67,15.0
30,100,3,1000,3,nj,2496,46.67,15.0
30,100,3,1000,4,nj,2496,46.67,15.0
30,100,3,1000,5,nj,2496,46.67,15.0
30,100,4,1000,1,nj,2500,46.67,15.0
30,100,4,1000,2,nj,2496,50.0,18.0
30,100,4,1000,3,nj,2496,50.0,18.0
30,100,4,1000,4,nj,2496,50.0,18.0
30,100,4,1000,5,nj,2496,50.0,18.0
30,100,5,1000,1,nj,2496,50.0,18.0
30,100,5,1000,2,nj,2500,50.0,18.0
30,100,5,1000,3,nj,1668,47.06,17.0
30,100,5,1000,4,nj,2496,47.06,17.0
30,100,5,1000,5,nj,2496,47.06,17.0
30,100,6,1000,1,nj,2500,47.06,17.0
30,100,6,1000,2,nj,2496,47.06,17.0
30,100,6,1000,3,nj,2496,47.06,17.0
30,100,6,1000,4,nj,2500,47.06,17.0
30,100,6,1000,5,nj,2500,47.06,17.0
30,100,7,1000,1,nj,2496,47.06,17.0
30,100,7,1000,2,nj,2496,47.06,17.0
30,100,7,1000,3,nj,2496,50.0,15.0
30,100,7,1000,4,nj,2496,50.0,15.0
30,100,7,1000,5,nj,2500,50.0,15.0
30,100,8,1000,1,nj,2500,50.0,15.0
30,100,8,1000,2,nj,2496,47.37,19.0
30,100,8,1000,3,nj,2496,47.37,19.0
30,100,8,1000,4,nj,2496,47.37,19.0
30,100,8,1000,5,nj,2496,47.37,19.0
30,100,9,1000,1,nj,2500,47.37,19.0
30,100,9,1000,2,nj,2500,47.37,19.0
30,100,9,1000,3,nj,1668,50.0,16.0
30,100,9,1000,4,nj,2500,46.88,16.0
30,100,9,1000,5,nj,2500,50.0,16.0
30,100,10,1000,1,nj,1668,46.88,16.0
30,100,10,1000,2,nj,2496,46.88,16.0
30,100,10,1000,3,nj,1664,50.0,16.0
30,100,10,1000,4,nj,2500,50.0,16.0
30,100,10,1000,5,nj,2496,46.88,16.0
30,100,1,5000,1,nj,1272884,49.72,726.0
30,100,1,5000,2,nj,1283328,49.73,729.0
30,100,1,5000,3,nj,1300012,49.78,910.0
30,100,1,5000,4,nj,1466488,49.78,911.0
30,100,1,5000,5,nj,1504576,49.73,914.0
30,100,2,5000,1,nj,1394004,49.78,903.0
30,100,2,5000,2,nj,1328724,49.7,1007.0
30,100,2,5000,3,nj,1417020,49.75,1011.0
30,100,2,5000,4,nj,1451420,49.7,1004.0
30,100,2,5000,5,nj,1456720,49.75,1008.0
30,100,3,5000,1,nj,1507196,49.67,1382.0
30,100,3,5000,2,nj,1257076,49.75,1383.0
30,100,3,5000,3,nj,1536912,49.75,1380.0
30,100,3,5000,4,nj,1469288,49.75,1383.0
30,100,3,5000,5,nj,1468756,49.75,1384.0
30,100,4,5000,1,nj,1457160,49.75,1376.0
30,100,4,5000,2,nj,1445612,49.75,1382.0
30,100,4,5000,3,nj,1527300,49.75,1383.0
30,100,4,5000,4,nj,1360844,49.72,1816.0
30,100,4,5000,5,nj,1437932,49.75,1811.0
30,100,5,5000,1,nj,1472216,49.72,1811.0
30,100,5,5000,2,nj,1508976,49.75,1812.0
30,100,5,5000,3,nj,1420192,49.7,1672.0
30,100,5,5000,4,nj,1511480,49.73,1666.0
30,100,5,5000,5,nj,1405072,49.76,1662.0
30,100,6,5000,1,nj,1450676,49.73,1664.0
30,100,6,5000,2,nj,1434460,49.73,1665.0
30,100,6,5000,3,nj,1342316,49.73,1661.0
30,100,6,5000,4,nj,1409196,49.73,1658.0
30,100,6,5000,5,nj,1478908,49.73,1666.0
30,100,7,5000,1,nj,1270696,49.73,1664.0
30,100,7,5000,2,nj,1506396,49.73,1659.0
30,100,7,5000,3,nj,1342728,49.73,1664.0
30,100,7,5000,4,nj,1444676,49.73,1664.0
30,100,7,5000,5,nj,1494956,49.72,908.0
30,100,8,5000,1,nj,1238416,49.67,904.0
30,100,8,5000,2,nj,1426856,49.66,895.0
30,100,8,5000,3,nj,1199420,49.72,906.0
30,100,8,5000,4,nj,1464160,49.72,1813.0
30,100,8,5000,5,nj,1468192,49.72,1813.0
30,100,9,5000,1,nj,1422964,49.75,1810.0
30,100,9,5000,2,nj,1360160,49.75,1812.0
30,100,9,5000,3,nj,1494692,49.75,1813.0
30,100,9,5000,4,nj,1455288,49.75,1808.0
30,100,9,5000,5,nj,1388028,49.75,1810.0
30,100,10,5000,1,nj,1483684,49.75,1812.0
30,100,10,5000,2,nj,1500400,49.75,1811.0
30,100,10,5000,3,nj,1501164,49.75,1808.0
30,100,10,5000,4,nj,1456436,49.75,1811.0
30,100,10,5000,5,nj,1277028,49.75,1810.0
30,30,1,250,1,nj,2944,37.5,16.0
30,30,1,250,2,nj,3472,37.5,16.0
30,30,1,250,3,nj,3024,42.86,14.0
30,30,1,250,4,nj,3024,39.29,14.0
30,30,1,250,5,nj,3472,39.29,14.0
30,30,2,250,1,nj,3472,39.29,14.0
30,30,2,250,2,nj,3472,39.29,14.0
30,30,2,250,3,nj,3716,39.29,14.0
30,30,2,250,4,nj,2576,39.29,14.0
30,30,2,250,5,nj,3024,39.29,14.0
30,30,3,250,1,nj,3024,39.29,14.0
30,30,3,250,2,nj,3472,28.57,21.0
30,30,3,250,3,nj,3472,28.57,21.0
30,30,3,250,4,nj,3472,28.57,21.0
30,30,3,250,5,nj,3472,28.57,21.0
30,30,4,250,1,nj,3600,28.57,21.0
30,30,4,250,2,nj,3024,28.57,21.0
30,30,4,250,3,nj,3472,28.57,21.0
30,30,4,250,4,nj,3024,28.57,21.0
30,30,4,250,5,nj,3024,28.57,21.0
30,30,5,250,1,nj,3024,28.57,21.0
30,30,5,250,2,nj,3024,28.57,21.0
30,30,5,250,3,nj,3024,28.57,21.0
30,30,5,250,4,nj,3024,28.57,21.0
30,30,5,250,5,nj,3472,28.57,21.0
30,30,6,250,1,nj,3024,28.57,21.0
30,30,6,250,2,nj,3024,28.57,21.0
30,30,6,250,3,nj,3472,28.57,21.0
30,30,6,250,4,nj,2936,28.57,21.0
30,30,6,250,5,nj,3396,28.57,21.0
30,30,7,250,1,nj,3664,28.57,21.0
30,30,7,250,2,nj,3472,30.0,20.0
30,30,7,250,3,nj,3024,28.57,21.0
30,30,7,250,4,nj,3008,28.57,21.0
30,30,7,250,5,nj,3472,28.57,21.0
30,30,8,250,1,nj,3024,28.57,21.0
30,30,8,250,2,nj,3388,28.57,21.0
30,30,8,250,3,nj,3076,28.57,21.0
30,30,8,250,4,nj,3472,28.57,21.0
30,30,8,250,5,nj,356736,7.14,91.0
30,30,9,250,1,nj,356956,7.14,91.0
30,30,9,250,2,nj,355964,7.14,91.0
30,30,9,250,3,nj,357244,7.14,91.0
30,30,9,250,4,nj,356888,7.14,91.0
30,30,9,250,5,nj,354720,7.14,91.0
30,30,10,250,1,nj,355396,7.14,91.0
30,30,10,250,2,nj,356684,7.14,91.0
30,30,10,250,3,nj,355140,7.14,91.0
30,30,10,250,4,nj,355480,7.14,91.0
30,30,10,250,5,nj,355760,7.14,91.0
30,30,1,500,1,nj,363304,7.61,92.0
30,30,1,500,2,nj,362896,7.61,92.0
30,30,1,500,3,nj,363016,7.61,92.0
30,30,1,500,4,nj,361064,8.15,92.0
30,30,1,500,5,nj,361076,8.15,92.0
30,30,2,500,1,nj,361028,8.15,92.0
30,30,2,500,2,nj,362324,8.15,92.0
30,30,2,500,3,nj,363468,7.61,92.0
30,30,2,500,4,nj,362460,8.15,92.0
30,30,2,500,5,nj,362304,8.15,92.0
30,30,3,500,1,nj,362868,7.61,92.0
30,30,3,500,2,nj,362908,8.15,92.0
30,30,3,500,3,nj,362868,8.15,92.0
30,30,3,500,4,nj,362080,8.15,92.0
30,30,3,500,5,nj,361508,8.15,92.0
30,30,4,500,1,nj,360916,8.15,92.0
30,30,4,500,2,nj,362968,8.15,92.0
30,30,4,500,3,nj,2500,36.11,18.0
30,30,4,500,4,nj,2496,36.11,18.0
30,30,4,500,5,nj,2504,36.11,18.0
30,30,5,500,1,nj,2504,36.11,18.0
30,30,5,500,2,nj,2500,36.11,18.0
30,30,5,500,3,nj,2496,36.11,18.0
30,30,5,500,4,nj,2496,36.11,18.0
30,30,5,500,5,nj,2500,36.11,18.0
30,30,6,500,1,nj,2500,36.11,18.0
30,30,6,500,2,nj,2504,36.11,18.0
30,30,6,500,3,nj,2500,36.11,18.0
30,30,6,500,4,nj,2500,36.11,18.0
30,30,6,500,5,nj,2504,36.11,18.0
30,30,7,500,1,nj,2504,36.11,18.0
30,30,7,500,2,nj,2500,36.11,18.0
30,30,7,500,3,nj,2500,36.11,18.0
30,30,7,500,4,nj,2496,36.11,18.0
30,30,7,500,5,nj,2504,36.11,18.0
30,30,8,500,1,nj,2500,36.11,18.0
30,30,8,500,2,nj,2504,36.11,18.0
30,30,8,500,3,nj,2496,36.11,18.0
30,30,8,500,4,nj,2500,36.11,18.0
30,30,8,500,5,nj,2504,36.11,18.0
30,30,9,500,1,nj,2496,36.11,18.0
30,30,9,500,2,nj,2504,36.11,18.0
30,30,9,500,3,nj,2500,36.11,18.0
30,30,9,500,4,nj,2504,36.11,18.0
30,30,9,500,5,nj,2504,36.11,18.0
30,30,10,500,1,nj,2504,36.11,18.0
30,30,10,500,2,nj,2504,36.11,18.0
30,30,10,500,3,nj,2504,36.11,18.0
30,30,10,500,4,nj,2500,36.11,18.0
30,30,10,500,5,nj,1672,36.11,18.0
30,100,1,250,1,nj,1668,35.29,17.0
30,100,1,250,2,nj,2500,35.29,17.0
30,100,1,250,3,nj,2504,35.29,17.0
30,100,1,250,4,nj,2504,35.29,17.0
30,100,1,250,5,nj,2504,35.29,17.0
30,100,2,250,1,nj,2504,35.29,17.0
30,100,2,250,2,nj,2504,35.29,17.0
30,100,2,250,3,nj,2500,35.29,17.0
30,100,2,250,4,nj,1672,35.29,17.0
30,100,2,250,5,nj,2504,35.29,17.0
30,100,3,250,1,nj,1672,35.29,17.0
30,100,3,250,2,nj,2500,34.21,19.0
30,100,3,250,3,nj,1672,34.21,19.0
30,100,3,250,4,nj,2504,34.21,19.0
30,100,3,250,5,nj,2504,34.21,19.0
30,100,4,250,1,nj,2504,34.21,19.0
30,100,4,250,2,nj,2500,34.21,19.0
30,100,4,250,3,nj,2504,34.21,19.0
30,100,4,250,4,nj,2504,34.21,19.0
30,100,4,250,5,nj,2496,34.21,19.0
30,100,5,250,1,nj,2500,34.21,19.0
30,100,5,250,2,nj,2504,34.21,19.0
30,100,5,250,3,nj,2500,34.21,19.0
30,100,5,250,4,nj,2496,34.21,19.0
30,100,5,250,5,nj,2500,34.21,19.0
30,100,6,250,1,nj,2496,34.21,19.0
30,100,6,250,2,nj,2496,34.21,19.0
30,100,6,250,3,nj,2500,34.21,19.0
30,100,6,250,4,nj,2500,34.21,19.0
30,100,6,250,5,nj,2496,34.21,19.0
30,100,7,250,1,nj,2500,34.21,19.0
30,100,7,250,2,nj,2504,34.21,19.0
30,100,7,250,3,nj,2504,34.21,19.0
30,100,7,250,4,nj,2496,34.21,19.0
30,100,7,250,5,nj,2500,34.21,19.0
30,100,8,250,1,nj,2500,34.21,19.0
30,100,8,250,2,nj,1668,34.21,19.0
30,100,8,250,3,nj,1668,34.21,19.0
30,100,8,250,4,nj,2500,34.21,19.0
30,100,8,250,5,nj,2504,34.21,19.0
30,100,9,250,1,nj,2504,34.21,19.0
30,100,9,250,2,nj,2504,34.21,19.0
30,100,9,250,3,nj,2496,34.21,19.0
30,100,9,250,4,nj,2496,34.21,19.0
30,100,9,250,5,nj,2504,34.21,19.0
30,100,10,250,1,nj,2496,34.21,19.0
30,100,10,250,2,nj,2496,34.21,19.0
30,100,10,250,3,nj,2504,34.21,19.0
30,100,10,250,4,nj,2504,34.21,19.0
30,100,10,250,5,nj,2500,34.21,19.0
30,100,1,500,1,nj,2500,32.5,20.0
30,100,1,500,2,nj,2500,34.21,19.0
30,100,1,500,3,nj,2504,32.5,20.0
30,100,1,500,4,nj,2500,32.5,20.0
30,100,1,500,5,nj,2504,32.5,20.0
30,100,2,500,1,nj,2500,32.5,20.0
30,100,2,500,2,nj,2504,34.21,19.0
30,100,2,500,3,nj,2504,32.5,20.0
30,100,2,500,4,nj,1668,32.5,20.0
30,100,2,500,5,nj,2504,34.21,19.0
30,100,3,500,1,nj,2504,32.5,20.0
30,100,3,500,2,nj,1672,32.5,20.0
30,100,3,500,3,nj,2500,32.5,20.0
30,100,3,500,4,nj,2504,32.5,20.0
30,100,3,500,5,nj,2500,32.5,20.0
30,100,4,500,1,nj,1664,32.5,20.0
30,100,4,500,2,nj,2500,32.5,20.0
30,100,4,500,3,nj,1668,32.5,20.0
30,100,4,500,4,nj,2500,32.5,20.0
30,100,4,500,5,nj,2504,32.5,20.0
30,100,5,500,1,nj,2500,32.5,20.0
30,100,5,500,2,nj,2504,32.5,20.0
30,100,5,500,3,nj,2504,32.5,20.0
30,100,5,500,4,nj,2500,32.5,20.0
30,100,5,500,5,nj,2504,32.5,20.0
30,100,6,500,1,nj,2504,32.5,20.0
30,100,6,500,2,nj,2500,32.5,20.0
30,100,6,500,3,nj,2504,32.5,20.0
30,100,6,500,4,nj,2504,32.5,20.0
30,100,6,500,5,nj,2504,32.5,20.0
30,100,7,500,1,nj,2504,32.5,20.0
30,100,7,500,2,nj,2504,32.5,20.0
30,100,7,500,3,nj,1664,32.5,20.0
30,100,7,500,4,nj,2496,32.5,20.0
30,100,7,500,5,nj,2496,32.5,20.0
30,100,8,500,1,nj,2504,32.5,20.0
30,100,8,500,2,nj,2504,32.5,20.0
30,100,8,500,3,nj,2504,32.5,20.0
30,100,8,500,4,nj,2504,32.5,20.0
30,100,8,500,5,nj,2504,30.56,18.0
30,100,9,500,1,nj,2500,30.56,18.0
30,100,9,500,2,nj,2500,30.56,18.0
30,100,9,500,3,nj,2504,30.56,18.0
30,100,9,500,4,nj,2500,30.56,18.0
30,100,9,500,5,nj,2504,30.56,18.0
30,100,10,500,1,nj,2504,30.56,18.0
30,100,10,500,2,nj,2500,30.56,18.0
30,100,10,500,3,nj,2504,30.56,18.0
30,100,10,500,4,nj,2500,30.56,18.0
30,100,10,500,5,nj,2500,30.56,18.0
30,30,1,1000,1,startle,2013772,0.0,
30,30,1,1000,2,startle,2034148,0.0,
30,30,1,1000,3,startle,2017468,0.0,
30,30,1,1000,4,startle,1994.50M,0.0,
30,30,1,1000,5,startle,2010276,0.0,
30,30,2,1000,1,startle,2023784,0.0,
30,30,2,1000,2,startle,2026076,0.55,
30,30,2,1000,3,startle,2019640,0.0,
30,30,2,1000,4,startle,2020552,0.0,
30,30,2,1000,5,startle,2026776,0.0,
30,30,3,1000,1,startle,2015404,0.0,
30,30,3,1000,2,startle,2009076,0.0,
30,30,3,1000,3,startle,2023884,0.0,
30,30,3,1000,4,startle,2018952,0.0,
30,30,3,1000,5,startle,2004708,0.0,
30,30,4,1000,1,startle,2015828,0.0,
30,30,4,1000,2,startle,2035156,0.0,
30,30,4,1000,3,startle,2035392,0.0,
30,30,4,1000,4,startle,2012500,0.0,
30,30,4,1000,5,startle,1990.50M,0.0,
30,30,5,1000,1,startle,2010808,0.0,
30,30,5,1000,2,startle,2042956,0.0,
30,30,5,1000,3,startle,2051172,0.0,
30,30,5,1000,4,startle,2008240,0.0,
30,30,5,1000,5,startle,2017732,0.0,
30,30,6,1000,1,startle,2036256,0.0,
30,30,6,1000,2,startle,2026080,0.0,
30,30,6,1000,3,startle,2017216,0.0,
30,30,6,1000,4,startle,2025604,0.0,
30,30,6,1000,5,startle,2015976,0.0,
30,30,7,1000,1,startle,2037240,0.0,
30,30,7,1000,2,startle,2037540,0.0,
30,30,7,1000,3,startle,2019784,0.0,
30,30,7,1000,4,startle,2025616,0.0,
30,30,7,1000,5,startle,2054124,0.0,
30,30,8,1000,1,startle,2000144,0.0,
30,30,8,1000,2,startle,2014524,0.0,
30,30,8,1000,3,startle,2026980,0.0,
30,30,8,1000,4,startle,2025312,0.0,
30,30,8,1000,5,startle,2083540,0.0,
30,30,9,1000,1,startle,2057324,0.0,
30,30,9,1000,2,startle,2050444,0.0,
30,30,9,1000,3,startle,2016136,0.0,
30,30,9,1000,4,startle,2014032,0.0,
30,30,9,1000,5,startle,2016092,0.0,
30,30,10,1000,1,startle,2011812,0.0,
30,30,10,1000,2,startle,2034048,0.0,
30,30,10,1000,3,startle,2029916,0.0,
30,30,10,1000,4,startle,2004052,0.0,
30,30,10,1000,5,startle,2022588,0.0,
30,30,1,5000,1,startle,3686972,0.0,
30,30,1,5000,2,startle,3651300,0.0,
30,30,1,5000,3,startle,3720164,0.0,
30,30,1,5000,4,startle,3683216,0.0,
30,30,1,5000,5,startle,3682884,0.0,
30,30,2,5000,1,startle,3638328,0.0,
30,30,2,5000,2,startle,3765336,0.0,
30,30,2,5000,3,startle,3727604,0.0,
30,30,2,5000,4,startle,3707532,0.0,
30,30,2,5000,5,startle,3571428,0.0,
30,30,3,5000,1,startle,3718484,0.0,
30,30,3,5000,2,startle,3661764,0.0,
30,30,3,5000,3,startle,3689516,0.0,
30,30,3,5000,4,startle,3792260,0.0,
30,30,3,5000,5,startle,3681972,0.0,
30,30,4,5000,1,startle,3711056,0.0,
30,30,4,5000,2,startle,3624548,0.0,
30,30,4,5000,3,startle,3697036,0.0,
30,30,4,5000,4,startle,3676996,0.0,
30,30,4,5000,5,startle,3653220,0.0,
30,30,5,5000,1,startle,3670724,0.0,
30,30,5,5000,2,startle,3676524,0.0,
30,30,5,5000,3,startle,3677248,0.0,
30,30,5,5000,4,startle,2728300,0.0,
30,30,5,5000,5,startle,3681548,0.0,
30,30,6,5000,1,startle,3647240,0.0,
30,30,6,5000,2,startle,3643084,0.0,
30,30,6,5000,3,startle,3683700,0.0,
30,30,6,5000,4,startle,3713772,0.0,
30,30,6,5000,5,startle,3629812,0.0,
30,30,7,5000,1,startle,3659272,0.0,
30,30,7,5000,2,startle,3911376,0.0,
30,30,7,5000,3,startle,3555616,0.0,
30,30,7,5000,4,startle,3620912,0.0,
30,30,7,5000,5,startle,3728332,0.0,
30,30,8,5000,1,startle,2729156,0.0,
30,30,8,5000,2,startle,2725100,0.0,
30,30,8,5000,3,startle,2725256,0.0,
30,30,8,5000,4,startle,3787188,0.0,
30,30,8,5000,5,startle,2727720,0.0,
30,30,9,5000,1,startle,3610644,0.0,
30,30,9,5000,2,startle,3778036,0.0,
30,30,9,5000,3,startle,3670112,0.0,
30,30,9,5000,4,startle,3715296,0.0,
30,30,9,5000,5,startle,3612736,0.0,
30,30,10,5000,1,startle,3670412,0.0,
30,30,10,5000,2,startle,3631336,0.0,
30,30,10,5000,3,startle,3580008,0.0,
30,30,10,5000,4,startle,3630732,0.0,
30,30,10,5000,5,startle,3650368,0.0,
30,100,1,1000,1,startle,2034880,0.0,
30,100,1,1000,2,startle,2050480,0.0,
30,100,1,1000,3,startle,2024764,0.0,
30,100,1,1000,4,startle,2023664,0.0,
30,100,1,1000,5,startle,2032980,0.0,
30,100,2,1000,1,startle,2043924,0.0,
30,100,2,1000,2,startle,2022936,0.0,
30,100,2,1000,3,startle,1998344,0.0,
30,100,2,1000,4,startle,2032164,0.0,
30,100,2,1000,5,startle,2023092,0.0,
30,100,3,1000,1,startle,2033684,0.0,
30,100,3,1000,2,startle,2018108,0.0,
30,100,3,1000,3,startle,2056216,0.0,
30,100,3,1000,4,startle,2014532,0.0,
30,100,3,1000,5,startle,2039068,0.0,
30,100,4,1000,1,startle,2022564,0.0,
30,100,4,1000,2,startle,2020200,0.0,
30,100,4,1000,3,startle,2028400,0.0,
30,100,4,1000,4,startle,2020088,0.0,
30,100,4,1000,5,startle,2020016,0.0,
30,100,5,1000,1,startle,1998300,0.0,
30,100,5,1000,2,startle,1996604,0.0,
30,100,5,1000,3,startle,2024396,0.0,
30,100,5,1000,4,startle,2015288,0.0,
30,100,5,1000,5,startle,2015092,0.0,
30,100,6,1000,1,startle,2034372,0.0,
30,100,6,1000,2,startle,2041468,0.0,
30,100,6,1000,3,startle,2020632,0.0,
30,100,6,1000,4,startle,2022964,0.0,
30,100,6,1000,5,startle,2016556,0.0,
30,100,7,1000,1,startle,2014780,0.0,
30,100,7,1000,2,startle,2026340,0.0,
30,100,7,1000,3,startle,2024556,0.0,
30,100,7,1000,4,startle,2040656,0.0,
30,100,7,1000,5,startle,2017724,0.0,
30,100,8,1000,1,startle,2031428,0.0,
30,100,8,1000,2,startle,2013376,0.0,
30,100,8,1000,3,startle,2008712,0.0,
30,100,8,1000,4,startle,2021548,0.0,
30,100,8,1000,5,startle,2007792,0.0,
30,100,9,1000,1,startle,2018884,0.0,
30,100,9,1000,2,startle,2022676,0.0,
30,100,9,1000,3,startle,2043784,0.51,
30,100,9,1000,4,startle,2021168,0.0,
30,100,9,1000,5,startle,2033748,0.0,
30,100,10,1000,1,startle,2024184,0.0,
30,100,10,1000,2,startle,2025368,0.0,
30,100,10,1000,3,startle,2008768,0.0,
30,100,10,1000,4,startle,2022668,0.0,
30,100,10,1000,5,startle,2037212,0.0,
30,100,1,5000,1,startle,2602596,0.0,
30,100,1,5000,2,startle,3715148,0.0,
30,100,1,5000,3,startle,2607952,0.0,
30,100,1,5000,4,startle,2614520,0.0,
30,100,1,5000,5,startle,3635080,0.0,
30,100,2,5000,1,startle,3646668,0.0,
30,100,2,5000,2,startle,3784196,0.0,
30,100,2,5000,3,startle,3627468,0.0,
30,100,2,5000,4,startle,3748540,0.0,
30,100,2,5000,5,startle,3787076,0.0,
30,100,3,5000,1,startle,3782948,0.0,
30,100,3,5000,2,startle,3620108,0.0,
30,100,3,5000,3,startle,3693252,0.0,
30,100,3,5000,4,startle,3699392,0.0,
30,100,3,5000,5,startle,3776820,0.0,
30,100,4,5000,1,startle,2698788,0.0,
30,100,4,5000,2,startle,3701532,0.0,
30,100,4,5000,3,startle,2688180,0.0,
30,100,4,5000,4,startle,2708312,0.0,
30,100,4,5000,5,startle,3661308,0.0,
30,100,5,5000,1,startle,3667680,0.0,
30,100,5,5000,2,startle,3666920,0.0,
30,100,5,5000,3,startle,3601904,0.0,
30,100,5,5000,4,startle,3631112,0.0,
30,100,5,5000,5,startle,3715400,0.0,
30,100,6,5000,1,startle,2674116,0.0,
30,100,6,5000,2,startle,3786920,0.0,
30,100,6,5000,3,startle,3676892,0.0,
30,100,6,5000,4,startle,3729600,0.0,
30,100,6,5000,5,startle,3682948,0.0,
30,100,7,5000,1,startle,3681748,0.0,
30,100,7,5000,2,startle,3695116,0.0,
30,100,7,5000,3,startle,3773092,0.0,
30,100,7,5000,4,startle,3824972,0.0,
30,100,7,5000,5,startle,3736896,0.0,
30,100,8,5000,1,startle,3663124,0.0,
30,100,8,5000,2,startle,3549360,0.0,
30,100,8,5000,3,startle,3632752,0.0,
30,100,8,5000,4,startle,3728224,0.0,
30,100,8,5000,5,startle,3734704,0.0,
30,100,9,5000,1,startle,3643328,0.0,
30,100,9,5000,2,startle,3925088,0.0,
30,100,9,5000,3,startle,3676972,0.0,
30,100,9,5000,4,startle,3954496,0.0,
30,100,9,5000,5,startle,3748612,0.0,
30,100,10,5000,1,startle,3661112,0.0,
30,100,10,5000,2,startle,3655892,0.0,
30,100,10,5000,3,startle,3626940,0.0,
30,100,10,5000,4,startle,3709128,0.0,
30,100,10,5000,5,startle,3612332,0.0,
30,30,1,250,1,startle,1546996,89.06,54948.0
30,30,1,250,2,startle,1555836,0.02,
30,30,1,250,3,startle,1547508,89.91,46975.0
30,30,1,250,4,startle,1548616,89.47,40477.0
30,30,1,250,5,startle,1552540,0.02,
30,30,2,250,1,startle,1546412,89.68,59480.0
30,30,2,250,2,startle,1550704,89.62,48181.0
30,30,2,250,3,startle,1549828,90.09,54789.0
30,30,2,250,4,startle,1557720,0.01,
30,30,2,250,5,startle,1543864,89.38,79158.0
30,30,3,250,1,startle,1543864,90.05,67697.0
30,30,3,250,2,startle,1546916,90.09,51837.0
30,30,3,250,3,startle,1551700,0.03,
30,30,3,250,4,startle,1551304,89.97,76665.0
30,30,3,250,5,startle,1556808,90.28,62255.0
30,30,4,250,1,startle,1551696,0.01,
30,30,4,250,2,startle,1556584,0.02,
30,30,4,250,3,startle,1549584,0.0,
30,30,4,250,4,startle,1554592,0.0,
30,30,4,250,5,startle,1544592,89.68,47115.0
30,30,5,250,1,startle,1554492,89.71,71790.0
30,30,5,250,2,startle,1554792,89.57,75428.0
30,30,5,250,3,startle,1559696,0.0,
30,30,5,250,4,startle,1547832,89.77,74164.0
30,30,5,250,5,startle,1549616,89.55,49944.0
30,30,6,250,1,startle,1548992,89.6,43022.0
30,30,6,250,2,startle,1553892,0.02,
30,30,6,250,3,startle,1544008,89.35,33318.0
30,30,6,250,4,startle,1556472,89.06,47996.0
30,30,6,250,5,startle,1550520,89.39,58437.0
30,30,7,250,1,startle,1541284,90.06,56022.0
30,30,7,250,2,startle,1555312,0.02,
30,30,7,250,3,startle,1551532,89.81,55722.0
30,30,7,250,4,startle,1544608,0.02,
30,30,7,250,5,startle,1554068,0.0,
30,30,8,250,1,startle,1544360,0.01,
30,30,8,250,2,startle,1543444,0.01,
30,30,8,250,3,startle,1551940,90.31,71787.0
30,30,8,250,4,startle,1552780,0.02,
30,30,8,250,5,startle,1549792,0.01,
30,30,9,250,1,startle,1551364,90.15,70213.0
30,30,9,250,2,startle,1544636,89.75,60891.0
30,30,9,250,3,startle,1554488,90.12,71849.0
30,30,9,250,4,startle,1555516,90.43,70461.0
30,30,9,250,5,startle,1548368,0.02,
30,30,10,250,1,startle,1551860,0.02,
30,30,10,250,2,startle,1552292,89.7,72525.0
30,30,10,250,3,startle,1545736,89.79,35576.0
30,30,10,250,4,startle,1550012,89.65,80892.0
30,30,10,250,5,startle,1549040,89.92,72366.0
30,30,1,500,1,startle,1777796,0.0,
30,30,1,500,2,startle,1765180,0.0,
30,30,1,500,3,startle,1777788,0.0,
30,30,1,500,4,startle,1759292,0.0,
30,30,1,500,5,startle,1745792,0.0,
30,30,2,500,1,startle,1756636,0.0,
30,30,2,500,2,startle,1766376,0.0,
30,30,2,500,3,startle,1749032,0.0,
30,30,2,500,4,startle,1764508,0.09,
30,30,2,500,5,startle,1764856,0.0,
30,30,3,500,1,startle,1767344,0.0,
30,30,3,500,2,startle,1770524,0.0,
30,30,3,500,3,startle,1764916,0.0,
30,30,3,500,4,startle,1768048,0.0,
30,30,3,500,5,startle,1757204,0.12,
30,30,4,500,1,startle,1789636,0.0,
30,30,4,500,2,startle,1775092,0.0,
30,30,4,500,3,startle,1707.50M,0.0,
30,30,4,500,4,startle,1758660,0.12,
30,30,4,500,5,startle,1763204,0.0,
30,30,5,500,1,startle,1766196,0.0,
30,30,5,500,2,startle,1750792,0.0,
30,30,5,500,3,startle,1749936,0.0,
30,30,5,500,4,startle,1751060,0.0,
30,30,5,500,5,startle,1761768,0.09,
30,30,6,500,1,startle,1755804,0.0,
30,30,6,500,2,startle,1743040,0.0,
30,30,6,500,3,startle,1745200,0.11,
30,30,6,500,4,startle,1752600,0.0,
30,30,6,500,5,startle,1785620,0.0,
30,30,7,500,1,startle,1751768,0.11,
30,30,7,500,2,startle,1759140,0.0,
30,30,7,500,3,startle,1772172,0.0,
30,30,7,500,4,startle,1773460,0.0,
30,30,7,500,5,startle,1758040,0.0,
30,30,8,500,1,startle,1757968,0.0,
30,30,8,500,2,startle,1743816,0.0,
30,30,8,500,3,startle,1746752,0.11,
30,30,8,500,4,startle,1750588,0.09,
30,30,8,500,5,startle,1730564,0.0,
30,30,9,500,1,startle,1757932,0.0,
30,30,9,500,2,startle,1763524,0.08,
30,30,9,500,3,startle,1746140,0.0,
30,30,9,500,4,startle,1756384,0.0,
30,30,9,500,5,startle,1752168,0.0,
30,30,10,500,1,startle,1753828,0.0,
30,30,10,500,2,startle,1761592,0.09,
30,30,10,500,3,startle,1760248,0.06,
30,30,10,500,4,startle,1773660,0.0,
30,30,10,500,5,startle,1769336,0.0,
30,100,1,250,1,startle,1520048,90.01,48485.0
30,100,1,250,2,startle,1527852,89.81,82379.0
30,100,1,250,3,startle,1530620,90.49,44834.0
30,100,1,250,4,startle,1535984,90.21,72706.0
30,100,1,250,5,startle,1532960,89.84,56041.0
30,100,2,250,1,startle,1533348,90.04,56635.0
30,100,2,250,2,startle,1536260,0.01,
30,100,2,250,3,startle,1540936,89.75,52923.0
30,100,2,250,4,startle,1532480,89.64,76918.0
30,100,2,250,5,startle,1537292,90.02,47635.0
30,100,3,250,1,startle,1532192,89.68,70874.0
30,100,3,250,2,startle,1525496,89.31,74959.0
30,100,3,250,3,startle,1541352,89.49,59307.0
30,100,3,250,4,startle,1543780,89.57,75836.0
30,100,3,250,5,startle,1535620,0.0,
30,100,4,250,1,startle,1535932,0.01,
30,100,4,250,2,startle,1543220,0.01,
30,100,4,250,3,startle,1538440,89.47,75472.0
30,100,4,250,4,startle,1526772,0.01,
30,100,4,250,5,startle,1540596,0.0,
30,100,5,250,1,startle,1529980,88.78,71803.0
30,100,5,250,2,startle,1533108,0.02,
30,100,5,250,3,startle,1532248,89.02,69726.0
30,100,5,250,4,startle,1547244,89.11,81143.0
30,100,5,250,5,startle,1535704,88.77,60723.0
30,100,6,250,1,startle,1547384,89.84,79312.0
30,100,6,250,2,startle,1533056,88.9,63126.0
30,100,6,250,3,startle,1533824,89.47,56360.0
30,100,6,250,4,startle,1537952,89.54,49419.0
30,100,6,250,5,startle,1534440,89.34,59552.0
30,100,7,250,1,startle,1546708,0.02,
30,100,7,250,2,startle,1544844,0.01,
30,100,7,250,3,startle,1537200,89.76,67400.0
30,100,7,250,4,startle,1535320,89.59,75101.0
30,100,7,250,5,startle,1541352,89.35,59258.0
30,100,8,250,1,startle,1538636,0.0,
30,100,8,250,2,startle,1527780,88.88,58970.0
30,100,8,250,3,startle,1540120,0.01,
30,100,8,250,4,startle,1531588,88.97,66549.0
30,100,8,250,5,startle,1538168,89.42,73686.0
30,100,9,250,1,startle,1541628,88.93,64453.0
30,100,9,250,2,startle,1536560,0.01,
30,100,9,250,3,startle,1542064,0.01,
30,100,9,250,4,startle,1538180,89.23,70835.0
30,100,9,250,5,startle,1529116,0.01,
30,100,10,250,1,startle,1537440,89.35,49710.0
30,100,10,250,2,startle,1538916,0.01,
30,100,10,250,3,startle,1531484,89.34,51751.0
30,100,10,250,4,startle,1542720,89.07,77812.0
30,100,10,250,5,startle,1539856,89.7,63090.0
30,100,1,500,1,startle,1751624,0.0,
30,100,1,500,2,startle,1756072,0.0,
30,100,1,500,3,startle,1742128,0.0,
30,100,1,500,4,startle,1753304,0.0,
30,100,1,500,5,startle,1760432,0.0,
30,100,2,500,1,startle,1767056,0.09,
30,100,2,500,2,startle,1765008,0.0,
30,100,2,500,3,startle,1783488,0.12,
30,100,2,500,4,startle,1717.50M,0.0,
30,100,2,500,5,startle,1767712,0.0,
30,100,3,500,1,startle,1747964,0.09,
30,100,3,500,2,startle,1752348,0.09,
30,100,3,500,3,startle,1752632,0.0,
30,100,3,500,4,startle,1761724,0.0,
30,100,3,500,5,startle,1759200,0.11,
30,100,4,500,1,startle,1760036,0.0,
30,100,4,500,2,startle,1747344,0.0,
30,100,4,500,3,startle,1751624,0.0,
30,100,4,500,4,startle,1759880,0.0,
30,100,4,500,5,startle,1740780,0.0,
30,100,5,500,1,startle,1759604,0.11,
30,100,5,500,2,startle,1757064,0.0,
30,100,5,500,3,startle,1757408,0.0,
30,100,5,500,4,startle,1751560,0.0,
30,100,5,500,5,startle,1753328,0.0,
30,100,6,500,1,startle,1768768,0.0,
30,100,6,500,2,startle,1752860,0.11,
30,100,6,500,3,startle,1751352,0.0,
30,100,6,500,4,startle,1763996,0.0,
30,100,6,500,5,startle,1759760,0.0,
30,100,7,500,1,startle,1745476,0.0,
30,100,7,500,2,startle,1772132,0.0,
30,100,7,500,3,startle,1748584,0.13,
30,100,7,500,4,startle,1772648,0.0,
30,100,7,500,5,startle,1755652,0.0,
30,100,8,500,1,startle,1753316,0.09,
30,100,8,500,2,startle,1758596,0.0,
30,100,8,500,3,startle,1762572,0.0,
30,100,8,500,4,startle,1759048,0.0,
30,100,8,500,5,startle,1755556,0.0,
30,100,9,500,1,startle,1737988,0.08,
30,100,9,500,2,startle,1755068,0.09,
30,100,9,500,3,startle,1753536,0.0,
30,100,9,500,4,startle,1755900,0.08,
30,100,9,500,5,startle,1760824,0.07,
30,100,10,500,1,startle,1755236,0.0,
30,100,10,500,2,startle,1744608,0.08,
30,100,10,500,3,startle,1753604,0.06,
30,100,10,500,4,startle,1756784,0.0,
30,100,10,500,5,startle,1747460,0.0,
30,30,1,1000,1,greedy,208252,7.02,0.0
30,30,1,1000,2,greedy,208332,6.14,0.0
30,30,1,1000,3,greedy,208720,7.02,0.0
30,30,1,1000,4,greedy,209332,6.14,0.0
30,30,1,1000,5,greedy,266700,5.15,1.0
30,30,2,1000,1,greedy,267784,5.88,1.0
30,30,2,1000,2,greedy,266960,5.15,1.0
30,30,2,1000,3,greedy,268352,5.15,1.0
30,30,2,1000,4,greedy,267128,3.79,1.0
30,30,2,1000,5,greedy,265932,3.79,1.0
30,30,3,1000,1,greedy,263592,3.79,1.0
30,30,3,1000,2,greedy,263156,3.79,1.0
30,30,3,1000,3,greedy,265084,3.79,1.0
30,30,3,1000,4,greedy,264644,3.79,1.0
30,30,3,1000,5,greedy,191360,4.55,0.0
30,30,4,1000,1,greedy,266520,3.79,1.0
30,30,4,1000,2,greedy,266356,3.79,1.0
30,30,4,1000,3,greedy,266764,3.79,1.0
30,30,4,1000,4,greedy,267908,3.79,1.0
30,30,4,1000,5,greedy,3024,38.89,0.0
30,30,5,1000,1,greedy,3024,38.89,0.0
30,30,5,1000,2,greedy,3024,43.75,0.0
30,30,5,1000,3,greedy,3024,43.75,0.0
30,30,5,1000,4,greedy,3472,43.75,0.0
30,30,5,1000,5,greedy,3024,43.75,0.0
30,30,6,1000,1,greedy,3024,50.0,0.0
30,30,6,1000,2,greedy,3256,43.75,0.0
30,30,6,1000,3,greedy,2496,41.67,0.0
30,30,6,1000,4,greedy,2500,41.67,0.0
30,30,6,1000,5,greedy,2496,41.67,0.0
30,30,7,1000,1,greedy,2496,50.0,0.0
30,30,7,1000,2,greedy,2500,50.0,0.0
30,30,7,1000,3,greedy,2500,50.0,0.0
30,30,7,1000,4,greedy,2500,50.0,0.0
30,30,7,1000,5,greedy,1668,50.0,0.0
30,30,8,1000,1,greedy,2496,50.0,0.0
30,30,8,1000,2,greedy,2500,41.67,0.0
30,30,8,1000,3,greedy,1668,41.67,0.0
30,30,8,1000,4,greedy,2500,50.0,0.0
30,30,8,1000,5,greedy,2496,50.0,0.0
30,30,9,1000,1,greedy,2496,50.0,0.0
30,30,9,1000,2,greedy,2496,41.67,0.0
30,30,9,1000,3,greedy,2496,41.67,0.0
30,30,9,1000,4,greedy,2496,41.67,0.0
30,30,9,1000,5,greedy,2500,41.67,0.0
30,30,10,1000,1,greedy,2500,41.67,0.0
30,30,10,1000,2,greedy,2496,41.67,0.0
30,30,10,1000,3,greedy,2496,41.67,0.0
30,30,10,1000,4,greedy,1668,41.67,0.0
30,30,10,1000,5,greedy,3316,38.89,0.0
30,30,1,5000,1,greedy,314048,48.18,0.0
30,30,1,5000,2,greedy,314504,48.11,0.0
30,30,1,5000,3,greedy,312716,47.22,0.0
30,30,1,5000,4,greedy,309052,48.18,0.0
30,30,1,5000,5,greedy,312184,48.15,0.0
30,30,2,5000,1,greedy,311436,49.06,0.0
30,30,2,5000,2,greedy,315308,49.07,0.0
30,30,2,5000,3,greedy,315344,48.57,0.0
30,30,2,5000,4,greedy,317160,48.57,0.0
30,30,2,5000,5,greedy,314204,50.0,0.0
30,30,3,5000,1,greedy,312840,48.53,0.0
30,30,3,5000,2,greedy,314416,50.0,0.0
30,30,3,5000,3,greedy,315016,50.0,0.0
30,30,3,5000,4,greedy,315352,48.53,0.0
30,30,3,5000,5,greedy,314364,50.0,0.0
30,30,4,5000,1,greedy,314360,48.65,0.0
30,30,4,5000,2,greedy,314512,48.65,0.0
30,30,4,5000,3,greedy,315852,48.65,0.0
30,30,4,5000,4,greedy,314320,49.07,0.0
30,30,4,5000,5,greedy,312432,48.65,0.0
30,30,5,5000,1,greedy,313320,50.0,0.0
30,30,5,5000,2,greedy,307.50M,50.0,0.0
30,30,5,5000,3,greedy,315780,48.61,0.0
30,30,5,5000,4,greedy,315384,50.0,0.0
30,30,5,5000,5,greedy,315028,48.61,0.0
30,30,6,5000,1,greedy,314620,50.0,0.0
30,30,6,5000,2,greedy,313616,48.72,0.0
30,30,6,5000,3,greedy,315336,48.68,0.0
30,30,6,5000,4,greedy,316580,50.0,0.0
30,30,6,5000,5,greedy,316368,48.72,0.0
30,30,7,5000,1,greedy,314440,49.06,0.0
30,30,7,5000,2,greedy,314328,48.11,0.0
30,30,7,5000,3,greedy,314436,49.06,0.0
30,30,7,5000,4,greedy,311264,49.06,0.0
30,30,7,5000,5,greedy,310712,49.07,0.0
30,30,8,5000,1,greedy,315004,49.02,0.0
30,30,8,5000,2,greedy,313116,48.04,0.0
30,30,8,5000,3,greedy,317400,48.98,0.0
30,30,8,5000,4,greedy,314592,48.53,0.0
30,30,8,5000,5,greedy,315324,50.0,0.0
30,30,9,5000,1,greedy,314432,48.61,0.0
30,30,9,5000,2,greedy,314380,50.0,0.0
30,30,9,5000,3,greedy,316076,48.61,0.0
30,30,9,5000,4,greedy,315304,50.0,0.0
30,30,9,5000,5,greedy,314808,48.65,0.0
30,30,10,5000,1,greedy,316804,50.0,0.0
30,30,10,5000,2,greedy,315872,50.0,0.0
30,30,10,5000,3,greedy,314432,50.0,0.0
30,30,10,5000,4,greedy,314320,48.65,0.0
30,30,10,5000,5,greedy,313156,49.11,0.0
30,100,1,1000,1,greedy,3768,43.75,0.0
30,100,1,1000,2,greedy,3472,43.75,0.0
30,100,1,1000,3,greedy,3472,44.44,0.0
30,100,1,1000,4,greedy,3024,38.89,0.0
30,100,1,1000,5,greedy,3024,44.44,0.0
30,100,2,1000,1,greedy,3472,38.89,0.0
30,100,2,1000,2,greedy,3024,43.75,0.0
30,100,2,1000,3,greedy,3472,43.75,0.0
30,100,2,1000,4,greedy,3472,50.0,0.0
30,100,2,1000,5,greedy,3024,43.75,0.0
30,100,3,1000,1,greedy,3136,43.75,0.0
30,100,3,1000,2,greedy,3024,43.75,0.0
30,100,3,1000,3,greedy,2500,50.0,0.0
30,100,3,1000,4,greedy,1664,50.0,0.0
30,100,3,1000,5,greedy,2500,50.0,0.0
30,100,4,1000,1,greedy,2500,50.0,0.0
30,100,4,1000,2,greedy,2500,50.0,0.0
30,100,4,1000,3,greedy,1668,50.0,0.0
30,100,4,1000,4,greedy,2496,50.0,0.0
30,100,4,1000,5,greedy,2496,50.0,0.0
30,100,5,1000,1,greedy,2500,50.0,0.0
30,100,5,1000,2,greedy,2500,50.0,0.0
30,100,5,1000,3,greedy,2500,50.0,0.0
30,100,5,1000,4,greedy,3024,43.75,0.0
30,100,5,1000,5,greedy,3644,43.75,0.0
30,100,6,1000,1,greedy,3024,43.75,0.0
30,100,6,1000,2,greedy,3472,43.75,0.0
30,100,6,1000,3,greedy,3472,43.75,0.0
30,100,6,1000,4,greedy,2920,43.75,0.0
30,100,6,1000,5,greedy,3024,43.75,0.0
30,100,7,1000,1,greedy,2500,50.0,0.0
30,100,7,1000,2,greedy,2500,50.0,0.0
30,100,7,1000,3,greedy,2500,50.0,0.0
30,100,7,1000,4,greedy,1664,50.0,0.0
30,100,7,1000,5,greedy,1664,50.0,0.0
30,100,8,1000,1,greedy,2500,50.0,0.0
30,100,8,1000,2,greedy,2500,50.0,0.0
30,100,8,1000,3,greedy,2496,50.0,0.0
30,100,8,1000,4,greedy,1664,50.0,0.0
30,100,8,1000,5,greedy,2500,50.0,0.0
30,100,9,1000,1,greedy,2500,50.0,0.0
30,100,9,1000,2,greedy,2496,41.67,0.0
30,100,9,1000,3,greedy,2500,50.0,0.0
30,100,9,1000,4,greedy,2500,50.0,0.0
30,100,9,1000,5,greedy,2500,50.0,0.0
30,100,10,1000,1,greedy,2500,50.0,0.0
30,100,10,1000,2,greedy,2496,50.0,0.0
30,100,10,1000,3,greedy,2500,50.0,0.0
30,100,10,1000,4,greedy,2500,50.0,0.0
30,100,10,1000,5,greedy,2496,50.0,0.0
30,100,1,5000,1,greedy,314140,50.0,0.0
30,100,1,5000,2,greedy,314520,50.0,0.0
30,100,1,5000,3,greedy,312936,49.07,0.0
30,100,1,5000,4,greedy,313272,49.09,0.0
30,100,1,5000,5,greedy,313556,49.09,0.0
30,100,2,5000,1,greedy,347380,49.17,1.0
30,100,2,5000,2,greedy,334464,49.17,1.0
30,100,2,5000,3,greedy,312232,50.0,0.0
30,100,2,5000,4,greedy,341100,49.18,1.0
30,100,2,5000,5,greedy,314732,49.17,1.0
30,100,3,5000,1,greedy,314528,48.68,0.0
30,100,3,5000,2,greedy,308M,48.78,0.0
30,100,3,5000,3,greedy,314932,48.75,0.0
30,100,3,5000,4,greedy,315376,48.75,0.0
30,100,3,5000,5,greedy,313436,48.75,0.0
30,100,4,5000,1,greedy,315284,50.0,0.0
30,100,4,5000,2,greedy,315356,50.0,0.0
30,100,4,5000,3,greedy,317920,48.53,0.0
30,100,4,5000,4,greedy,316000,50.0,0.0
30,100,4,5000,5,greedy,316392,50.0,0.0
30,100,5,5000,1,greedy,314840,50.0,0.0
30,100,5,5000,2,greedy,314940,50.0,0.0
30,100,5,5000,3,greedy,314112,48.68,0.0
30,100,5,5000,4,greedy,313760,50.0,0.0
30,100,5,5000,5,greedy,314260,48.65,0.0
30,100,6,5000,1,greedy,314844,50.0,0.0
30,100,6,5000,2,greedy,313296,48.61,0.0
30,100,6,5000,3,greedy,314576,48.61,0.0
30,100,6,5000,4,greedy,315384,50.0,0.0
30,100,6,5000,5,greedy,313756,48.68,0.0
30,100,7,5000,1,greedy,315276,48.61,0.0
30,100,7,5000,2,greedy,315532,48.61,0.0
30,100,7,5000,3,greedy,314672,48.61,0.0
30,100,7,5000,4,greedy,315416,48.61,0.0
30,100,7,5000,5,greedy,316116,48.61,0.0
30,100,8,5000,1,greedy,315264,50.0,0.0
30,100,8,5000,2,greedy,314120,50.0,0.0
30,100,8,5000,3,greedy,312892,50.0,0.0
30,100,8,5000,4,greedy,313200,48.21,0.0
30,100,8,5000,5,greedy,314068,49.07,0.0
30,100,9,5000,1,greedy,313112,49.07,0.0
30,100,9,5000,2,greedy,313832,49.07,0.0
30,100,9,5000,3,greedy,311900,48.18,0.0
30,100,9,5000,4,greedy,310836,48.21,0.0
30,100,9,5000,5,greedy,310836,49.09,0.0
30,100,10,5000,1,greedy,356696,49.22,1.0
30,100,10,5000,2,greedy,316884,48.75,0.0
30,100,10,5000,3,greedy,314288,48.81,0.0
30,100,10,5000,4,greedy,314712,48.72,0.0
30,100,10,5000,5,greedy,314380,50.0,0.0
30,30,1,250,1,greedy,241536,4.88,0.0
30,30,1,250,2,greedy,240784,4.88,0.0
30,30,1,250,3,greedy,3024,40.0,0.0
30,30,1,250,4,greedy,3024,40.0,0.0
30,30,1,250,5,greedy,3472,40.0,0.0
30,30,2,250,1,greedy,3648,40.0,0.0
30,30,2,250,2,greedy,3472,40.0,0.0
30,30,2,250,3,greedy,3024,40.0,0.0
30,30,2,250,4,greedy,3032,40.0,0.0
30,30,2,250,5,greedy,3472,40.0,0.0
30,30,3,250,1,greedy,3024,40.0,0.0
30,30,3,250,2,greedy,160828,5.32,0.0
30,30,3,250,3,greedy,161184,5.32,0.0
30,30,3,250,4,greedy,161300,5.32,0.0
30,30,3,250,5,greedy,162216,5.32,0.0
30,30,4,250,1,greedy,161616,5.32,0.0
30,30,4,250,2,greedy,160984,5.32,0.0
30,30,4,250,3,greedy,161464,5.32,0.0
30,30,4,250,4,greedy,161184,5.32,0.0
30,30,4,250,5,greedy,161968,5.32,0.0
30,30,5,250,1,greedy,162060,5.32,0.0
30,30,5,250,2,greedy,162500,5.32,0.0
30,30,5,250,3,greedy,161568,5.32,0.0
30,30,5,250,4,greedy,161736,5.32,0.0
30,30,5,250,5,greedy,161096,5.32,0.0
30,30,6,250,1,greedy,161628,5.32,0.0
30,30,6,250,2,greedy,161180,5.32,0.0
30,30,6,250,3,greedy,161812,5.32,0.0
30,30,6,250,4,greedy,161572,5.32,0.0
30,30,6,250,5,greedy,161756,5.32,0.0
30,30,7,250,1,greedy,161472,5.32,0.0
30,30,7,250,2,greedy,161228,5.32,0.0
30,30,7,250,3,greedy,162040,5.32,0.0
30,30,7,250,4,greedy,161896,5.32,0.0
30,30,7,250,5,greedy,161444,5.32,0.0
30,30,8,250,1,greedy,161324,5.32,0.0
30,30,8,250,2,greedy,161736,5.32,0.0
30,30,8,250,3,greedy,161892,5.32,0.0
30,30,8,250,4,greedy,162660,5.32,0.0
30,30,8,250,5,greedy,241896,3.47,1.0
30,30,9,250,1,greedy,242336,3.47,1.0
30,30,9,250,2,greedy,242832,3.47,1.0
30,30,9,250,3,greedy,242952,3.47,1.0
30,30,9,250,4,greedy,242372,4.17,1.0
30,30,9,250,5,greedy,242228,3.47,1.0
30,30,10,250,1,greedy,242952,3.47,1.0
30,30,10,250,2,greedy,242800,3.47,1.0
30,30,10,250,3,greedy,243180,3.47,1.0
30,30,10,250,4,greedy,243568,3.47,1.0
30,30,10,250,5,greedy,243268,3.47,1.0
30,30,1,500,1,greedy,242472,4.17,1.0
30,30,1,500,2,greedy,243492,4.17,1.0
30,30,1,500,3,greedy,243468,4.17,1.0
30,30,1,500,4,greedy,242616,4.86,1.0
30,30,1,500,5,greedy,242568,4.86,1.0
30,30,2,500,1,greedy,242720,4.86,1.0
30,30,2,500,2,greedy,242848,4.86,1.0
30,30,2,500,3,greedy,243008,4.17,1.0
30,30,2,500,4,greedy,243016,4.17,1.0
30,30,2,500,5,greedy,243380,4.86,1.0
30,30,3,500,1,greedy,242904,4.86,1.0
30,30,3,500,2,greedy,242656,4.17,1.0
30,30,3,500,3,greedy,242532,4.17,1.0
30,30,3,500,4,greedy,243264,4.86,1.0
30,30,3,500,5,greedy,243232,4.86,1.0
30,30,4,500,1,greedy,241992,4.86,1.0
30,30,4,500,2,greedy,243280,4.17,1.0
30,30,4,500,3,greedy,233840,8.54,0.0
30,30,4,500,4,greedy,233388,8.54,0.0
30,30,4,500,5,greedy,233316,8.54,0.0
30,30,5,500,1,greedy,234292,8.54,0.0
30,30,5,500,2,greedy,232856,8.54,0.0
30,30,5,500,3,greedy,233628,8.54,0.0
30,30,5,500,4,greedy,227.50M,8.54,0.0
30,30,5,500,5,greedy,233132,8.54,0.0
30,30,6,500,1,greedy,233424,8.54,0.0
30,30,6,500,2,greedy,232748,8.54,0.0
30,30,6,500,3,greedy,233308,8.54,0.0
30,30,6,500,4,greedy,234308,8.54,0.0
30,30,6,500,5,greedy,233004,8.54,0.0
30,30,7,500,1,greedy,234036,8.54,0.0
30,30,7,500,2,greedy,233860,8.54,0.0
30,30,7,500,3,greedy,232788,8.54,0.0
30,30,7,500,4,greedy,233900,8.54,0.0
30,30,7,500,5,greedy,232612,8.54,0.0
30,30,8,500,1,greedy,233292,8.54,0.0
30,30,8,500,2,greedy,233740,8.54,0.0
30,30,8,500,3,greedy,233056,8.54,0.0
30,30,8,500,4,greedy,234448,8.54,0.0
30,30,8,500,5,greedy,233016,8.54,0.0
30,30,9,500,1,greedy,233096,8.54,0.0
30,30,9,500,2,greedy,233352,8.54,0.0
30,30,9,500,3,greedy,228.50M,8.54,0.0
30,30,9,500,4,greedy,233564,8.54,0.0
30,30,9,500,5,greedy,233976,8.54,0.0
30,30,10,500,1,greedy,233268,8.54,0.0
30,30,10,500,2,greedy,233548,8.54,0.0
30,30,10,500,3,greedy,234060,8.54,0.0
30,30,10,500,4,greedy,232912,8.54,0.0
30,30,10,500,5,greedy,233492,8.54,0.0
30,100,1,250,1,greedy,233912,7.32,0.0
30,100,1,250,2,greedy,233832,7.32,0.0
30,100,1,250,3,greedy,234020,7.32,0.0
30,100,1,250,4,greedy,235416,7.32,0.0
30,100,1,250,5,greedy,234532,7.32,0.0
30,100,2,250,1,greedy,234256,7.32,0.0
30,100,2,250,2,greedy,233752,7.32,0.0
30,100,2,250,3,greedy,234144,7.32,0.0
30,100,2,250,4,greedy,233912,7.32,0.0
30,100,2,250,5,greedy,234388,7.32,0.0
30,100,3,250,1,greedy,235308,6.1,0.0
30,100,3,250,2,greedy,233416,7.32,0.0
30,100,3,250,3,greedy,233500,7.32,0.0
30,100,3,250,4,greedy,233504,7.32,0.0
30,100,3,250,5,greedy,234412,7.32,0.0
30,100,4,250,1,greedy,234068,7.32,0.0
30,100,4,250,2,greedy,234412,7.32,0.0
30,100,4,250,3,greedy,234248,7.32,0.0
30,100,4,250,4,greedy,234028,7.32,0.0
30,100,4,250,5,greedy,234256,7.32,0.0
30,100,5,250,1,greedy,234832,7.32,0.0
30,100,5,250,2,greedy,233276,7.32,0.0
30,100,5,250,3,greedy,233300,7.32,0.0
30,100,5,250,4,greedy,232912,7.32,0.0
30,100,5,250,5,greedy,233844,7.32,0.0
30,100,6,250,1,greedy,233388,7.32,0.0
30,100,6,250,2,greedy,234700,7.32,0.0
30,100,6,250,3,greedy,233780,7.32,0.0
30,100,6,250,4,greedy,235048,7.32,0.0
30,100,6,250,5,greedy,234936,7.32,0.0
30,100,7,250,1,greedy,233564,7.32,0.0
30,100,7,250,2,greedy,234992,7.32,0.0
30,100,7,250,3,greedy,232936,7.32,0.0
30,100,7,250,4,greedy,234452,7.32,0.0
30,100,7,250,5,greedy,233600,7.32,0.0
30,100,8,250,1,greedy,234312,7.32,0.0
30,100,8,250,2,greedy,233400,7.32,0.0
30,100,8,250,3,greedy,233312,8.54,0.0
30,100,8,250,4,greedy,234224,8.54,0.0
30,100,8,250,5,greedy,232896,8.54,0.0
30,100,9,250,1,greedy,235308,8.54,0.0
30,100,9,250,2,greedy,234916,8.54,0.0
30,100,9,250,3,greedy,235048,8.54,0.0
30,100,9,250,4,greedy,233576,8.54,0.0
30,100,9,250,5,greedy,234308,8.54,0.0
30,100,10,250,1,greedy,234112,8.54,0.0
30,100,10,250,2,greedy,233696,8.54,0.0
30,100,10,250,3,greedy,233924,7.32,0.0
30,100,10,250,4,greedy,234352,8.54,0.0
30,100,10,250,5,greedy,235184,8.54,0.0
30,100,1,500,1,greedy,233796,8.54,0.0
30,100,1,500,2,greedy,233508,8.54,0.0
30,100,1,500,3,greedy,234244,8.54,0.0
30,100,1,500,4,greedy,234188,8.54,0.0
30,100,1,500,5,greedy,234244,8.54,0.0
30,100,2,500,1,greedy,235084,8.54,0.0
30,100,2,500,2,greedy,235744,8.54,0.0
30,100,2,500,3,greedy,235936,8.54,0.0
30,100,2,500,4,greedy,234984,8.54,0.0
30,100,2,500,5,greedy,235084,8.54,0.0
30,100,3,500,1,greedy,235284,8.54,0.0
30,100,3,500,2,greedy,234996,7.32,0.0
30,100,3,500,3,greedy,235252,8.54,0.0
30,100,3,500,4,greedy,234200,8.33,0.0
30,100,3,500,5,greedy,234300,7.32,0.0
30,100,4,500,1,greedy,233336,7.32,0.0
30,100,4,500,2,greedy,234244,7.32,0.0
30,100,4,500,3,greedy,233500,7.32,0.0
30,100,4,500,4,greedy,233852,7.32,0.0
30,100,4,500,5,greedy,234760,7.32,0.0
30,100,5,500,1,greedy,233920,7.32,0.0
30,100,5,500,2,greedy,233028,7.32,0.0
30,100,5,500,3,greedy,234300,7.32,0.0
30,100,5,500,4,greedy,233804,7.32,0.0
30,100,5,500,5,greedy,234372,7.32,0.0
30,100,6,500,1,greedy,233228,7.32,0.0
30,100,6,500,2,greedy,232980,7.32,0.0
30,100,6,500,3,greedy,232476,7.32,0.0
30,100,6,500,4,greedy,233096,7.32,0.0
30,100,6,500,5,greedy,233292,7.32,0.0
30,100,7,500,1,greedy,234548,7.32,0.0
30,100,7,500,2,greedy,234296,7.32,0.0
30,100,7,500,3,greedy,233876,7.32,0.0
30,100,7,500,4,greedy,235272,7.32,0.0
30,100,7,500,5,greedy,233844,7.32,0.0
30,100,8,500,1,greedy,234148,7.32,0.0
30,100,8,500,2,greedy,233496,7.32,0.0
30,100,8,500,3,greedy,235072,7.32,0.0
30,100,8,500,4,greedy,234480,7.32,0.0
30,100,8,500,5,greedy,234020,7.32,0.0
30,100,9,500,1,greedy,234060,7.32,0.0
30,100,9,500,2,greedy,234256,7.32,0.0
30,100,9,500,3,greedy,234328,7.32,0.0
30,100,9,500,4,greedy,234316,7.32,0.0
30,100,9,500,5,greedy,234240,7.32,0.0
30,100,10,500,1,greedy,235080,7.32,0.0
30,100,10,500,2,greedy,233540,7.32,0.0
30,100,10,500,3,greedy,233640,7.32,0.0
30,100,10,500,4,greedy,233936,7.32,0.0
30,100,10,500,5,greedy,233780,7.32,0.0
