branch_length,epoch
0.19311067051961742,Primary Growth
0.005,Primary Growth
0.005,Primary Growth
0.3843457381117571,Metastasis
0.1260013610013078,Primary Growth
0.004999999999999999,Primary Growth
1.086034074712329,Late Metastasis
1.086034074712329,Late Metastasis
0.12719259066899338,Primary Growth
0.11317298282909295,Primary Growth
0.005000000000000001,Primary Growth
0.005003527152143583,Late Metastasis
0.005003527152143583,Metastasis Burst
0.5213270633349785,Late Metastasis
0.10509185598437326,Primary Growth
0.00500159108757936,Metastasis
0.007834202777416116,Primary Growth
0.005000000000000001,Primary Growth
0.0732079371446571,Primary Growth
0.005000661274110474,Late Metastasis
0.005000661274110474,Metastasis Burst
0.5163235361828349,Late Metastasis
0.4780742944895765,Metastasis
0.005003062943566894,Late Metastasis
0.20071095764035118,Late Metastasis
0.6801604280484297,Metastasis
0.7225090274254626,Metastasis
0.00656203629714415,Primary Growth
0.3426195061621374,Primary Growth
0.0050000000000000044,Primary Growth
0.5113228749087244,Late Metastasis
0.5113228749087244,Late Metastasis
0.28555041529177094,Metastasis
0.18580159954465525,Metastasis
0.2852010105381234,Metastasis
0.2803778851628249,Metastasis
0.33204619641926136,Metastasis
0.7242618677351027,Late Metastasis
0.7242618677351027,Late Metastasis
0.0050023568536370355,Late Metastasis
0.4303845024301629,Late Metastasis
1.2281683042111753,Late Metastasis
0.005001627064304959,Late Metastasis
1.032460409514391,Late Metastasis
1.032460409514391,Late Metastasis
0.005001037309235401,Metastasis
0.11033461538144929,Metastasis
0.15960905777811843,Primary Growth
0.08608758212655923,Primary Growth
0.0050000000000000044,Primary Growth
0.005212074003579037,Late Metastasis
0.010217278583303457,Late Metastasis
0.10762271239221477,Metastasis
0.1687737769662625,Metastasis
0.15148551889898143,Metastasis
0.005000371986231822,Metastasis
0.8868462772526149,Late Metastasis
0.8868462772526149,Late Metastasis
0.45145265055686945,Late Metastasis
0.4614641296781903,Late Metastasis
0.005002804407985506,Late Metastasis
0.7829404131514657,Late Metastasis
0.6852101671317647,Late Metastasis
0.6852101671317647,Late Metastasis
0.588123974618552,Metastasis
0.09826523963712627,Primary Growth
0.09456162837721416,Metastasis
0.005028526778994902,Metastasis
0.005187214813587859,Metastasis
0.0050000000000000044,Metastasis
0.636907153730045,Late Metastasis
0.005002457129147597,Late Metastasis
0.005002457129147597,Metastasis Burst
0.9812645746834245,Late Metastasis
0.36618630495517035,Late Metastasis
0.0050016774434142874,Late Metastasis
0.010011479121320832,Late Metastasis
0.46636872873524426,Late Metastasis
1.2181638554763912,Late Metastasis
0.4402262597472695,Late Metastasis
0.4402262597472695,Late Metastasis
0.3639246239654965,Late Metastasis
0.9007965302098002,Late Metastasis
0.009369796126258212,Late Metastasis
0.009369796126258212,Metastasis Burst
0.5083592643705894,Late Metastasis
0.5951749150739629,Metastasis
0.42581986508877484,Metastasis
0.09947074293105412,Primary Growth
0.0050000000000000044,Metastasis
0.37274145527453084,Metastasis
0.005001065579431918,Metastasis
0.005006659494547039,Late Metastasis
0.893743791190347,Late Metastasis
1.1128755454564736,Late Metastasis
0.5639869892684675,Late Metastasis
0.0050000000000000044,Metastasis
0.005131773730306266,Late Metastasis
0.005131773730306266,Metastasis Burst
0.3204917578060482,Late Metastasis
0.3204917578060482,Metastasis Burst
0.2874821263140739,Late Metastasis
0.2874821263140739,Metastasis Burst
0.0050117461982144285,Late Metastasis
0.0050117461982144285,Metastasis Burst
0.11897828455760373,Late Metastasis
0.751795135643273,Late Metastasis
0.005000617467835644,Late Metastasis
1.1376903782638967,Late Metastasis
0.005003026622520945,Late Metastasis
0.005003026622520945,Metastasis Burst
0.5368719062443037,Late Metastasis
0.49398543431883324,Late Metastasis
0.005000404891122745,Late Metastasis
0.005000404891122745,Metastasis Burst
0.005000533666622897,Metastasis
0.009292559096859443,Metastasis
0.2632157671663742,Metastasis
0.10411422024592998,Primary Growth
0.005002273153127068,Metastasis
0.0050000000000000044,Metastasis
0.005010762357728904,Late Metastasis
0.005010762357728904,Metastasis Burst
0.005038671827417351,Late Metastasis
0.005038671827417351,Metastasis Burst
0.005006170117716202,Metastasis
0.0050008946515496255,Metastasis
0.27909229354016074,Metastasis
0.005029295576432835,Late Metastasis
0.7780660180927366,Late Metastasis
0.005003159672930302,Late Metastasis
0.8887371227644252,Late Metastasis
0.5417867401894245,Late Metastasis
0.5488885561880061,Late Metastasis
0.8598543950879913,Late Metastasis
0.00500288366849122,Late Metastasis
0.0050000000000000044,Metastasis
0.0052154013758094475,Late Metastasis
0.0052154013758094475,Metastasis Burst
0.6267730544255377,Late Metastasis
0.311408891152293,Late Metastasis
0.3164153811594086,Late Metastasis
0.32759614341418075,Late Metastasis
0.3225960022518888,Late Metastasis
0.6050644263062777,Late Metastasis
0.005011833695967471,Late Metastasis
0.005011833695967471,Metastasis Burst
0.005334944985092571,Late Metastasis
0.005334944985092571,Metastasis Burst
0.6328168510856693,Late Metastasis
0.26651184685575013,Late Metastasis
0.7511061190796802,Late Metastasis
0.5318688796217828,Late Metastasis
0.5243530219812071,Late Metastasis
0.49398906335320847,Late Metastasis
0.49398906335320847,Late Metastasis
0.011208893042943924,Late Metastasis
0.011208893042943924,Late Metastasis
0.9038896615549767,Late Metastasis
0.005004075520404605,Late Metastasis
0.005002815814168615,Metastasis
0.0050000000000000044,Metastasis
0.005018336324922323,Late Metastasis
0.005018336324922323,Metastasis Burst
0.6723607906102294,Late Metastasis
0.6723328821591226,Late Metastasis
0.6723328821591226,Late Metastasis
0.0050022855553106815,Metastasis
0.005001109212403043,Metastasis
0.25331881604153983,Metastasis
0.005004656000586527,Late Metastasis
0.5138415586475331,Late Metastasis
0.8787234809057285,Late Metastasis
0.8837339630914949,Late Metastasis
0.0071018159985811735,Late Metastasis
0.0071018159985811735,Late Metastasis
0.8498418467469944,Late Metastasis
0.8548515114195001,Late Metastasis
0.005001016218076693,Late Metastasis
0.005002194082269762,Late Metastasis
0.005002253436976134,Metastasis
0.0050000000000000044,Metastasis
0.04726352960163682,Late Metastasis
0.04726352960163682,Metastasis Burst
0.6215577492005098,Late Metastasis
0.005015365879623479,Late Metastasis
0.005015365879623479,Metastasis Burst
0.6050546732857869,Late Metastasis
0.6274819061005767,Late Metastasis
0.6274819061005767,Late Metastasis
0.005001171311246999,Late Metastasis
0.8661779167261874,Late Metastasis
0.38158363568185694,Late Metastasis
0.38158363568185694,Late Metastasis
0.007515857640575607,Late Metastasis
0.007515857640575607,Late Metastasis
0.7494317966623227,Late Metastasis
0.005006322856837775,Late Metastasis
0.7381150662668821,Late Metastasis
0.7381150662668821,Late Metastasis
0.005009376067402149,Late Metastasis
0.8988855863650766,Late Metastasis
0.005004782198190005,Late Metastasis
0.29080501018827953,Late Metastasis
0.0050008472173060925,Metastasis
0.14467545272108673,Metastasis
0.12305372723007102,Metastasis
0.005000265172448781,Metastasis
0.20409067299740924,Late Metastasis
0.0050148151476121505,Late Metastasis
0.0050000000000000044,Metastasis
0.667342454285307,Late Metastasis
0.667342454285307,Late Metastasis
0.005009837065646616,Metastasis
0.005003425073346168,Metastasis
0.19241610280479715,Metastasis
0.005004225967760956,Late Metastasis
0.34802342290277655,Late Metastasis
0.00500852802140872,Late Metastasis
0.005000360779646051,Late Metastasis
0.005001137463594318,Late Metastasis
0.005001137463594318,Metastasis Burst
0.2591951549946452,Late Metastasis
0.005000553306803823,Late Metastasis
1.1341466901894925,Late Metastasis
1.1291381758118202,Late Metastasis
0.5796996271131507,Late Metastasis
0.0050000000000000044,Metastasis
0.0056983654063090805,Metastasis
0.005015529270074426,Late Metastasis
0.005015529270074426,Metastasis Burst
0.2319636795028419,Late Metastasis
0.2319636795028419,Metastasis Burst
0.005023738687814916,Late Metastasis
0.005023738687814916,Metastasis Burst
0.6000393073495118,Late Metastasis
0.8611767454149404,Late Metastasis
0.8611767454149404,Late Metastasis
0.7344121637362544,Late Metastasis
0.7444254714531218,Late Metastasis
0.8813365107085627,Late Metastasis
0.8938762102976745,Late Metastasis
0.005247017898714956,Late Metastasis
1.0403030374532114,Late Metastasis
0.48621824595460605,Late Metastasis
0.7545028106085474,Late Metastasis
0.4925305242847783,Metastasis
0.2573951399948291,Metastasis
0.005004340912644012,Metastasis
0.11041670380022672,Metastasis
0.6787616212306995,Metastasis
0.0050000000000000044,Metastasis
0.19907585784979753,Late Metastasis
0.19907585784979753,Late Metastasis
0.007070062798435028,Late Metastasis
0.007070062798435028,Late Metastasis
0.0050000000000000044,Metastasis
0.9485575557503496,Late Metastasis
0.9485575557503496,Late Metastasis
0.005002955739660253,Metastasis
0.4874616744826654,Late Metastasis
0.005001274890240159,Late Metastasis
0.0050022928473014705,Late Metastasis
0.9064029224603889,Late Metastasis
0.005003616284714685,Late Metastasis
0.005003616284714685,Metastasis Burst
0.5633837338556382,Late Metastasis
0.7630235342046909,Late Metastasis
0.7630235342046909,Late Metastasis
0.005001194511249363,Late Metastasis
0.26065018292000297,Late Metastasis
0.25419401753105086,Late Metastasis
0.25419401753105086,Late Metastasis
0.3137757456927248,Late Metastasis
1.129146136493143,Late Metastasis
0.5544458858127075,Late Metastasis
0.5544458858127075,Late Metastasis
1.101382707667201,Late Metastasis
0.5583250090055669,Late Metastasis
0.005002933820394073,Late Metastasis
0.8542698041845034,Late Metastasis
0.0050000000000000044,Metastasis
0.13424929425272147,Metastasis
0.005036073347908232,Late Metastasis
0.005036073347908232,Metastasis Burst
0.5742808956464074,Late Metastasis
0.34733274293679584,Late Metastasis
0.34733274293679584,Late Metastasis
0.005057237742540632,Late Metastasis
0.005057237742540632,Metastasis Burst
0.5950155673092503,Late Metastasis
0.005004996571714493,Late Metastasis
0.01001330771686737,Late Metastasis
0.01253969958911183,Late Metastasis
0.01253969958911183,Late Metastasis
0.00500119137976518,Late Metastasis
1.0350560123291725,Late Metastasis
0.2632808041576782,Late Metastasis
0.2682845646539409,Late Metastasis
0.21418804121567236,Metastasis
0.005002740867382505,Metastasis
0.005000653247523745,Metastasis
0.005001251354261882,Metastasis
0.12595509743322253,Metastasis
0.19648278771232475,Metastasis
0.0050000000000000044,Metastasis
0.24045350624721618,Late Metastasis
0.005014151058559957,Late Metastasis
0.005014151058559957,Metastasis Burst
0.0050070372986323886,Metastasis
1.1662405786774261,Late Metastasis
0.5851452563306001,Late Metastasis
0.47612813989168923,Late Metastasis
0.9416316218306664,Late Metastasis
0.7421750365926683,Late Metastasis
0.005000407895597858,Late Metastasis
0.005001122919030321,Late Metastasis
0.8314005154879536,Late Metastasis
0.4820458257695619,Late Metastasis
0.47504461031098577,Late Metastasis
0.005012821976438042,Late Metastasis
0.2678592979545149,Late Metastasis
0.9014006296130874,Late Metastasis
0.005001489311723839,Late Metastasis
0.5583801175709235,Late Metastasis
0.5583801175709235,Late Metastasis
0.2764445883371043,Late Metastasis
0.005003250309132401,Late Metastasis
0.005013700327147319,Late Metastasis
0.005013700327147319,Metastasis Burst
0.5023815285121216,Late Metastasis
0.00500165204451819,Late Metastasis
0.8153703992847892,Late Metastasis
0.5360165461954902,Late Metastasis
0.543057698661634,Late Metastasis
0.8492668703641093,Late Metastasis
0.8492668703641093,Late Metastasis
0.0050000000000000044,Metastasis
0.005020864030234495,Late Metastasis
0.005020864030234495,Metastasis Burst
0.5374955316121768,Late Metastasis
0.5375862725215956,Late Metastasis
0.00502182482546587,Late Metastasis
0.00502182482546587,Metastasis Burst
0.5692448222984992,Late Metastasis
0.5592419002191076,Late Metastasis
0.5799548666401746,Late Metastasis
0.5899583295667097,Late Metastasis
0.005003325522747737,Late Metastasis
1.0300548209494074,Late Metastasis
0.0050010375263396245,Late Metastasis
0.9511128389521268,Late Metastasis
0.4719393684678981,Metastasis
0.17106235669561043,Metastasis
0.17967065315190422,Metastasis
0.005002849202706328,Metastasis
0.0050000000000000044,Metastasis
0.005003602770623061,Late Metastasis
0.7141274498408365,Late Metastasis
0.005002868285799655,Late Metastasis
0.2998970479352068,Late Metastasis
0.30032135448376873,Metastasis
0.0050000000000000044,Metastasis
0.45543543927949415,Late Metastasis
0.7439526304918656,Late Metastasis
0.23543935518865622,Late Metastasis
0.23543935518865622,Late Metastasis
0.005011572441736334,Metastasis
0.02124772490256266,Late Metastasis
0.02124772490256266,Late Metastasis
0.581095322346826,Late Metastasis
0.0050038170627801914,Late Metastasis
0.0050038170627801914,Metastasis Burst
0.0050040801755262265,Late Metastasis
0.0050040801755262265,Metastasis Burst
0.4705048984287554,Late Metastasis
0.005001975320835905,Late Metastasis
0.7371746286970704,Late Metastasis
0.8263993925689233,Late Metastasis
0.8263993925689233,Late Metastasis
0.0070012154585756825,Late Metastasis
0.0070012154585756825,Late Metastasis
0.21183007183120273,Late Metastasis
0.4927203134504481,Late Metastasis
0.6966469399279351,Late Metastasis
0.6966469399279351,Late Metastasis
0.005003172845947201,Late Metastasis
0.8963991403013636,Late Metastasis
0.48158592042962645,Late Metastasis
0.005002166727642754,Late Metastasis
0.005002166727642754,Metastasis Burst
0.378188028418466,Late Metastasis
0.005003456794443695,Late Metastasis
0.49736782818497427,Late Metastasis
0.49736782818497427,Late Metastasis
0.005002820958145415,Late Metastasis
0.8103687425598909,Late Metastasis
0.007041152466143785,Late Metastasis
0.007041152466143785,Late Metastasis
0.6021567677154183,Late Metastasis
0.6021567677154183,Late Metastasis
0.005004357143670646,Metastasis
0.0050000000000000044,Metastasis
0.6139584945060821,Late Metastasis
0.0050064035948387264,Late Metastasis
0.0050064035948387264,Metastasis Burst
0.5324746675819423,Late Metastasis
0.5324746675819423,Late Metastasis
0.5325644476961298,Late Metastasis
0.5325644476961298,Late Metastasis
0.0050020290936991785,Late Metastasis
0.010002922079391574,Late Metastasis
0.01000346292653509,Late Metastasis
0.005001717585702892,Late Metastasis
1.0250514954266596,Late Metastasis
1.0250514954266596,Late Metastasis
0.3333586234238224,Late Metastasis
0.005003639213522204,Late Metastasis
1.0931480011048298,Late Metastasis
1.0981510707835187,Late Metastasis
0.005002874200899954,Metastasis
0.005000069334964441,Metastasis
0.9701170130286174,Late Metastasis
0.9701170130286174,Late Metastasis
1.2113126055619765,Late Metastasis
0.0050034656245847575,Late Metastasis
0.0050000000000000044,Metastasis
0.343640523706094,Late Metastasis
0.0050081587128771865,Late Metastasis
0.005011986463802964,Late Metastasis
0.005011986463802964,Metastasis Burst
0.48625006470736953,Late Metastasis
0.9919210603641901,Late Metastasis
0.005016100200902596,Late Metastasis
0.697026880714783,Late Metastasis
0.697026880714783,Late Metastasis
0.006873870942832649,Late Metastasis
0.006873870942832649,Late Metastasis
0.0050000000000000044,Metastasis
0.2885171912123714,Late Metastasis
0.2885171912123714,Late Metastasis
0.005026723049447179,Metastasis
0.005004162597829653,Late Metastasis
0.005004162597829653,Metastasis Burst
0.5760914999487896,Late Metastasis
0.00500908008850498,Late Metastasis
0.00500908008850498,Metastasis Burst
0.4655008182532292,Late Metastasis
0.7321726533762345,Late Metastasis
0.7321726533762345,Late Metastasis
0.005001437225677918,Late Metastasis
0.09955616267774103,Late Metastasis
0.4667730933980425,Late Metastasis
0.4667730933980425,Late Metastasis
0.8913959674554164,Late Metastasis
0.8913959674554164,Late Metastasis
0.005003801430886412,Late Metastasis
0.005003801430886412,Metastasis Burst
0.4765837537019837,Late Metastasis
0.005003868041198345,Late Metastasis
0.005003868041198345,Metastasis Burst
0.3748392180774145,Late Metastasis
0.005002325343346659,Late Metastasis
0.44209311028047327,Late Metastasis
0.005000953829100485,Late Metastasis
0.8053659216017455,Late Metastasis
0.0050000000000000044,Metastasis
0.005006706294549357,Late Metastasis
0.005006706294549357,Metastasis Burst
0.6089520827359061,Late Metastasis
0.005004416846541515,Late Metastasis
0.005004416846541515,Metastasis Burst
0.6127531807582094,Late Metastasis
0.9411081585942689,Late Metastasis
0.9411081585942689,Late Metastasis
0.0050087250470440825,Late Metastasis
0.7966314447633236,Late Metastasis
0.4156988457496904,Late Metastasis
0.8595193093329938,Late Metastasis
0.3709339947719258,Metastasis
0.005000029906556014,Metastasis
0.005003913800683879,Late Metastasis
1.0990024016814255,Late Metastasis
0.0050006358675036555,Metastasis
0.005000224125888186,Metastasis
0.005006653773124814,Late Metastasis
1.2063091399373918,Late Metastasis
0.0050000000000000044,Metastasis
0.006770207352977842,Late Metastasis
0.006770207352977842,Late Metastasis
0.851733395298075,Late Metastasis
0.005000720923819646,Late Metastasis
0.4973312272035908,Late Metastasis
0.7100840337352152,Late Metastasis
0.48123807824356657,Late Metastasis
0.48123807824356657,Late Metastasis
0.5069517622309472,Late Metastasis
0.9869049601632875,Late Metastasis
0.8432425393719656,Late Metastasis
0.00500114757766057,Late Metastasis
0.0050000000000000044,Metastasis
0.0050137877405243,Metastasis
0.005005238905319009,Late Metastasis
0.005005238905319009,Metastasis Burst
0.5710873361502578,Late Metastasis
0.4604917381647242,Late Metastasis
0.4604917381647242,Late Metastasis
0.7426618948501988,Late Metastasis
0.7426618948501988,Late Metastasis
0.6430989150601352,Late Metastasis
0.005268046980743346,Late Metastasis
0.005268046980743346,Metastasis Burst
0.4715799522710977,Late Metastasis
0.005000470863613327,Late Metastasis
0.005000470863613327,Metastasis Burst
0.36483338902106066,Late Metastasis
0.36983535003621615,Late Metastasis
0.0050055443253467224,Late Metastasis
0.7430214574328724,Late Metastasis
0.3009302262624116,Late Metastasis
0.3059306650836353,Late Metastasis
0.800364967772645,Late Metastasis
0.800364967772645,Late Metastasis
0.5357987722456254,Late Metastasis
0.00502076081920011,Late Metastasis
0.00502076081920011,Metastasis Burst
0.11629017805203701,Metastasis
0.0050000000000000044,Metastasis
0.005007675664671085,Late Metastasis
0.005007675664671085,Metastasis Burst
0.6039453763979132,Late Metastasis
0.6027418952945471,Late Metastasis
0.6077487639116679,Late Metastasis
0.7977216899859474,Late Metastasis
0.7832366501112611,Late Metastasis
0.0060989702696678805,Late Metastasis
0.0060989702696678805,Late Metastasis
0.4438204635833034,Late Metastasis
0.4438204635833034,Late Metastasis
0.0050000000000000044,Metastasis
0.005006765408637204,Late Metastasis
1.1150933958740334,Late Metastasis
0.02109490831593419,Late Metastasis
0.02109490831593419,Late Metastasis
0.005000578681612411,Metastasis
0.319563058166503,Metastasis
1.201302486164267,Late Metastasis
0.005012669541294645,Late Metastasis
0.0050000000000000044,Metastasis
0.005002424151179685,Late Metastasis
0.8467326795859904,Late Metastasis
0.6930345163661884,Late Metastasis
0.6930345163661884,Late Metastasis
0.0050105004790836905,Late Metastasis
0.0050105004790836905,Metastasis Burst
0.48028168593534093,Late Metastasis
0.47995319793234037,Late Metastasis
0.47995319793234037,Late Metastasis
0.838241391794305,Late Metastasis
0.838241391794305,Late Metastasis
0.005002762417070095,Metastasis
0.0050000000000000044,Metastasis
0.006760912468078306,Late Metastasis
0.006760912468078306,Late Metastasis
0.005001626598097442,Late Metastasis
0.005001626598097442,Metastasis Burst
0.6177510560054973,Late Metastasis
0.005003423101892723,Metastasis
0.0050073887148900376,Late Metastasis
0.0050073887148900376,Metastasis Burst
0.5610802242925816,Late Metastasis
0.005127694481993128,Late Metastasis
0.005127694481993128,Metastasis Burst
0.6428390976417375,Late Metastasis
0.4665794814074844,Late Metastasis
0.4665794814074844,Late Metastasis
0.005003425443544929,Late Metastasis
0.4464113982610882,Late Metastasis
0.5307780114264253,Late Metastasis
0.5307780114264253,Late Metastasis
0.004999999999999893,Metastasis
0.0050000000000000044,Metastasis
0.005009281461853421,Late Metastasis
0.005009281461853421,Metastasis Burst
0.5989377007729952,Late Metastasis
0.009479928716037644,Late Metastasis
0.014485039874685857,Late Metastasis
0.43451497777906534,Late Metastasis
0.4295130375003229,Late Metastasis
0.0050000000000000044,Metastasis
0.005016508442265533,Late Metastasis
1.110086627641178,Late Metastasis
0.005011406335201141,Late Metastasis
0.9472656439525096,Late Metastasis
0.005000528764058987,Metastasis
0.0050011776723581924,Metastasis
0.005006155981668536,Late Metastasis
0.9468695095853343,Late Metastasis
1.1962898166229723,Late Metastasis
1.1962898166229723,Late Metastasis
0.006660912512645556,Late Metastasis
0.006660912512645556,Late Metastasis
0.0050000000000000044,Metastasis
0.4328900634131352,Late Metastasis
0.005006182755810551,Late Metastasis
0.005004308280954994,Late Metastasis
0.005004308280954994,Metastasis Burst
0.47527118571800386,Late Metastasis
0.0050000000000000044,Metastasis
0.005006501380645956,Late Metastasis
0.005006501380645956,Metastasis Burst
0.6077424776757496,Late Metastasis
0.00500470389055141,Metastasis
0.5610747085300487,Late Metastasis
0.00501172920333004,Late Metastasis
0.00501172920333004,Metastasis Burst
0.005104095379028006,Late Metastasis
0.005104095379028006,Metastasis Burst
0.6377114031220399,Late Metastasis
0.0050010434838105855,Late Metastasis
0.7330124750180684,Late Metastasis
0.2683890833936369,Late Metastasis
0.2916045071710389,Late Metastasis
0.004999999999999893,Metastasis
0.1588338653802185,Metastasis
0.0050000000000000044,Metastasis
0.005020850823278744,Late Metastasis
0.005020850823278744,Metastasis Burst
0.5346327293664259,Late Metastasis
0.005012158097686514,Late Metastasis
0.005012158097686514,Metastasis Burst
0.5939284194294356,Late Metastasis
0.0050000000000000044,Metastasis
0.018371219444180964,Late Metastasis
1.2097465343463591,Late Metastasis
1.092480813155984,Late Metastasis
1.1050701191989125,Late Metastasis
0.9422542376173089,Late Metastasis
0.9422542376173089,Late Metastasis
0.00500034441328534,Metastasis
0.005011205548054898,Late Metastasis
0.9447262352753469,Late Metastasis
0.005001358511412146,Metastasis
0.005014482675381737,Late Metastasis
1.060751222523838,Late Metastasis
0.11888787232765585,Late Metastasis
0.11888787232765585,Late Metastasis
0.006601890885610917,Late Metastasis
0.006601890885610917,Late Metastasis
0.0050000000000000044,Metastasis
0.40884019202167554,Late Metastasis
0.0307381903463555,Late Metastasis
0.0307381903463555,Metastasis Burst
0.19713832862618497,Late Metastasis
0.42711015050301504,Late Metastasis
0.005001626799908454,Late Metastasis
0.005001626799908454,Metastasis Burst
0.005001211591556753,Late Metastasis
0.005001211591556753,Metastasis Burst
0.006648439087708624,Late Metastasis
0.006648439087708624,Late Metastasis
0.0050000000000000044,Metastasis
0.005002452510523225,Late Metastasis
0.005002452510523225,Metastasis Burst
0.6077429344511678,Late Metastasis
0.0050019722289136315,Metastasis
0.0050270132132859136,Late Metastasis
0.0050270132132859136,Metastasis Burst
0.5560629793267191,Late Metastasis
0.005119574760806822,Late Metastasis
0.005119574760806822,Metastasis Burst
0.6326073074037735,Late Metastasis
0.27193252490025377,Late Metastasis
0.2004594589581219,Late Metastasis
0.023215423777402044,Late Metastasis
0.023215423777402044,Late Metastasis
0.6721519346714895,Late Metastasis
0.6721519346714895,Late Metastasis
0.004999999999999893,Metastasis
0.0050000000000000044,Metastasis
0.11324020197560669,Metastasis
0.5296118785431472,Late Metastasis
0.5296118785431472,Late Metastasis
0.0050183510092121075,Late Metastasis
0.0050183510092121075,Metastasis Burst
0.58891626154376,Late Metastasis
0.4839099936572493,Late Metastasis
1.2148872277605336,Late Metastasis
0.23113033199773825,Metastasis
0.0050000000000000044,Metastasis
0.6131712112101857,Late Metastasis
0.6174090673678776,Late Metastasis
0.012589306042928072,Late Metastasis
0.012589306042928072,Late Metastasis
0.005000199238698322,Metastasis
0.7668688279653029,Late Metastasis
0.7668688279653029,Late Metastasis
0.939715029727292,Late Metastasis
0.939715029727292,Late Metastasis
0.0050017188486526365,Metastasis
1.0557367398484563,Late Metastasis
1.0557367398484563,Late Metastasis
0.006552528938007729,Late Metastasis
0.006552528938007729,Late Metastasis
0.0050000000000000044,Metastasis
0.37810200167532004,Late Metastasis
0.37810200167532004,Late Metastasis
0.6395857355529486,Late Metastasis
0.0053123765348892515,Late Metastasis
0.0053123765348892515,Metastasis Burst
0.40961391367611855,Late Metastasis
0.40460720512403814,Late Metastasis
0.07761770039480576,Late Metastasis
0.07761770039480576,Metastasis Burst
0.004999999999999893,Late Metastasis
0.004999999999999893,Metastasis Burst
0.4652656625530245,Late Metastasis
0.4652656625530245,Late Metastasis
0.0050000000000000044,Metastasis
0.5957177491847769,Late Metastasis
0.6027404819406446,Late Metastasis
0.005160175280269019,Metastasis
0.5510359661134332,Late Metastasis
0.5510359661134332,Late Metastasis
0.00523737503885191,Late Metastasis
0.00523737503885191,Metastasis Burst
0.6274877326429666,Late Metastasis
0.4510777497182201,Late Metastasis
0.005014655216977193,Late Metastasis
0.005014655216977193,Metastasis Burst
0.08827032555874625,Late Metastasis
0.08827032555874625,Metastasis Burst
0.5275519949631056,Late Metastasis
0.004999999999999893,Metastasis
0.005009989571457263,Metastasis
0.6697907248673522,Late Metastasis
0.6697907248673522,Late Metastasis
1.152313848506936,Late Metastasis
0.005000343708018384,Late Metastasis
0.0050000000000000044,Metastasis
0.1367178246603291,Metastasis
0.005000970151796791,Late Metastasis
0.005000970151796791,Metastasis Burst
0.5788948148643607,Late Metastasis
0.005007037123717639,Late Metastasis
0.7309772341032843,Late Metastasis
0.0050000000000000044,Metastasis
0.5782041036919925,Late Metastasis
0.5782041036919925,Late Metastasis
0.5739662475343006,Late Metastasis
0.5739662475343006,Late Metastasis
0.766974456405215,Late Metastasis
0.766974456405215,Late Metastasis
0.005000345187052058,Metastasis
0.005002227819958405,Metastasis
0.0050000000000000044,Metastasis
0.005047134380888885,Late Metastasis
0.021310878339603434,Late Metastasis
0.005305701457604783,Late Metastasis
0.005305701457604783,Metastasis Burst
0.634273346320078,Late Metastasis
0.00526454536916976,Late Metastasis
0.00526454536916976,Metastasis Burst
0.38764755299922493,Late Metastasis
0.4602653508861474,Late Metastasis
0.4602653508861474,Late Metastasis
0.0050000000000000044,Metastasis
0.007022732755867622,Late Metastasis
0.007022732755867622,Late Metastasis
0.005005925268796618,Metastasis
0.9732880424451751,Late Metastasis
0.005001190641196862,Late Metastasis
0.6222503576041147,Late Metastasis
0.6222503576041147,Late Metastasis
0.0050063228720933495,Late Metastasis
0.0050063228720933495,Metastasis Burst
0.4460631246019582,Late Metastasis
0.4392816694043593,Late Metastasis
0.4392816694043593,Late Metastasis
0.004999999999999893,Metastasis
0.005000415084710497,Late Metastasis
1.1473135226369189,Late Metastasis
0.1009098622837643,Metastasis
0.005003090199120708,Metastasis
0.7170823628777914,Late Metastasis
0.7170823628777914,Late Metastasis
0.004999999999999893,Metastasis
0.5738950667982019,Late Metastasis
0.5788969392310639,Late Metastasis
0.7259701969795667,Late Metastasis
0.7259701969795667,Late Metastasis
1.0287910154734883,Late Metastasis
0.005002025352768058,Late Metastasis
0.3385516439157632,Metastasis
0.0050000000000000044,Metastasis
0.005000202977004875,Metastasis
0.005002993545073053,Metastasis
0.0050000000000000044,Metastasis
0.01626374395871455,Late Metastasis
0.01626374395871455,Late Metastasis
0.6138887250488672,Late Metastasis
0.6289676442589271,Late Metastasis
0.38238300763005517,Late Metastasis
0.38238300763005517,Late Metastasis
0.0050000000000000044,Metastasis
0.8494699600456641,Late Metastasis
0.9682868594869147,Late Metastasis
0.00500372690830897,Late Metastasis
0.00500372690830897,Metastasis Burst
0.4460579161624225,Late Metastasis
0.6657519629326836,Late Metastasis
0.6657519629326836,Late Metastasis
0.004999999999999893,Metastasis
0.005000616048975504,Late Metastasis
1.1423131046342452,Late Metastasis
0.005000437259225166,Metastasis
0.1285927101443216,Metastasis
0.005191613877819301,Metastasis
0.004999999999999893,Metastasis
0.005002966943052245,Late Metastasis
0.9283778350609926,Late Metastasis
0.0050000000000000044,Metastasis
0.005000182711086598,Metastasis
0.7608432303226902,Late Metastasis
0.7608432303226902,Late Metastasis
0.005025827481260459,Metastasis
0.021095118230410215,Late Metastasis
0.00504660310898819,Late Metastasis
0.0050000000000000044,Metastasis
0.007616816773706514,Late Metastasis
0.015078919210059993,Late Metastasis
0.0050000000000000044,Metastasis
1.062757030135652,Late Metastasis
1.062757030135652,Late Metastasis
0.6677789976849147,Late Metastasis
0.005099281578511583,Late Metastasis
0.005099281578511583,Metastasis Burst
0.0050137481957110985,Late Metastasis
0.11881689944125062,Late Metastasis
0.005002545249396917,Late Metastasis
0.005002545249396917,Metastasis Burst
0.4410541893111275,Late Metastasis
0.004999999999999893,Metastasis
0.005000899439421946,Late Metastasis
0.005004092195707521,Late Metastasis
0.005000740950539262,Metastasis
0.005002048230381195,Metastasis
0.004999999999999893,Metastasis
0.35634646517825996,Late Metastasis
0.6284088321172461,Late Metastasis
0.004999999999999893,Metastasis
0.0050052017550219485,Late Metastasis
1.0187860305231504,Late Metastasis
0.09541116300355945,Late Metastasis
0.09541116300355945,Late Metastasis
0.005002386544550763,Late Metastasis
0.907471650354138,Late Metastasis
0.0058966042792725215,Late Metastasis
0.3835294309510173,Late Metastasis
0.11426026810856282,Metastasis
0.005000072782762599,Metastasis
0.005010664913155827,Late Metastasis
0.9322544077068546,Late Metastasis
0.01604851512142158,Late Metastasis
0.01604851512142158,Late Metastasis
0.0050000000000000044,Metastasis
0.0074621024363539235,Late Metastasis
0.0074621024363539235,Late Metastasis
0.0050000000000000044,Metastasis
0.005040740129400811,Late Metastasis
0.005040740129400811,Metastasis Burst
0.66267970283666,Late Metastasis
0.11380315124553952,Late Metastasis
0.005095770835579216,Late Metastasis
0.0050018786069703225,Late Metastasis
0.0050018786069703225,Metastasis Burst
0.43605164417265607,Late Metastasis
0.005003705391031454,Late Metastasis
0.9112899047410319,Late Metastasis
0.004999999999999893,Metastasis
1.1323115891458482,Late Metastasis
0.00500124998300433,Late Metastasis
0.0050032826827106636,Late Metastasis
1.1273072813389082,Late Metastasis
0.005000616903201527,Metastasis
0.004999999999999893,Metastasis
0.4067314638220725,Late Metastasis
0.00504652275266948,Late Metastasis
0.44680973314746697,Late Metastasis
1.1289048324741833,Late Metastasis
0.8820180911077411,Late Metastasis
0.8820180911077411,Late Metastasis
0.609955724168755,Late Metastasis
0.609955724168755,Late Metastasis
0.004999999999999893,Metastasis
0.005012866606546984,Late Metastasis
1.0137808255642167,Late Metastasis
0.005001215133689563,Late Metastasis
0.005009742002684225,Late Metastasis
0.3808040861499089,Late Metastasis
0.20941955053067418,Late Metastasis
0.6387950678823495,Late Metastasis
0.6387950678823495,Late Metastasis
0.0050008439503352875,Metastasis
0.13799735851363615,Metastasis
0.5692490612678589,Late Metastasis
1.127278957585021,Late Metastasis
0.0050000000000000044,Metastasis
0.005002702705365514,Metastasis
0.7488552699409246,Late Metastasis
0.7632806809577906,Late Metastasis
0.36944094116958404,Late Metastasis
0.9272437427936988,Late Metastasis
0.25337865850564567,Late Metastasis
0.005004179656510566,Late Metastasis
0.005004179656510566,Metastasis Burst
0.006277830396285822,Late Metastasis
0.006277830396285822,Late Metastasis
0.0050000000000000044,Metastasis
0.0050000000000000044,Metastasis
0.005026544275930078,Late Metastasis
0.005026544275930078,Metastasis Burst
0.6576389627246746,Late Metastasis
0.10870738040996031,Late Metastasis
0.10870738040996031,Late Metastasis
0.005001456187254227,Late Metastasis
0.005001456187254227,Metastasis Burst
0.4310497657090644,Late Metastasis
0.005009462036648316,Late Metastasis
0.9062861993500004,Late Metastasis
0.004999999999999893,Metastasis
1.1273103391628438,Late Metastasis
1.1273103391628438,Late Metastasis
0.2434982412042752,Late Metastasis
1.1222995850218613,Late Metastasis
0.005001442788413302,Metastasis
0.6758591283782491,Late Metastasis
0.6758591283782491,Late Metastasis
0.057719446610132064,Late Metastasis
0.057719446610132064,Late Metastasis
0.004999999999999893,Metastasis
0.7808647933877837,Late Metastasis
0.7858683238992579,Late Metastasis
0.4526361397893224,Late Metastasis
0.005008876477782476,Late Metastasis
0.3160533851005789,Late Metastasis
0.3160533851005789,Metastasis Burst
0.005000667761394073,Late Metastasis
0.005000667761394073,Metastasis Burst
0.004999999999999893,Metastasis
0.9961806629700407,Late Metastasis
1.0087679589576697,Late Metastasis
0.8974680486758977,Late Metastasis
0.8974680486758977,Late Metastasis
0.897459521806903,Late Metastasis
0.897459521806903,Late Metastasis
0.6356238088816293,Late Metastasis
0.6356238088816293,Late Metastasis
0.8070083445008644,Late Metastasis
0.0050029874878332325,Late Metastasis
0.004999999999999893,Metastasis
0.005002213940244804,Metastasis
0.5580298963171622,Late Metastasis
0.5580298963171622,Late Metastasis
0.0050000000000000044,Metastasis
0.009420307343431578,Late Metastasis
0.014425411016866008,Late Metastasis
0.5578028016241148,Late Metastasis
0.5578028016241148,Late Metastasis
0.1912153245451318,Late Metastasis
0.24337326184168706,Late Metastasis
0.006216940208912725,Late Metastasis
0.006216940208912725,Late Metastasis
0.0050000000000000044,Metastasis
0.0050000000000000044,Metastasis
0.005020669857917381,Late Metastasis
0.005020669857917381,Metastasis Burst
0.652612418516203,Late Metastasis
0.005001169195643307,Late Metastasis
0.005001169195643307,Metastasis Burst
0.426048309684949,Late Metastasis
0.9012767373133521,Late Metastasis
0.9012767373133521,Late Metastasis
0.004999999999999893,Metastasis
0.6562762684821732,Late Metastasis
0.6562762684821732,Late Metastasis
0.8838068729921975,Late Metastasis
0.8838068729921975,Late Metastasis
0.9971773603705905,Late Metastasis
0.9971773603705905,Late Metastasis
0.005003893915400903,Metastasis
0.004999999999999893,Metastasis
0.7349171065555005,Late Metastasis
0.7349171065555005,Late Metastasis
0.040269225760078964,Late Metastasis
0.3179193408075187,Late Metastasis
0.3660417142261374,Late Metastasis
0.3660417142261374,Late Metastasis
0.6770944315653222,Late Metastasis
0.6770944315653222,Late Metastasis
0.012587295987628977,Late Metastasis
0.012587295987628977,Late Metastasis
0.8020053570130312,Late Metastasis
0.00500085567623354,Late Metastasis
0.7178522074870841,Late Metastasis
0.7178522074870841,Late Metastasis
1.0740966140083117,Late Metastasis
1.0740966140083117,Late Metastasis
0.004999999999999893,Metastasis
0.7513893215309215,Late Metastasis
0.7513893215309215,Late Metastasis
0.0050000000000000044,Metastasis
0.7580417131331931,Late Metastasis
0.7580417131331931,Late Metastasis
0.7549095082994426,Late Metastasis
0.7549095082994426,Late Metastasis
0.05715915430400287,Late Metastasis
0.05715915430400287,Late Metastasis
0.0050000000000000044,Metastasis
0.006167685909823195,Late Metastasis
0.006167685909823195,Late Metastasis
0.0050000000000000044,Metastasis
0.005016934794604078,Late Metastasis
0.005016934794604078,Metastasis Burst
0.00500143624773397,Late Metastasis
0.00500143624773397,Metastasis Burst
0.0050009657719214395,Late Metastasis
0.0050009657719214395,Metastasis Burst
0.4210471406643541,Late Metastasis
0.004999999999999893,Metastasis
0.005009913762642482,Metastasis
1.0032794652259045,Late Metastasis
1.0032794652259045,Late Metastasis
0.004999999999999893,Metastasis
0.005036955105888863,Late Metastasis
0.4100713565102265,Late Metastasis
0.005000570922659264,Late Metastasis
0.8646250166378131,Late Metastasis
1.2371977877327593,Late Metastasis
0.004999999999999893,Late Metastasis
0.005000194255330381,Late Metastasis
0.7970044892571937,Late Metastasis
0.004999999999999893,Metastasis
0.07566876965493652,Late Metastasis
0.07566876965493652,Late Metastasis
0.005000183546495007,Metastasis
0.005015581431150107,Late Metastasis
0.005001156303285237,Late Metastasis
0.0050000000000000044,Metastasis
0.16729423170576707,Late Metastasis
0.16729423170576707,Late Metastasis
0.0050000000000000044,Metastasis
0.0050162991444753224,Late Metastasis
0.0050162991444753224,Metastasis Burst
0.6375724150339197,Late Metastasis
0.6425903116762075,Late Metastasis
0.6425903116762075,Late Metastasis
0.005000818244666139,Late Metastasis
0.005000818244666139,Metastasis Burst
0.416046176082145,Late Metastasis
0.654731089726321,Late Metastasis
0.570046967220136,Late Metastasis
0.004999999999999893,Metastasis
0.004999999999999893,Metastasis
1.137238172937857,Late Metastasis
0.00500165731759461,Late Metastasis
0.005001942338449972,Late Metastasis
0.7322037701758306,Late Metastasis
0.8596244457151543,Late Metastasis
0.8596244457151543,Late Metastasis
1.232197862962621,Late Metastasis
0.004999999999999893,Late Metastasis
0.004999999999999893,Late Metastasis
0.005009106011593101,Late Metastasis
0.07386486663462533,Late Metastasis
0.07386486663462533,Late Metastasis
0.005000098614541315,Metastasis
0.005002027675036214,Late Metastasis
1.1691729577718446,Late Metastasis
0.0050000000000000044,Metastasis
1.0799478654352248,Late Metastasis
1.0799478654352248,Late Metastasis
0.005001652071171536,Late Metastasis
1.0799622982316919,Late Metastasis
0.0050000000000000044,Metastasis
0.0050000000000000044,Metastasis
0.005015769735007947,Late Metastasis
0.005015769735007947,Metastasis Burst
0.6375585148926253,Late Metastasis
0.0050007107312386445,Late Metastasis
0.0050007107312386445,Metastasis Burst
0.41104535783747886,Late Metastasis
0.08468412250618496,Late Metastasis
0.08468412250618496,Late Metastasis
0.004999999999999893,Metastasis
0.004999999999999893,Metastasis
0.32255840420975734,Late Metastasis
0.005002770963152825,Late Metastasis
0.7272018278373802,Late Metastasis
0.7272018278373802,Late Metastasis
0.005000057987273765,Late Metastasis
1.2271978761012063,Late Metastasis
0.005008799468140257,Late Metastasis
0.11624222629657677,Late Metastasis
0.7869951803819593,Late Metastasis
0.7869951803819593,Late Metastasis
0.005000167315201365,Metastasis
0.8665302313400978,Late Metastasis
0.8813113411613154,Late Metastasis
0.005002859615319766,Late Metastasis
1.164170929857696,Late Metastasis
0.0050000000000000044,Metastasis
1.0749606461605203,Late Metastasis
1.0749606461605203,Late Metastasis
0.0050000000000000044,Metastasis
0.0050000000000000044,Metastasis
0.005016043763161004,Late Metastasis
0.005016043763161004,Metastasis Burst
0.6325427452203125,Late Metastasis
0.40604464710624066,Late Metastasis
0.005000633684725475,Late Metastasis
0.005000633684725475,Metastasis Burst
0.004999999999999893,Metastasis
0.005008978056154856,Metastasis
0.8096781114105049,Late Metastasis
0.4044748146332158,Late Metastasis
0.43069889207041645,Late Metastasis
0.005002109321236015,Late Metastasis
1.2221978181139326,Late Metastasis
0.005000140343432324,Late Metastasis
0.7819958174710564,Late Metastasis
0.7819958174710564,Late Metastasis
0.17310942909860616,Late Metastasis
0.17310942909860616,Metastasis Burst
0.6707624270138459,Late Metastasis
0.0050002486159244075,Metastasis
0.014781109821217608,Late Metastasis
0.014781109821217608,Late Metastasis
0.005004312180787229,Late Metastasis
1.1591680700889493,Late Metastasis
0.0050000000000000044,Metastasis
0.005005570188697961,Late Metastasis
1.0134158070566837,Late Metastasis
0.0050000000000000044,Metastasis
0.0050000000000000044,Metastasis
0.005017222239869001,Late Metastasis
0.005017222239869001,Metastasis Burst
0.6275267015553525,Late Metastasis
0.4010440134215152,Late Metastasis
0.4010440134215152,Late Metastasis
0.004999999999999893,Metastasis
0.004999999999999893,Late Metastasis
1.2376545573638438,Late Metastasis
0.4052032967772896,Late Metastasis
0.4052032967772896,Late Metastasis
0.6965348413723973,Late Metastasis
0.6965348413723973,Late Metastasis
0.0050015925911004455,Late Metastasis
0.43812908357904234,Late Metastasis
0.005000237430298871,Late Metastasis
1.2171976983488446,Late Metastasis
0.11708100483775974,Late Metastasis
0.11708100483775974,Metastasis Burst
0.49765299791523976,Late Metastasis
0.005000355437916326,Metastasis
0.00500742814154842,Late Metastasis
1.1541637554918656,Late Metastasis
0.0050000000000000044,Metastasis
0.7402873358802444,Late Metastasis
0.7402873358802444,Late Metastasis
0.005002690479415373,Late Metastasis
0.005011958189924837,Late Metastasis
0.0050000000000000044,Metastasis
0.0050000000000000044,Metastasis
0.005019747671732411,Late Metastasis
0.005019747671732411,Metastasis Burst
0.6225094794417976,Late Metastasis
0.004999999999999893,Metastasis
1.0261345647444795,Late Metastasis
0.005001220084822178,Late Metastasis
0.005000071237066361,Late Metastasis
1.2326545578260963,Late Metastasis
0.3164787744892905,Late Metastasis
0.005002826780935443,Late Metastasis
0.0050016380313646636,Late Metastasis
0.0050016380313646636,Metastasis Burst
0.6841025294692038,Late Metastasis
0.005000352880521142,Late Metastasis
1.2121974607145845,Late Metastasis
0.38057199307748,Late Metastasis
0.38057199307748,Late Metastasis
0.005000464017233419,Metastasis
0.06391822416221027,Late Metastasis
0.06391822416221027,Late Metastasis
0.0050181363214218955,Late Metastasis
1.1491563273503171,Late Metastasis
0.0050000000000000044,Metastasis
0.7392792284581877,Late Metastasis
0.7392792284581877,Late Metastasis
1.0034075463885703,Late Metastasis
0.00500480653679003,Late Metastasis
0.005010918406862519,Late Metastasis
1.003398274393151,Late Metastasis
0.005000035311151119,Metastasis
0.0050000000000000044,Metastasis
0.00502491500301927,Late Metastasis
0.00502491500301927,Metastasis Burst
0.6174897319277266,Late Metastasis
0.004999999999999893,Metastasis
0.005001731101280216,Late Metastasis
1.021133356312337,Late Metastasis
0.005000154563161274,Late Metastasis
1.2276544864803658,Late Metastasis
0.4004950546986523,Late Metastasis
0.800751247323712,Late Metastasis
0.3865127429461699,Late Metastasis
0.25041652379139534,Late Metastasis
0.6791008914378391,Late Metastasis
0.6791008914378391,Late Metastasis
0.00500049253228152,Late Metastasis
1.2071971076788968,Late Metastasis
0.0050005922959937,Metastasis
1.1441381910288952,Late Metastasis
1.1441381910288952,Late Metastasis
0.0050000000000000044,Metastasis
0.005011997242671429,Late Metastasis
0.9984027398517803,Late Metastasis
0.9932101053171598,Late Metastasis
0.9983873559862886,Late Metastasis
0.005000077063996744,Metastasis
0.0050000000000000044,Metastasis
0.005037420105174828,Late Metastasis
0.005037420105174828,Metastasis Burst
0.6124648163862385,Late Metastasis
0.004999999999999893,Metastasis
0.638187282421244,Late Metastasis
0.638187282421244,Late Metastasis
0.005002731658629411,Late Metastasis
1.0161316215980793,Late Metastasis
0.00500025233998147,Late Metastasis
1.2226543318472782,Late Metastasis
0.4002561926250596,Late Metastasis
0.4002561926250596,Late Metastasis
0.0050034438577852836,Late Metastasis
0.0050034438577852836,Metastasis Burst
0.7257144329326888,Late Metastasis
0.8618106684545883,Late Metastasis
0.8618106684545883,Late Metastasis
0.0050006649346869825,Late Metastasis
1.2021966150379555,Late Metastasis
0.005000746231276887,Metastasis
0.005012595748283277,Metastasis
0.0050000000000000044,Metastasis
0.9933907426091089,Late Metastasis
0.9933907426091089,Late Metastasis
0.0050001227034741635,Metastasis
0.0050000000000000044,Metastasis
0.005088830311497983,Late Metastasis
0.005088830311497983,Metastasis Burst
0.6074273962810641,Late Metastasis
0.635872477151602,Late Metastasis
0.635872477151602,Late Metastasis
0.004999999999999893,Metastasis
0.005000937929192872,Late Metastasis
0.9133700263807345,Late Metastasis
0.005000368674102917,Late Metastasis
1.217654079467466,Late Metastasis
0.32791152439125093,Late Metastasis
0.32791152439125093,Metastasis Burst
0.2626536383193401,Late Metastasis
0.2626536383193401,Metastasis Burst
0.0050008831762169415,Late Metastasis
1.1971959500332854,Late Metastasis
0.0050009348103192686,Metastasis
0.0050000000000000044,Metastasis
0.005000172787343438,Metastasis
0.0050000000000000044,Metastasis
0.6023385659695661,Late Metastasis
0.6023385659695661,Late Metastasis
0.004999999999999893,Metastasis
1.006127952010257,Late Metastasis
0.005001426363721473,Late Metastasis
0.07619608229742614,Late Metastasis
0.09775885599048983,Late Metastasis
0.005000509400131525,Late Metastasis
1.2126537107772288,Late Metastasis
0.005126506248262164,Late Metastasis
0.005126506248262164,Metastasis Burst
0.39279947076864286,Late Metastasis
0.4580573653835973,Late Metastasis
0.4580573653835973,Late Metastasis
0.005001168347766649,Late Metastasis
1.1921950668179682,Late Metastasis
0.005001171705908636,Metastasis
0.10247594590050291,Late Metastasis
0.10247594590050291,Late Metastasis
0.0050000000000000044,Metastasis
0.7291414938147545,Late Metastasis
0.7291414938147545,Late Metastasis
0.005000227993362416,Metastasis
0.005000036997311108,Metastasis
0.004999999999999893,Metastasis
0.005008247324944648,Metastasis
0.6336464521019685,Late Metastasis
0.6336464521019685,Late Metastasis
1.0011265256465356,Late Metastasis
1.0011265256465356,Late Metastasis
0.021562773693063697,Late Metastasis
0.011552094904692556,Late Metastasis
0.005000683095300662,Late Metastasis
1.2076532013822252,Late Metastasis
0.005082078048708194,Late Metastasis
0.005082078048708194,Metastasis Burst
0.38767296564009257,Late Metastasis
0.005002128106378789,Late Metastasis
1.187193900239857,Late Metastasis
0.005001479321274482,Metastasis
0.7269129718384426,Late Metastasis
0.7269129718384426,Late Metastasis
0.0050000000000000044,Metastasis
0.005000289149979964,Metastasis
0.005000081147880087,Metastasis
0.004999999999999893,Metastasis
0.005003432106209349,Late Metastasis
0.010010678788371141,Late Metastasis
0.005000902907657201,Late Metastasis
1.202652518317171,Late Metastasis
0.005122616129099811,Late Metastasis
0.005122616129099811,Metastasis Burst
0.38259088759138393,Late Metastasis
0.005002988953038745,Late Metastasis
1.1821917703666414,Late Metastasis
0.005001733161683175,Metastasis
0.005003127858993706,Metastasis
0.0050000000000000044,Metastasis
0.7246850066591757,Late Metastasis
0.7246850066591757,Late Metastasis
0.005000357278017287,Metastasis
0.005000129484595384,Metastasis
0.004999999999999893,Metastasis
0.5201031462916381,Late Metastasis
0.9920640622825547,Late Metastasis
0.005000275467011095,Late Metastasis
0.7846561791164597,Late Metastasis
0.37746827146228457,Late Metastasis
0.37746827146228457,Late Metastasis
0.005004491983718218,Late Metastasis
1.1771887793301608,Late Metastasis
0.005004514111902614,Metastasis
0.0050000000000000044,Metastasis
0.044307357293908556,Late Metastasis
0.044307357293908556,Late Metastasis
0.00500043365087155,Metastasis
0.0050001826830119445,Metastasis
0.009148284839918475,Late Metastasis
0.009148284839918475,Late Metastasis
0.004999999999999893,Metastasis
0.47196091599091705,Late Metastasis
0.004999999999999893,Late Metastasis
0.004999999999999893,Metastasis Burst
0.005000404449525986,Late Metastasis
1.1926513379538934,Late Metastasis
0.41299542657969246,Late Metastasis
0.41299542657969246,Late Metastasis
0.8093376062942339,Late Metastasis
0.00500134675951136,Late Metastasis
0.3355846659154551,Late Metastasis
0.3355846659154551,Late Metastasis
0.03830447198521192,Late Metastasis
0.03830447198521192,Late Metastasis
0.005006905620514868,Metastasis
0.8896627915591877,Late Metastasis
0.005009778808825471,Late Metastasis
0.0050000000000000044,Metastasis
0.00500051988778516,Metastasis
0.0050002415230099295,Metastasis
0.004999999999999893,Metastasis
0.46696102908976034,Late Metastasis
0.46696102908976034,Late Metastasis
1.1876509335043675,Late Metastasis
0.0050005623623572415,Late Metastasis
0.36284668105220863,Late Metastasis
0.36284668105220863,Late Metastasis
0.0050018378293521515,Late Metastasis
1.1671829468492707,Late Metastasis
0.005045158175979614,Metastasis
0.005002078361884488,Metastasis
0.8846530127503618,Late Metastasis
0.8846530127503618,Late Metastasis
0.0050000000000000044,Metastasis
0.8869610670926171,Late Metastasis
0.005009323844116453,Late Metastasis
0.005000618107814381,Metastasis
0.00500030692552178,Metastasis
0.6114029669993002,Late Metastasis
0.6209341585424841,Late Metastasis
0.004999999999999893,Metastasis
0.005000761312825119,Late Metastasis
1.182650385363882,Late Metastasis
1.1621811090199186,Late Metastasis
1.1621811090199186,Late Metastasis
0.005012916423659641,Metastasis
0.0050000000000000044,Metastasis
0.7198378472911382,Late Metastasis
0.7198378472911382,Late Metastasis
0.8819517432485007,Late Metastasis
0.8819517432485007,Late Metastasis
0.005000731181305396,Metastasis
0.005000380053029163,Metastasis
0.009531191543183937,Late Metastasis
0.009531191543183937,Late Metastasis
0.6177720040118695,Late Metastasis
0.6177720040118695,Late Metastasis
0.004999999999999893,Metastasis
0.00500101878539394,Late Metastasis
1.1776496215133179,Late Metastasis
0.0070733222389081085,Late Metastasis
0.0070733222389081085,Late Metastasis
0.0050000000000000044,Metastasis
0.005000863132468503,Metastasis
0.005000462960480068,Metastasis
0.004999999999999893,Metastasis
0.6154042081116851,Late Metastasis
0.6154042081116851,Late Metastasis
0.005001365052712536,Late Metastasis
1.172648602727924,Late Metastasis
0.0050000000000000044,Metastasis
0.005149626555327247,Metastasis
0.005000282077279428,Metastasis
0.005000557044330778,Metastasis
0.007723889189060973,Late Metastasis
0.013989892363232226,Late Metastasis
0.004999999999999893,Metastasis
1.1676472376752114,Late Metastasis
0.005001855539005673,Late Metastasis
0.9609007770713265,Late Metastasis
0.0050049940906282675,Late Metastasis
0.0050000000000000044,Metastasis
0.005000356728204647,Metastasis
0.005000664798715748,Metastasis
0.006266003174171253,Late Metastasis
0.006266003174171253,Late Metastasis
0.6126642484565803,Late Metastasis
0.6126642484565803,Late Metastasis
0.004999999999999893,Metastasis
1.1626453821362057,Late Metastasis
1.1626453821362057,Late Metastasis
0.005013362329505666,Late Metastasis
0.9558957849912837,Late Metastasis
0.005004766931109739,Late Metastasis
0.35880823167075016,Late Metastasis
0.0050000000000000044,Metastasis
0.011434048374743266,Late Metastasis
0.011434048374743266,Late Metastasis
0.02828274871027414,Late Metastasis
0.005006471737306395,Late Metastasis
0.00500044096881247,Metastasis
0.005000789467535682,Metastasis
0.004999999999999893,Metastasis
0.005005265398976055,Metastasis
0.03474003196047182,Late Metastasis
0.950882418926362,Late Metastasis
0.005001887842480457,Late Metastasis
0.005019840719451052,Late Metastasis
0.8401042405363925,Late Metastasis
0.8401042405363925,Late Metastasis
0.0050046044999327854,Late Metastasis
0.9652612665966762,Late Metastasis
0.005004269202017242,Metastasis
0.0050000000000000044,Metastasis
0.005001880582188534,Late Metastasis
0.023276274341984315,Late Metastasis
0.005000536591847071,Metastasis
0.005000935392130534,Metastasis
0.004999999999999893,Metastasis
0.9078267637675106,Late Metastasis
0.9161423869658902,Late Metastasis
1.188905806123456,Late Metastasis
1.188905806123456,Late Metastasis
0.9663426887019451,Late Metastasis
1.1888878482404854,Late Metastasis
0.9602566620967434,Late Metastasis
0.005011245255719388,Late Metastasis
0.004999999999999893,Metastasis
0.0050092587203982575,Late Metastasis
0.01827439375979578,Late Metastasis
0.005000646348946702,Metastasis
0.00500110858509295,Metastasis
0.004999999999999893,Metastasis
0.005006217176739547,Late Metastasis
0.7557280841732834,Late Metastasis
0.006160175481028318,Late Metastasis
0.006160175481028318,Late Metastasis
0.284149304493873,Late Metastasis
0.284149304493873,Late Metastasis
0.008315623198379196,Late Metastasis
0.008315623198379196,Late Metastasis
0.005004046224585501,Late Metastasis
0.22254515953854037,Late Metastasis
0.955245416841024,Late Metastasis
0.955245416841024,Late Metastasis
0.7010991463091911,Late Metastasis
0.7010991463091911,Late Metastasis
0.004999999999999893,Metastasis
0.013265135039397524,Late Metastasis
0.005005783675252395,Late Metastasis
0.005000774647803796,Metastasis
0.005001317626654789,Metastasis
0.004999999999999893,Metastasis
0.7036139404184021,Late Metastasis
0.6920250721111443,Late Metastasis
0.7402762154457965,Late Metastasis
0.7507218669965439,Late Metastasis
0.21754111331395531,Late Metastasis
0.21754111331395531,Late Metastasis
0.004999999999999893,Metastasis
0.008259351364145129,Late Metastasis
0.008259351364145129,Late Metastasis
0.005000926136970341,Metastasis
0.005001575307963746,Metastasis
0.011588868307257805,Late Metastasis
0.011588868307257805,Late Metastasis
0.010445651550747836,Late Metastasis
0.010445651550747836,Late Metastasis
0.00500882886199272,Late Metastasis
0.8615059223235275,Late Metastasis
0.004999999999999893,Metastasis
0.005002423484989915,Metastasis
0.005001326155051666,Metastasis
0.005001973594214171,Metastasis
0.004999999999999893,Late Metastasis
1.2408865489162564,Late Metastasis
0.8457118815323625,Late Metastasis
0.8564970934615348,Late Metastasis
0.004999999999999893,Metastasis
0.006756782948273532,Late Metastasis
0.005002851162842159,Late Metastasis
0.005001594962939171,Metastasis
0.09309021893130742,Late Metastasis
0.09309021893130742,Late Metastasis
0.005002414597474525,Metastasis
1.223578172310961,Late Metastasis
0.004999999999999893,Late Metastasis
0.010785211929172256,Late Metastasis
0.010785211929172256,Late Metastasis
0.004999999999999893,Metastasis
1.1458120614065304,Late Metastasis
1.1550288509006332,Late Metastasis
0.005004280615900303,Late Metastasis
1.1617889305419782,Late Metastasis
0.005001935417497716,Metastasis
0.00500301121327662,Metastasis
0.005006782642357432,Late Metastasis
0.01230918912581691,Late Metastasis
0.004999999999999893,Late Metastasis
1.2308882772702743,Late Metastasis
0.004999999999999893,Metastasis
0.8538354081638297,Late Metastasis
0.005008736146820292,Late Metastasis
0.014222932631444696,Late Metastasis
0.014222932631444696,Late Metastasis
0.00500737420837738,Late Metastasis
1.1567846472142036,Late Metastasis
0.0050023807084509375,Metastasis
0.005003862641253853,Metastasis
0.007302406483459034,Late Metastasis
0.007302406483459034,Late Metastasis
0.004999999999999893,Late Metastasis
1.225889106954355,Late Metastasis
0.004999999999999893,Metastasis
0.9432740183860377,Late Metastasis
0.005004363504665266,Late Metastasis
0.8488266720170099,Late Metastasis
0.8488266720170099,Late Metastasis
0.005018029256580014,Late Metastasis
1.1517772730058262,Late Metastasis
0.005005172345581066,Metastasis
0.004999999999999893,Late Metastasis
1.2208899462780336,Late Metastasis
0.685747508456104,Late Metastasis
0.685747508456104,Late Metastasis
0.004999999999999893,Metastasis
0.0050106354824857036,Late Metastasis
0.9382696548813725,Late Metastasis
1.1467592437492462,Late Metastasis
1.1467592437492462,Late Metastasis
0.0050074305471980995,Metastasis
0.004999999999999893,Late Metastasis
1.2158907940939712,Late Metastasis
0.004999999999999893,Metastasis
1.0383369163553287,Late Metastasis
1.0383369163553287,Late Metastasis
0.9332590193988868,Late Metastasis
0.9332590193988868,Late Metastasis
0.005001794088335787,Metastasis
0.004999999999999893,Late Metastasis
0.005006585110366668,Late Metastasis
0.004999999999999893,Metastasis
0.005002220395905699,Metastasis
0.005004745762535512,Late Metastasis
1.2029126549619915,Late Metastasis
0.004999999999999893,Late Metastasis
0.39158210960493034,Late Metastasis
1.2008746613174333,Late Metastasis
1.2058850593048536,Late Metastasis
0.10300985813468855,Metastasis
0.005001613601897326,Metastasis
0.6287071947758198,Late Metastasis
0.6822278196824376,Late Metastasis
0.005000781009346422,Metastasis
0.005001885591679356,Late Metastasis
1.1979079098852061,Late Metastasis
0.6243536436123005,Late Metastasis
0.004999999999999893,Late Metastasis
0.005000913769298343,Late Metastasis
0.005007372297648471,Late Metastasis
0.004999999999999893,Metastasis
0.005001875752403073,Metastasis
0.05854096289124966,Late Metastasis
0.05854096289124966,Late Metastasis
0.005000955022702147,Metastasis
0.005001705344056306,Late Metastasis
1.1929060292244145,Late Metastasis
0.5765397347253669,Late Metastasis
0.5765397347253669,Late Metastasis
0.6103830227056639,Late Metastasis
0.004999999999999893,Late Metastasis
0.027297019368791364,Late Metastasis
0.8093095043374752,Late Metastasis
0.8093030435271504,Late Metastasis
0.8093030435271504,Late Metastasis
0.005002180480248919,Metastasis
0.004999999999999893,Metastasis
0.005008234797519773,Late Metastasis
0.8357527918534862,Late Metastasis
0.005004651844057406,Metastasis
0.005001168180564397,Metastasis
0.005000810528405397,Late Metastasis
1.1879043186631564,Late Metastasis
0.5855113302088015,Late Metastasis
0.5855113302088015,Late Metastasis
1.1908952070024361,Late Metastasis
0.004999999999999893,Late Metastasis
0.7820124849686834,Late Metastasis
0.7820124849686834,Late Metastasis
0.004999999999999893,Metastasis
0.8307445570559664,Late Metastasis
0.8307445570559664,Late Metastasis
0.0050061492084436665,Metastasis
0.005002697738984319,Late Metastasis
0.9849061032743522,Late Metastasis
0.0050014353292195945,Metastasis
0.0050009907064549886,Late Metastasis
1.1829035149654767,Late Metastasis
0.004999999999999893,Late Metastasis
0.6160047479963846,Late Metastasis
0.004999999999999893,Metastasis
0.08917611838144124,Metastasis
0.005000700071691622,Metastasis
0.8306089373337171,Late Metastasis
0.005008198537619357,Late Metastasis
0.005004686207908282,Late Metastasis
0.9799034019317683,Late Metastasis
0.005001779794667316,Metastasis
0.005000616943410918,Late Metastasis
1.1779025190099695,Late Metastasis
0.004999999999999893,Late Metastasis
0.6132779227786325,Late Metastasis
0.5698914437409346,Late Metastasis
0.5698914437409346,Late Metastasis
0.005000612317431541,Metastasis
0.005001121213692894,Metastasis
0.005061312927467254,Metastasis
0.8256007387960977,Late Metastasis
0.8256007387960977,Late Metastasis
0.005011671687615404,Late Metastasis
0.97489871572386,Late Metastasis
0.005002240877340913,Metastasis
0.005000239346354407,Late Metastasis
1.1729019002744445,Late Metastasis
0.004999999999999893,Late Metastasis
0.4942056345969841,Late Metastasis
0.5676191289657897,Late Metastasis
0.5676191289657897,Late Metastasis
0.005000779456602045,Metastasis
0.005003569587040513,Metastasis
0.005025383318218113,Metastasis
0.6264713997527969,Late Metastasis
0.6264713997527969,Late Metastasis
0.9154458157297876,Late Metastasis
0.005003995300996378,Late Metastasis
0.0050010444543517885,Late Metastasis
0.8162141055946597,Late Metastasis
0.9698870440362446,Late Metastasis
0.9698870440362446,Late Metastasis
0.0050003197129493415,Late Metastasis
1.1679016678375738,Late Metastasis
0.004999999999999893,Late Metastasis
0.6081460114327848,Late Metastasis
0.005009110736086564,Late Metastasis
0.005009110736086564,Metastasis Burst
0.6816922778145069,Late Metastasis
0.00500098650178904,Metastasis
0.005000074376502184,Metastasis
0.6285107466911939,Late Metastasis
0.6285107466911939,Late Metastasis
0.005004037180610155,Metastasis
0.9104418204287916,Late Metastasis
0.005009850184617859,Late Metastasis
0.8217244002758877,Late Metastasis
0.8217244002758877,Late Metastasis
0.010511339135579778,Late Metastasis
0.010511339135579778,Late Metastasis
0.0050003545185011156,Late Metastasis
1.1629013472268022,Late Metastasis
0.6040722954976503,Late Metastasis
0.004999999999999893,Late Metastasis
0.562752751890113,Late Metastasis
0.562752751890113,Late Metastasis
0.6766831670784204,Late Metastasis
0.6766831670784204,Late Metastasis
0.005001249812498054,Metastasis
0.005013760388303812,Late Metastasis
0.06605443189304205,Late Metastasis
0.005000141632170774,Metastasis
0.005014283926527252,Metastasis
0.9054319702441738,Late Metastasis
0.9054319702441738,Late Metastasis
0.005000419631833841,Late Metastasis
1.1579009927280213,Late Metastasis
0.5618273183679487,Late Metastasis
0.5618273183679487,Late Metastasis
0.004999999999999893,Late Metastasis
1.1609005761023143,Late Metastasis
0.005001596042533807,Metastasis
0.06104067150473824,Late Metastasis
0.06104067150473824,Late Metastasis
0.004999999999999893,Metastasis
0.005010954305378457,Metastasis
0.005000141727138141,Late Metastasis
1.1529005722558454,Late Metastasis
0.004999999999999893,Late Metastasis
0.45668009310944346,Late Metastasis
0.005002071717072232,Metastasis
0.004999999999999893,Metastasis
0.005003110545865663,Metastasis
0.608776375156288,Late Metastasis
0.617228160381484,Late Metastasis
1.1267748978672119,Late Metastasis
0.0050002282634726836,Late Metastasis
0.4461421688172671,Late Metastasis
0.004999999999999893,Late Metastasis
0.005005288720050682,Late Metastasis
0.005005288720050682,Metastasis Burst
0.6992213479601803,Late Metastasis
0.004999999999999893,Metastasis
0.005005133810280116,Metastasis
0.008451785225195962,Late Metastasis
0.008451785225195962,Late Metastasis
0.021125532661494972,Late Metastasis
0.021125532661494972,Late Metastasis
0.7161968727073,Late Metastasis
0.005001040114769761,Late Metastasis
0.0050053424439842065,Late Metastasis
0.0050053424439842065,Metastasis Burst
0.022892291725085334,Late Metastasis
0.022892291725085334,Metastasis Burst
0.004999999999999893,Late Metastasis
0.005002187026028171,Late Metastasis
0.6942160592401296,Late Metastasis
0.6942160592401296,Late Metastasis
0.004999999999999893,Metastasis
0.005004636276236596,Metastasis
0.7676616167102672,Late Metastasis
0.005000859304772121,Late Metastasis
0.42670334565723644,Late Metastasis
0.005000733251436351,Late Metastasis
0.005000733251436351,Metastasis Burst
0.0050044561665101295,Late Metastasis
0.6152051855644374,Late Metastasis
0.6997547725633806,Late Metastasis
0.6997547725633806,Late Metastasis
0.6818678232822795,Late Metastasis
0.6818678232822795,Late Metastasis
0.004999999999999893,Late Metastasis
0.5919714960327742,Late Metastasis
0.5919688717386224,Late Metastasis
1.1409010415863585,Late Metastasis
0.004999999999999893,Metastasis
0.6106052467825365,Late Metastasis
0.6106052467825365,Late Metastasis
0.005002944532645159,Metastasis
0.005001863462132272,Metastasis
0.7576528516841923,Late Metastasis
0.7626607574054947,Late Metastasis
0.4217026124058001,Late Metastasis
0.4167020535348316,Late Metastasis
0.005003716387813606,Late Metastasis
0.617473541144169,Late Metastasis
0.5226940112046803,Late Metastasis
0.005009656256846018,Late Metastasis
0.005009656256846018,Metastasis Burst
0.004999999999999893,Late Metastasis
0.5892532694100738,Late Metastasis
0.5489325794008271,Late Metastasis
0.5489325794008271,Late Metastasis
0.5489321698477361,Late Metastasis
0.5489321698477361,Late Metastasis
0.1064644564237911,Late Metastasis
0.1064644564237911,Late Metastasis
0.004999999999999893,Metastasis
0.005003865518544481,Metastasis
0.005011714413615698,Late Metastasis
1.1278910198883711,Late Metastasis
0.5154211892201186,Late Metastasis
0.5154211892201186,Late Metastasis
0.5176843549478343,Late Metastasis
0.5176843549478343,Late Metastasis
0.5865873186532766,Late Metastasis
0.004999999999999893,Late Metastasis
0.5466516453367531,Late Metastasis
0.5466516453367531,Late Metastasis
0.6066315007690211,Late Metastasis
0.6066315007690211,Late Metastasis
0.005014379269773883,Metastasis
0.5823321788933646,Late Metastasis
1.122879304560891,Late Metastasis
0.5443184307445783,Late Metastasis
0.5443184307445783,Late Metastasis
0.5837684088158797,Late Metastasis
0.004999999999999893,Late Metastasis
0.010371846086422831,Late Metastasis
0.010371846086422831,Late Metastasis
0.005000907959690215,Late Metastasis
1.2402366664534403,Late Metastasis
0.00501257410551581,Metastasis
0.005004928429211519,Late Metastasis
0.005004928429211519,Metastasis Burst
0.5405471161459969,Late Metastasis
0.542138283382247,Late Metastasis
0.542138283382247,Late Metastasis
0.004999999999999893,Late Metastasis
0.3617592414330624,Late Metastasis
0.005001720124623965,Late Metastasis
1.2352357583799407,Late Metastasis
0.005011388391244598,Metastasis
0.6026574551062414,Late Metastasis
0.6026574551062414,Late Metastasis
0.005004254046344414,Late Metastasis
0.005004254046344414,Metastasis Burst
0.535542191853353,Late Metastasis
0.004999999999999893,Late Metastasis
0.5781096343676335,Late Metastasis
0.7591483956874554,Late Metastasis
0.005000373447162421,Late Metastasis
0.005001292250050637,Late Metastasis
1.2252322538849756,Late Metastasis
0.6008355060975881,Late Metastasis
0.6008355060975881,Late Metastasis
0.005012124132109497,Late Metastasis
0.005012124132109497,Metastasis Burst
0.5305379390578631,Late Metastasis
0.004999999999999893,Late Metastasis
1.1109091659951293,Late Metastasis
0.537798774414272,Late Metastasis
0.537798774414272,Late Metastasis
0.005000814171529866,Late Metastasis
0.754148022240293,Late Metastasis
0.25824829805808003,Late Metastasis
1.2252327429874064,Late Metastasis
0.005003223674492352,Late Metastasis
0.6423517124442419,Late Metastasis
0.005003465902883919,Late Metastasis
0.005003465902883919,Metastasis Burst
0.5255258149257536,Late Metastasis
0.004999999999999893,Late Metastasis
0.49642727047429713,Late Metastasis
0.7491472080687636,Late Metastasis
0.7491472080687636,Late Metastasis
0.9267856253265356,Late Metastasis
0.9619789711559368,Late Metastasis
0.6421896118831605,Late Metastasis
0.005003191523792028,Late Metastasis
0.5965302633051883,Late Metastasis
0.5965302633051883,Late Metastasis
0.5205223490228696,Late Metastasis
0.5205223490228696,Late Metastasis
0.004999999999999893,Late Metastasis
1.100910681404634,Late Metastasis
0.6094826726278115,Late Metastasis
0.6094826726278115,Late Metastasis
0.0401988196027907,Late Metastasis
0.0401988196027907,Late Metastasis
0.5916891400661819,Late Metastasis
0.5916891400661819,Late Metastasis
0.012191308226513264,Late Metastasis
0.3591834374917324,Late Metastasis
0.004999999999999893,Late Metastasis
0.5677706111658074,Late Metastasis
0.6324541743917458,Late Metastasis
0.3276128384478496,Late Metastasis
0.8696921259727337,Late Metastasis
0.8696921259727337,Late Metastasis
0.004999999999999893,Late Metastasis
1.0909122107902498,Late Metastasis
0.5281408539706725,Late Metastasis
0.5281408539706725,Late Metastasis
0.5842300725635614,Late Metastasis
0.5842300725635614,Late Metastasis
0.005012999936519158,Late Metastasis
0.8890713926481792,Late Metastasis
0.004999999999999893,Late Metastasis
1.0859129816958977,Late Metastasis
0.0050053626462491785,Late Metastasis
0.8840583926205063,Late Metastasis
0.004999999999999893,Late Metastasis
1.0809137819821262,Late Metastasis
0.005003074432295529,Late Metastasis
0.8790530299012631,Late Metastasis
0.5529588112638357,Late Metastasis
0.004999999999999893,Late Metastasis
0.005001992026258062,Late Metastasis
0.8740499554115584,Late Metastasis
0.5229557839457986,Late Metastasis
0.0050004808104162635,Late Metastasis
0.0050004808104162635,Metastasis Burst
0.004999999999999893,Late Metastasis
0.005004821474541066,Late Metastasis
0.005001365021642945,Late Metastasis
0.8690479657385655,Late Metastasis
0.5179553031353823,Late Metastasis
0.5179553031353823,Late Metastasis
0.4274025049607879,Late Metastasis
0.004999999999999893,Late Metastasis
1.0659106896541553,Late Metastasis
1.0659106896541553,Late Metastasis
0.005000956996462413,Late Metastasis
0.8640466007169225,Late Metastasis
0.6385138501822971,Late Metastasis
0.6385138501822971,Late Metastasis
0.5411176007150953,Late Metastasis
0.004999999999999893,Late Metastasis
0.8590456437204601,Late Metastasis
0.0050006706236132015,Late Metastasis
0.5197996975360615,Late Metastasis
0.5197996975360615,Late Metastasis
0.2346134887193534,Late Metastasis
0.004999999999999893,Late Metastasis
0.0050004591508139296,Late Metastasis
0.854044975177328,Late Metastasis
0.005000974503227562,Late Metastasis
0.005000974503227562,Late Metastasis
0.004999999999999893,Late Metastasis
0.00500139219685658,Late Metastasis
0.005000296471239674,Late Metastasis
0.8490445158762943,Late Metastasis
0.8163037696728446,Late Metastasis
0.8163037696728446,Late Metastasis
0.8163037696728446,Late Metastasis
0.8163037696728446,Late Metastasis
0.4929673215280441,Late Metastasis
0.004999999999999893,Late Metastasis
1.0459176317024825,Late Metastasis
0.4663115173266752,Late Metastasis
0.0050001675342727925,Late Metastasis
0.8440442193086761,Late Metastasis
0.5529523580013507,Late Metastasis
0.5529523580013507,Late Metastasis
0.004999999999999893,Late Metastasis
1.0409204915034669,Late Metastasis
0.5796061143758073,Late Metastasis
0.5796061143758073,Late Metastasis
0.005000062900107682,Late Metastasis
0.8390440517206494,Late Metastasis
1.0359212422837631,Late Metastasis
0.004999999999999893,Late Metastasis
0.004999999999999893,Late Metastasis
0.8340439887982725,Late Metastasis
0.004999999999999893,Late Metastasis
1.0309220998527648,Late Metastasis
0.004999999999999893,Late Metastasis
0.8290440124475515,Late Metastasis
0.004999999999999893,Late Metastasis
1.0259228831372174,Late Metastasis
0.004999999999999893,Late Metastasis
0.8240441088386707,Late Metastasis
0.004999999999999893,Late Metastasis
1.0209236784309794,Late Metastasis
0.004999999999999893,Late Metastasis
0.8190442671623415,Late Metastasis
0.004999999999999893,Late Metastasis
1.0159244839904844,Late Metastasis
0.004999999999999893,Late Metastasis
0.8140444788084111,Late Metastasis
0.004999999999999893,Late Metastasis
1.010925301559208,Late Metastasis
0.004999999999999893,Late Metastasis
0.8090447368057929,Late Metastasis
0.004999999999999893,Late Metastasis
1.0059261241100483,Late Metastasis
0.004999999999999893,Late Metastasis
0.8040450354301876,Late Metastasis
1.000926953841698,Late Metastasis
0.004999999999999893,Late Metastasis
0.004999999999999893,Late Metastasis
0.7990453699232112,Late Metastasis
0.9959277901325019,Late Metastasis
0.004999999999999893,Late Metastasis
0.004999999999999893,Late Metastasis
0.7940457380035828,Late Metastasis
0.004999999999999893,Late Metastasis
0.9909287460866667,Late Metastasis
0.004999999999999893,Late Metastasis
0.7890461328317677,Late Metastasis
0.004999999999999893,Late Metastasis
0.9859295936825097,Late Metastasis
0.7840465532742882,Late Metastasis
0.004999999999999893,Late Metastasis
0.004999999999999893,Late Metastasis
0.9809304463898905,Late Metastasis
0.004999999999999893,Late Metastasis
0.7790470283864916,Late Metastasis
0.004999999999999893,Late Metastasis
0.9759313038652697,Late Metastasis
0.004999999999999893,Late Metastasis
0.774047492551956,Late Metastasis
0.004999999999999893,Late Metastasis
0.9709321657998624,Late Metastasis
0.004999999999999893,Late Metastasis
0.7690479756356061,Late Metastasis
0.004999999999999893,Late Metastasis
0.9659330347132682,Late Metastasis
0.004999999999999893,Late Metastasis
0.7640484773087248,Late Metastasis
0.004999999999999893,Late Metastasis
0.9609339048173384,Late Metastasis
0.004999999999999893,Late Metastasis
0.7590489934686833,Late Metastasis
0.9559347786671608,Late Metastasis
0.004999999999999893,Late Metastasis
0.754049524063428,Late Metastasis
0.004999999999999893,Late Metastasis
0.004999999999999893,Late Metastasis
0.950935792735508,Late Metastasis
0.004999999999999893,Late Metastasis
0.7490501093899145,Late Metastasis
0.004999999999999893,Late Metastasis
0.945936673216403,Late Metastasis
0.004999999999999893,Late Metastasis
0.7440506652882113,Late Metastasis
0.004999999999999893,Late Metastasis
0.9409375593845029,Late Metastasis
0.7390512322744835,Late Metastasis
0.004999999999999893,Late Metastasis
0.004999999999999893,Late Metastasis
0.9359384461769478,Late Metastasis
0.004999999999999893,Late Metastasis
0.7340518537240346,Late Metastasis
0.9309393358333045,Late Metastasis
0.004999999999999893,Late Metastasis
0.004999999999999893,Late Metastasis
0.005001881033404043,Late Metastasis
0.9259402282534215,Late Metastasis
0.004999999999999893,Late Metastasis
0.004999999999999893,Late Metastasis
0.004999999999999893,Metastasis Burst
0.7240530424589875,Late Metastasis
0.7240505573401443,Late Metastasis
0.7240505573401443,Late Metastasis
0.004999999999999893,Late Metastasis
0.9209412782895525,Late Metastasis
0.004999999999999893,Late Metastasis
0.004999999999999893,Metastasis Burst
0.7190536524813251,Late Metastasis
0.004999999999999893,Late Metastasis
0.9159421758212696,Late Metastasis
0.004999999999999893,Late Metastasis
0.004999999999999893,Metastasis Burst
0.0050017857362960605,Late Metastasis
0.0050017857362960605,Metastasis Burst
0.9109430757182302,Late Metastasis
0.004999999999999893,Late Metastasis
0.004999999999999893,Late Metastasis
0.004999999999999893,Metastasis Burst
0.7090548984787688,Late Metastasis
0.7090524822792768,Late Metastasis
0.7090524822792768,Late Metastasis
0.004999999999999893,Late Metastasis
0.9059439779194209,Late Metastasis
0.004999999999999893,Late Metastasis
0.004999999999999893,Metastasis Burst
0.70405553322056,Late Metastasis
0.9009448823712087,Late Metastasis
0.004999999999999893,Late Metastasis
0.004999999999999893,Late Metastasis
0.004999999999999893,Metastasis Burst
0.6990561739046814,Late Metastasis
0.004999999999999893,Late Metastasis
0.895945954170194,Late Metastasis
0.005001662578020705,Late Metastasis
0.005001662578020705,Metastasis Burst
0.004999999999999893,Late Metastasis
0.004999999999999893,Metastasis Burst
0.004999999999999893,Late Metastasis
0.8909468647766732,Late Metastasis
0.6890551559963904,Late Metastasis
0.6890551559963904,Late Metastasis
0.004999999999999893,Late Metastasis
0.004999999999999893,Metastasis Burst
0.6890575268160282,Late Metastasis
0.004999999999999893,Late Metastasis
0.8859477754125018,Late Metastasis
0.004999999999999893,Late Metastasis
0.004999999999999893,Metastasis Burst
0.6840581833059622,Late Metastasis
0.8809486879732271,Late Metastasis
0.004999999999999893,Late Metastasis
0.004999999999999893,Late Metastasis
0.004999999999999893,Metastasis Burst
0.6790588432947282,Late Metastasis
0.004999999999999893,Late Metastasis
0.8759496024283451,Late Metastasis
0.004999999999999893,Late Metastasis
0.004999999999999893,Metastasis Burst
0.6740595064324668,Late Metastasis
0.870950518757472,Late Metastasis
0.004999999999999893,Late Metastasis
0.004999999999999893,Late Metastasis
0.004999999999999893,Metastasis Burst
0.6690601723570491,Late Metastasis
0.004999999999999893,Late Metastasis
0.8659516161274248,Late Metastasis
0.004999999999999893,Late Metastasis
0.004999999999999893,Metastasis Burst
0.6640608407076924,Late Metastasis
0.004999999999999893,Late Metastasis
0.8609525358261598,Late Metastasis
0.004999999999999893,Late Metastasis
0.004999999999999893,Metastasis Burst
0.659061511129376,Late Metastasis
0.004999999999999893,Late Metastasis
0.8559534593250879,Late Metastasis
0.004999999999999893,Late Metastasis
0.004999999999999893,Metastasis Burst
0.6540621832733229,Late Metastasis
0.004999999999999893,Late Metastasis
0.8509543826730497,Late Metastasis
0.004999999999999893,Late Metastasis
0.004999999999999893,Metastasis Burst
0.649062856795593,Late Metastasis
0.8459553077503938,Late Metastasis
0.004999999999999893,Late Metastasis
0.004999999999999893,Late Metastasis
0.004999999999999893,Metastasis Burst
0.6440635313538876,Late Metastasis
0.004999999999999893,Late Metastasis
0.8409564365163196,Late Metastasis
0.004999999999999893,Late Metastasis
0.004999999999999893,Metastasis Burst
0.6390642066003083,Late Metastasis
0.004999999999999893,Late Metastasis
0.8359573368746596,Late Metastasis
0.004999999999999893,Late Metastasis
0.004999999999999893,Metastasis Burst
0.6340648821830106,Late Metastasis
0.004999999999999893,Late Metastasis
0.830958251258908,Late Metastasis
0.6240638166699011,Late Metastasis
0.004999999999999893,Late Metastasis
0.004999999999999893,Metastasis Burst
0.004999999999999893,Late Metastasis
0.8259591675752438,Late Metastasis
0.004999999999999893,Late Metastasis
0.004999999999999893,Metastasis Burst
0.6240662908033054,Late Metastasis
0.004999999999999893,Late Metastasis
0.8209600856566734,Late Metastasis
0.6190669639979762,Late Metastasis
0.004999999999999893,Late Metastasis
0.004999999999999893,Metastasis Burst
0.004999999999999893,Late Metastasis
0.8159610053627111,Late Metastasis
0.004999999999999893,Late Metastasis
0.004999999999999893,Metastasis Burst
0.6140676953999891,Late Metastasis
0.004999999999999893,Late Metastasis
0.8109619283775291,Late Metastasis
0.004999999999999893,Late Metastasis
0.004999999999999893,Metastasis Burst
0.6090683657813014,Late Metastasis
0.004999999999999893,Late Metastasis
0.8059628510155961,Late Metastasis
0.004999999999999893,Late Metastasis
0.004999999999999893,Metastasis Burst
0.6040690336980794,Late Metastasis
0.8009637750047405,Late Metastasis
0.004999999999999893,Late Metastasis
0.004999999999999893,Late Metastasis
0.004999999999999893,Metastasis Burst
0.5990696999553582,Late Metastasis
0.004999999999999893,Late Metastasis
0.7959648960404755,Late Metastasis
0.594070363374517,Late Metastasis
0.004999999999999893,Late Metastasis
0.004999999999999893,Metastasis Burst
0.004999999999999893,Late Metastasis
0.7909658236924664,Late Metastasis
0.004999999999999893,Late Metastasis
0.004999999999999893,Metastasis Burst
0.005001073698293279,Late Metastasis
0.005001073698293279,Metastasis Burst
0.004999999999999893,Late Metastasis
0.7859667511769699,Late Metastasis
0.584071675175144,Late Metastasis
0.004999999999999893,Late Metastasis
0.004999999999999893,Metastasis Burst
0.5840699497049582,Late Metastasis
0.5840699497049582,Late Metastasis
0.7809676797188374,Late Metastasis
0.004999999999999893,Late Metastasis
0.004999999999999893,Late Metastasis
0.004999999999999893,Metastasis Burst
0.5790723779314475,Late Metastasis
0.004999999999999893,Late Metastasis
0.775968812938564,Late Metastasis
0.004999999999999893,Late Metastasis
0.004999999999999893,Metastasis Burst
0.574073019994358,Late Metastasis
0.004999999999999893,Late Metastasis
0.7709697434149245,Late Metastasis
0.004999999999999893,Late Metastasis
0.004999999999999893,Metastasis Burst
0.5690736564344685,Late Metastasis
0.7659706747803547,Late Metastasis
0.004999999999999893,Late Metastasis
0.004999999999999893,Late Metastasis
0.004999999999999893,Metastasis Burst
0.5640742865625539,Late Metastasis
0.004999999999999893,Late Metastasis
0.7609718138844601,Late Metastasis
0.004999999999999893,Late Metastasis
0.004999999999999893,Metastasis Burst
0.5590749096081198,Late Metastasis
0.004999999999999893,Late Metastasis
0.755972746735398,Late Metastasis
0.004999999999999893,Late Metastasis
0.004999999999999893,Metastasis Burst
0.5540755247166236,Late Metastasis
0.004999999999999893,Late Metastasis
0.7509736803794846,Late Metastasis
0.004999999999999893,Late Metastasis
0.004999999999999893,Metastasis Burst
0.5490761309390204,Late Metastasis
0.004999999999999893,Late Metastasis
0.745974614781632,Late Metastasis
0.004999999999999893,Late Metastasis
0.004999999999999893,Metastasis Burst
0.5440767272162144,Late Metastasis
0.004999999999999893,Late Metastasis
0.7409755499025217,Late Metastasis
0.004999999999999893,Late Metastasis
0.004999999999999893,Metastasis Burst
0.5390773123591908,Late Metastasis
0.004999999999999893,Late Metastasis
0.7359764857028563,Late Metastasis
0.004999999999999893,Late Metastasis
0.004999999999999893,Metastasis Burst
0.5340778834789632,Late Metastasis
0.004999999999999893,Late Metastasis
0.7309774221449692,Late Metastasis
0.004999999999999893,Late Metastasis
0.004999999999999893,Metastasis Burst
0.529078442076119,Late Metastasis
0.004999999999999893,Late Metastasis
0.004999999999999893,Metastasis Burst
0.7259783591932794,Late Metastasis
0.5240789849377916,Late Metastasis
0.004999999999999893,Late Metastasis
0.004999999999999893,Metastasis Burst
0.004999999999999893,Late Metastasis
0.004999999999999893,Metastasis Burst
0.7209792968143256,Late Metastasis
0.004999999999999893,Late Metastasis
0.004999999999999893,Metastasis Burst
0.5190795512627164,Late Metastasis
0.004999999999999893,Late Metastasis
0.004999999999999893,Metastasis Burst
0.7159802359063765,Late Metastasis
0.004999999999999893,Late Metastasis
0.004999999999999893,Metastasis Burst
0.5140800559299334,Late Metastasis
0.004999999999999893,Late Metastasis
0.004999999999999893,Metastasis Burst
0.7109811745448666,Late Metastasis
0.004999999999999893,Late Metastasis
0.004999999999999893,Metastasis Burst
0.5090805374835692,Late Metastasis
0.7059821136740381,Late Metastasis
0.004999999999999893,Late Metastasis
0.004999999999999893,Metastasis Burst
0.004999999999999893,Late Metastasis
0.004999999999999893,Metastasis Burst
0.5040809924961978,Late Metastasis
0.004999999999999893,Late Metastasis
0.004999999999999893,Metastasis Burst
0.7009830532788801,Late Metastasis
0.004999999999999893,Late Metastasis
0.004999999999999893,Metastasis Burst
0.49908141444630827,Late Metastasis
0.6959839933544225,Late Metastasis
0.004999999999999893,Late Metastasis
0.004999999999999893,Metastasis Burst
0.48907941943853617,Late Metastasis
0.004999999999999893,Late Metastasis
0.004999999999999893,Metastasis Burst
0.004999999999999893,Late Metastasis
0.004999999999999893,Metastasis Burst
0.6909851560541751,Late Metastasis
0.004999999999999893,Late Metastasis
0.004999999999999893,Metastasis Burst
0.4890821719820515,Late Metastasis
0.004999999999999893,Late Metastasis
0.004999999999999893,Metastasis Burst
0.6859860971665979,Late Metastasis
0.004999999999999893,Late Metastasis
0.004999999999999893,Metastasis Burst
0.4840824640509451,Late Metastasis
0.004999999999999893,Late Metastasis
0.004999999999999893,Metastasis Burst
0.6809870383783354,Late Metastasis
0.47908269454844543,Late Metastasis
0.004999999999999893,Late Metastasis
0.004999999999999893,Metastasis Burst
0.6759879799154389,Late Metastasis
0.004999999999999893,Late Metastasis
0.004999999999999893,Metastasis Burst
0.004999999999999893,Late Metastasis
0.004999999999999893,Metastasis Burst
0.47408287053918174,Late Metastasis
0.004999999999999893,Late Metastasis
0.004999999999999893,Metastasis Burst
0.6709889217805476,Late Metastasis
0.005000066192618391,Late Metastasis
0.005000066192618391,Metastasis Burst
0.46908292910964544,Late Metastasis
0.6659898639817758,Late Metastasis
0.004999999999999893,Late Metastasis
0.004999999999999893,Metastasis Burst
0.005000234850081053,Late Metastasis
0.005000234850081053,Metastasis Burst
0.46408286294089196,Late Metastasis
0.004999999999999893,Late Metastasis
0.004999999999999893,Metastasis Burst
0.660991032259872,Late Metastasis
0.00500047506918655,Late Metastasis
0.00500047506918655,Metastasis Burst
0.4590826281955591,Late Metastasis
0.004999999999999893,Late Metastasis
0.004999999999999893,Metastasis Burst
0.6559919748518073,Late Metastasis
0.0050079546830170685,Late Metastasis
0.0050079546830170685,Metastasis Burst
0.004999999999999893,Late Metastasis
0.004999999999999893,Metastasis Burst
0.004999999999999893,Late Metastasis
0.004999999999999893,Metastasis Burst
0.6509929178400882,Late Metastasis
0.035470137760329035,Late Metastasis
0.035470137760329035,Metastasis Burst
0.4490741947727166,Late Metastasis
0.005000140290036814,Late Metastasis
0.005000140290036814,Metastasis Burst
0.4490821881354292,Late Metastasis
0.004999999999999893,Late Metastasis
0.004999999999999893,Metastasis Burst
0.6459938610886946,Late Metastasis
0.4036003975908593,Late Metastasis
0.005001378612666585,Late Metastasis
0.005001378612666585,Metastasis Burst
0.005000375404064172,Late Metastasis
0.005000375404064172,Metastasis Burst
0.4440820478453924,Late Metastasis
0.6409948045919209,Late Metastasis
0.004999999999999893,Late Metastasis
0.004999999999999893,Metastasis Burst
0.010003659421528699,Late Metastasis
0.005003064432465454,Late Metastasis
0.005000638919809841,Late Metastasis
0.005000638919809841,Metastasis Burst
0.408602677083326,Late Metastasis
0.43908167244132823,Late Metastasis
0.43908167244132823,Late Metastasis
0.004999999999999893,Late Metastasis
0.004999999999999893,Metastasis Burst
0.6359959755719669,Late Metastasis
0.39860023742387707,Late Metastasis
0.005000307385758518,Late Metastasis
0.005000307385758518,Metastasis Burst
0.004999999999999893,Late Metastasis
0.004999999999999893,Metastasis Burst
0.6309969193684093,Late Metastasis
0.3986017307777576,Late Metastasis
0.00500014253665082,Late Metastasis
0.00500014253665082,Metastasis Burst
0.004999999999999893,Late Metastasis
0.004999999999999893,Metastasis Burst
0.6259978634004211,Late Metastasis
0.0050001188384776185,Late Metastasis
0.0050001188384776185,Metastasis Burst
0.3936015981842944,Late Metastasis
0.004999999999999893,Late Metastasis
0.004999999999999893,Metastasis Burst
0.6209988076638917,Late Metastasis
0.005000071269599449,Late Metastasis
0.005000071269599449,Metastasis Burst
0.38860147788390753,Late Metastasis
0.004999999999999893,Late Metastasis
0.004999999999999893,Metastasis Burst
0.6159997519300842,Late Metastasis
0.3736025563596228,Late Metastasis
0.18938846080907634,Late Metastasis
0.004999999999999893,Late Metastasis
0.004999999999999893,Metastasis Burst
0.6110006966840296,Late Metastasis
0.004999999999999893,Late Metastasis
0.009998852280495907,Late Metastasis
0.18920867807907804,Late Metastasis
0.1583807423509107,Late Metastasis
0.6060016416668572,Late Metastasis
0.004999999999999893,Late Metastasis
0.004999999999999893,Metastasis Burst
0.03583219307302876,Late Metastasis
0.03583219307302876,Late Metastasis
0.601002586847786,Late Metastasis
0.004999999999999893,Late Metastasis
0.004999999999999893,Metastasis Burst
0.004999999999999893,Late Metastasis
0.004999999999999893,Metastasis Burst
0.5960037290577234,Late Metastasis
0.004999999999999893,Late Metastasis
0.004999999999999893,Metastasis Burst
0.5910046585313025,Late Metastasis
0.005001068084814264,Late Metastasis
0.005001068084814264,Metastasis Burst
0.004999999999999893,Late Metastasis
0.004999999999999893,Metastasis Burst
0.5810045209693337,Late Metastasis
0.5810045209693337,Late Metastasis
0.5810065196548508,Late Metastasis
0.004999999999999893,Late Metastasis
0.004999999999999893,Metastasis Burst
0.004999999999999893,Late Metastasis
0.004999999999999893,Metastasis Burst
0.5760076599532911,Late Metastasis
0.004999999999999893,Late Metastasis
0.004999999999999893,Metastasis Burst
0.5710085901732926,Late Metastasis
0.004999999999999893,Late Metastasis
0.004999999999999893,Metastasis Burst
0.5660095191866337,Late Metastasis
0.004999999999999893,Late Metastasis
0.004999999999999893,Metastasis Burst
0.5610104491121455,Late Metastasis
0.5560113787270036,Late Metastasis
0.004999999999999893,Late Metastasis
0.004999999999999893,Metastasis Burst
0.004999999999999893,Late Metastasis
0.004999999999999893,Metastasis Burst
0.551012513337817,Late Metastasis
0.004999999999999893,Late Metastasis
0.004999999999999893,Metastasis Burst
0.5460134404192181,Late Metastasis
0.004999999999999893,Late Metastasis
0.004999999999999893,Metastasis Burst
0.5410143685336763,Late Metastasis
0.5360152959899664,Late Metastasis
0.004999999999999893,Late Metastasis
0.004999999999999893,Metastasis Burst
0.004999999999999893,Late Metastasis
0.004999999999999893,Metastasis Burst
0.5310162227334392,Late Metastasis
0.526017148706502,Late Metastasis
0.004999999999999893,Late Metastasis
0.004999999999999893,Metastasis Burst
0.52101807384733,Late Metastasis
0.004999999999999893,Late Metastasis
0.004999999999999893,Metastasis Burst
0.004999999999999893,Late Metastasis
0.004999999999999893,Metastasis Burst
0.5160191918059629,Late Metastasis
0.004999999999999893,Late Metastasis
0.004999999999999893,Metastasis Burst
0.0050007045315016985,Late Metastasis
0.0050007045315016985,Metastasis Burst
0.5060210355671149,Late Metastasis
0.004999999999999893,Late Metastasis
0.004999999999999893,Metastasis Burst
0.5060194103020765,Late Metastasis
0.5060194103020765,Late Metastasis
0.004999999999999893,Late Metastasis
0.004999999999999893,Metastasis Burst
0.5010221434257189,Late Metastasis
0.004999999999999893,Late Metastasis
0.004999999999999893,Metastasis Burst
0.49602306131875396,Late Metastasis
0.004999999999999893,Late Metastasis
0.004999999999999893,Metastasis Burst
0.4910239778216894,Late Metastasis
0.004999999999999893,Late Metastasis
0.004999999999999893,Metastasis Burst
0.48602489038501306,Late Metastasis
0.0050000000000001155,Late Metastasis
0.0050000000000001155,Metastasis Burst
0.4810258038515951,Late Metastasis
0.47602671562195376,Late Metastasis
0.004999999999999893,Late Metastasis
0.004999999999999893,Metastasis Burst
0.004999999999999893,Late Metastasis
0.004999999999999893,Metastasis Burst
0.4710278004263939,Late Metastasis
0.004999999999999893,Late Metastasis
0.004999999999999893,Metastasis Burst
0.4660287052373566,Late Metastasis
0.004999999999999893,Late Metastasis
0.004999999999999893,Metastasis Burst
0.46102961102680684,Late Metastasis
0.45603051453848087,Late Metastasis
0.004999999999999893,Late Metastasis
0.004999999999999893,Metastasis Burst
0.004999999999999893,Late Metastasis
0.004999999999999893,Metastasis Burst
0.45103157942376937,Late Metastasis
0.004999999999999893,Late Metastasis
0.004999999999999893,Metastasis Burst
0.44603247421854775,Late Metastasis
0.004999999999999893,Late Metastasis
0.004999999999999893,Metastasis Burst
0.4410333697344191,Late Metastasis
0.43603426216857866,Late Metastasis
0.004999999999999893,Late Metastasis
0.004999999999999893,Metastasis Burst
0.4310351513097386,Late Metastasis
0.004999999999999893,Late Metastasis
0.004999999999999893,Metastasis Burst
0.004999999999999893,Late Metastasis
0.004999999999999893,Metastasis Burst
0.4260361843084026,Late Metastasis
0.004999999999999893,Late Metastasis
0.004999999999999893,Metastasis Burst
0.42103706586653633,Late Metastasis
0.004999999999999893,Late Metastasis
0.004999999999999893,Metastasis Burst
0.4160379609548954,Late Metastasis
0.004999999999999893,Late Metastasis
0.004999999999999893,Metastasis Burst
0.4110387814685805,Late Metastasis
0.004999999999999893,Late Metastasis
0.004999999999999893,Metastasis Burst
0.40603961335777816,Late Metastasis
0.004999999999999893,Late Metastasis
0.004999999999999893,Metastasis Burst
0.40104043783854415,Late Metastasis
0.004999999999999893,Late Metastasis
0.004999999999999893,Metastasis Burst
0.39604125383359046,Late Metastasis
0.004999999999999893,Late Metastasis
0.004999999999999893,Metastasis Burst
0.39104206012409826,Late Metastasis
0.004999999999999893,Late Metastasis
0.004999999999999893,Metastasis Burst
0.38604285530137217,Late Metastasis
0.004999999999999893,Late Metastasis
0.004999999999999893,Metastasis Burst
0.38104363770647964,Late Metastasis
0.004999999999999893,Late Metastasis
0.004999999999999893,Metastasis Burst
0.37604440002068706,Late Metastasis
0.004999999999999893,Late Metastasis
0.004999999999999893,Metastasis Burst
0.3710451503222876,Late Metastasis
0.3660458804416584,Late Metastasis
0.004999999999999893,Late Metastasis
0.004999999999999893,Metastasis Burst
0.004999999999999893,Late Metastasis
0.004999999999999893,Metastasis Burst
0.3610466575423379,Late Metastasis
0.004999999999999893,Late Metastasis
0.004999999999999893,Metastasis Burst
0.35604733447870496,Late Metastasis
0.004999999999999893,Late Metastasis
0.004999999999999893,Metastasis Burst
0.3510479756098839,Late Metastasis
0.004999999999999893,Late Metastasis
0.004999999999999893,Metastasis Burst
0.34604857169524816,Late Metastasis
0.004999999999999893,Late Metastasis
0.004999999999999893,Metastasis Burst
0.34104910944970657,Late Metastasis
0.004999999999999893,Late Metastasis
0.004999999999999893,Metastasis Burst
0.3360495687823444,Late Metastasis
0.004999999999999893,Late Metastasis
0.004999999999999893,Metastasis Burst
0.33104991718430865,Late Metastasis
0.0050001079056856135,Late Metastasis
0.0050001079056856135,Metastasis Burst
0.3260500891175653,Late Metastasis
0.004999999999999893,Late Metastasis
0.004999999999999893,Metastasis Burst
0.005002667558741347,Late Metastasis
0.005002667558741347,Metastasis Burst
0.3160500627018643,Late Metastasis
0.3160500627018643,Late Metastasis
0.3160473136531379,Late Metastasis
0.296045256980205,Late Metastasis
0.005001547201018308,Late Metastasis
0.020002030573412544,Late Metastasis
0.0050003855246019135,Late Metastasis
0.01500049500076539,Late Metastasis
0.005000193552283871,Late Metastasis
0.010000109476163477,Late Metastasis
