<?xml version="1.0" encoding="UTF-8" standalone="no"?>
<beast beautitemplate='MultiTypeBirthDeath' beautistatus=''
       namespace="beast.pkgmgmt
       :beast.base.core
       :beast.base.inference
       :beast.base.evolution.alignment
       :beast.base.evolution.tree.coalescent
       :beast.base.core
       :beast.base.inference.util
       :beast.evolution.nuc
       :beast.base.evolution.operator
       :beast.base.inference.operator
       :beast.base.evolution.sitemodel
       :beast.base.evolution.substitutionmodel
       :tidetree
       :beast.base.evolution.likelihood" required="" version="2.7">

<!--
This is an example xml that can be adapted to use TiDeTree on your data.
In this example, a population of cells was grown for 54h. Editing was induced from
time point 0 for 36h and 10 cells were sampled.

Running the analysis infers the tree linking the 10 cells and the cells' division and death rate.

Note that some words in this xml refer to time flowing either forward or backward.
Forward time is used to count the hours from the start of the experiment (so some time in the past)
toward the time when the cells were sampled. (e.g. in dateTrait, date-forward).
Backward time or height counts the hours the other way around, i.e. the duration between when the cells where sampled
and some time in the past. (e.g. the scarring height is the duration between sampling the cells and the time when
scarring started.
-->

<!-- syntactic sugar -->
<map name="Uniform" >beast.base.inference.distribution.Uniform</map>
<map name="Exponential" >beast.base.inference.distribution.Exponential</map>
<map name="LogNormal" >beast.base.inference.distribution.LogNormalDistributionModel</map>
<map name="Normal" >beast.base.inference.distribution.Normal</map>
<map name="Beta" >beast.base.inference.distribution.Beta</map>
<map name="Gamma" >beast.base.inference.distribution.Gamma</map>
<map name="LaplaceDistribution" >beast.base.inference.distribution.LaplaceDistribution</map>
<map name="prior" >beast.base.inference.distribution.Prior</map>
<map name="InverseGamma" >beast.base.inference.distribution.InverseGamma</map>
<map name="OneOnX" >beast.base.inference.distribution.OneOnX</map>

<data  id="s1_c1_data.txt" spec="Alignment" name="alignment">
    <userDataType spec="tidetree.evolution.datatype.EditData"
                     nrOfStates="113" />
<sequence id="cell_1504" spec="Sequence" taxon="0" value="2,1,3,1,4,5,6,7,8,9,0,10,11,0,12,0,13,1,1,14,15,1,1,1,1,0,16,1,17,0"/>
<sequence id="cell_1160" spec="Sequence" taxon="1" value="18,1,1,1,4,5,6,1,8,0,19,10,11,0,0,20,0,21,1,1,0,1,1,1,22,0,0,0,17,0"/>
<sequence id="cell_1483" spec="Sequence" taxon="2" value="0,0,23,1,1,5,6,24,8,1,19,10,11,0,0,20,0,0,25,1,0,1,1,1,1,1,1,0,17,0"/>
<sequence id="cell_1253" spec="Sequence" taxon="3" value="26,27,0,28,4,5,6,7,1,29,0,10,30,0,0,1,0,1,25,14,0,1,0,0,22,0,0,0,17,0"/>
<sequence id="cell_1251" spec="Sequence" taxon="4" value="26,1,0,28,4,0,6,0,8,29,0,10,30,0,0,1,0,1,25,14,31,1,1,32,1,0,0,33,17,0"/>
<sequence id="cell_1867" spec="Sequence" taxon="5" value="34,0,1,28,4,0,6,35,8,0,0,10,30,0,0,1,0,21,25,1,36,1,0,37,22,38,0,1,17,39"/>
<sequence id="cell_1081" spec="Sequence" taxon="6" value="1,0,1,28,1,1,6,35,8,0,0,10,30,1,12,1,40,21,25,14,41,1,0,1,22,0,0,0,17,1"/>
<sequence id="cell_1950" spec="Sequence" taxon="7" value="26,1,0,28,42,1,6,0,8,29,43,44,45,1,1,1,40,1,25,14,46,1,1,32,0,0,1,33,17,39"/>
<sequence id="cell_2021" spec="Sequence" taxon="8" value="0,1,0,28,0,0,1,0,8,0,43,44,45,0,1,0,1,1,25,14,46,1,0,0,1,0,47,33,17,39"/>
<sequence id="cell_1004" spec="Sequence" taxon="9" value="48,0,23,0,1,0,6,1,8,1,0,1,49,1,12,0,50,51,25,14,0,1,0,0,52,38,1,0,53,0"/>
<sequence id="cell_1908" spec="Sequence" taxon="10" value="48,0,23,0,1,0,6,1,8,29,0,0,0,1,1,0,50,1,25,14,0,1,0,0,0,38,1,0,53,1"/>
<sequence id="cell_1772" spec="Sequence" taxon="11" value="48,0,1,54,1,0,6,1,8,29,19,1,1,1,12,0,1,51,25,14,36,1,0,0,1,1,55,0,53,39"/>
<sequence id="cell_1712" spec="Sequence" taxon="12" value="48,56,23,0,0,0,1,0,8,0,57,0,45,58,12,0,1,1,25,14,59,1,0,37,60,38,0,1,61,0"/>
<sequence id="cell_1593" spec="Sequence" taxon="13" value="48,1,23,62,1,5,6,0,1,9,57,0,63,1,12,0,50,1,25,14,64,1,1,0,65,0,1,0,1,1"/>
<sequence id="cell_1663" spec="Sequence" taxon="14" value="1,0,23,1,1,1,1,1,8,29,1,1,0,0,0,0,0,0,25,14,66,1,1,1,0,38,0,1,1,67"/>
<sequence id="cell_1809" spec="Sequence" taxon="15" value="48,68,1,1,0,0,6,0,8,1,69,44,70,58,1,0,1,71,25,1,0,1,0,0,0,1,0,0,1,0"/>
<sequence id="cell_1393" spec="Sequence" taxon="16" value="72,73,3,74,0,75,6,1,8,0,76,0,30,1,0,0,40,1,25,14,31,1,0,0,0,38,47,0,0,77"/>
<sequence id="cell_1155" spec="Sequence" taxon="17" value="78,1,3,1,1,1,1,79,8,29,76,0,0,1,0,80,40,0,25,1,31,1,0,0,1,1,47,33,0,77"/>
<sequence id="cell_1082" spec="Sequence" taxon="18" value="1,0,0,74,0,1,6,79,8,9,76,1,0,58,0,0,40,81,25,14,1,1,1,0,0,0,47,0,1,77"/>
<sequence id="cell_1126" spec="Sequence" taxon="19" value="1,82,0,74,0,75,6,79,8,0,76,1,0,58,0,0,1,81,25,14,0,1,83,0,65,0,1,33,0,77"/>
</data>

<!-- define set of taxa based on alignment - cells in this context -->
<taxa id="TaxonSet" spec="TaxonSet">
    <alignment idref="s1_c1_data.txt"/>
</taxa>

<!-- specify tip dates, here 54h after the start of the experiment -->
<traitSet id="dateTrait" spec="beast.base.evolution.tree.TraitSet" taxa="@TaxonSet" traitname="date-forward"
	  value="1=54,2=54,3=54,4=54,5=54,6=54,7=54,8=54,9=54"/>


  <substModel id="substModel"
               spec="tidetree.substitutionmodel.EditAndSilencingModel"
               editRates="@editRate" silencingRate="@silencingRate"
               editHeight="54" editDuration="36">
    <frequencies spec="beast.base.evolution.substitutionmodel.Frequencies" frequencies="1 0 0 0" estimate="false"/>
  </substModel>

  <siteModel spec="SiteModel" id="siteModel" mutationRate="@mutationRate" proportionInvariant="@proportionInvariant"
              gammaCategoryCount="0" substModel="@substModel">
  </siteModel>


<run id="mcmc" spec="MCMC" chainLength="1000000000">

    <!-- here the parameter of the model are defined that will be operated on (i.e. estimated) during the MCMC -->
    <state id="state" spec="State" storeEvery="5000">
            <stateNode id="tree" spec="tidetree.tree.StartingTree" rootHeight="54"
                       taxa="@s1_c1_data.txt" editHeight="54"
                       editDuration="36" sequencesAreClustered="false">
                <trait idref="dateTrait"/>
                <taxonset idref="TaxonSet"/>
            </stateNode>

        <!-- find the definition of the scarring, loss rate and clock rate in the TiDeTree manuscript -->
           <parameter id="editRate" spec="parameter.RealParameter"
            dimension="1" lower="0.0" name="stateNode"
            upper="1000"> 0.009009009009009009 0.009009009009009009 0.009009009009009009 0.009009009009009009 0.009009009009009009 0.009009009009009009 0.009009009009009009 0.009009009009009009 0.009009009009009009 0.009009009009009009 0.009009009009009009 0.009009009009009009 0.009009009009009009 0.009009009009009009 0.009009009009009009 0.009009009009009009 0.009009009009009009 0.009009009009009009 0.009009009009009009 0.009009009009009009 0.009009009009009009 0.009009009009009009 0.009009009009009009 0.009009009009009009 0.009009009009009009 0.009009009009009009 0.009009009009009009 0.009009009009009009 0.009009009009009009 0.009009009009009009 0.009009009009009009 0.009009009009009009 0.009009009009009009 0.009009009009009009 0.009009009009009009 0.009009009009009009 0.009009009009009009 0.009009009009009009 0.009009009009009009 0.009009009009009009 0.009009009009009009 0.009009009009009009 0.009009009009009009 0.009009009009009009 0.009009009009009009 0.009009009009009009 0.009009009009009009 0.009009009009009009 0.009009009009009009 0.009009009009009009 0.009009009009009009 0.009009009009009009 0.009009009009009009 0.009009009009009009 0.009009009009009009 0.009009009009009009 0.009009009009009009 0.009009009009009009 0.009009009009009009 0.009009009009009009 0.009009009009009009 0.009009009009009009 0.009009009009009009 0.009009009009009009 0.009009009009009009 0.009009009009009009 0.009009009009009009 0.009009009009009009 0.009009009009009009 0.009009009009009009 0.009009009009009009 0.009009009009009009 0.009009009009009009 0.009009009009009009 0.009009009009009009 0.009009009009009009 0.009009009009009009 0.009009009009009009 0.009009009009009009 0.009009009009009009 0.009009009009009009 0.009009009009009009 0.009009009009009009 0.009009009009009009 0.009009009009009009 0.009009009009009009 0.009009009009009009 0.009009009009009009 0.009009009009009009 0.009009009009009009 0.009009009009009009 0.009009009009009009 0.009009009009009009 0.009009009009009009 0.009009009009009009 0.009009009009009009 0.009009009009009009 0.009009009009009009 0.009009009009009009 0.009009009009009009 0.009009009009009009 0.009009009009009009 0.009009009009009009 0.009009009009009009 0.009009009009009009 0.009009009009009009 0.009009009009009009 0.009009009009009009 0.009009009009009009 0.009009009009009009 0.009009009009009009
            </parameter>
            <parameter id="silencingRate" spec="parameter.RealParameter" dimension="1"
            lower="0.0" name="stateNode" upper="1000"> 0.134 </parameter>

        <!-- the clock rate is the rate of acquiring edited state 2  -->
        <parameter id="clockRate.c" spec="parameter.RealParameter" name="stateNode">1.0</parameter>
        <!-- the mutation rate could be another rate multiplier, but we leave it fixed to 1 -->
        <parameter spec="parameter.RealParameter" estimate="false" id="mutationRate" name="stateNode">1.0</parameter>

        <parameter spec="parameter.RealParameter" estimate="false" lower="0.0" id="proportionInvariant"
                   name="stateNode" upper="1.0">0.0</parameter>

        <!-- the following parameters belong to the extended birth-death sampling model by Stadler2013 -->
        <!-- birth rate corresponds to cell division rate -->
        <parameter id="birthRate" spec="parameter.RealParameter" dimension="1" lower="0.0" name="stateNode" upper="5">0.6</parameter>
        <!-- death rate corresponds to apoptosis rate -->
        <parameter id="deathRate" spec="parameter.RealParameter" dimension="1" lower="0.0" name="stateNode" upper="5">0.01</parameter>
        <!-- sampling rate is a rate of sampling through time; since cells are only collected at single time point we set
        this to 0 and specify the sampling proportion at present: rho -->
        <parameter id="samplingRate" spec="parameter.RealParameter" lower="0.0" name="stateNode"
		   upper="1.0"> 0 </parameter>
        <parameter id="rho" spec="parameter.RealParameter" lower="0.0" name="stateNode" upper="1.0"> 1.0</parameter>

        <!-- The origin is the start of the population process (see Stadler2013), i.e. in most applications the time that passed
         from the start of the experiment until the cells are sequenced. Here this is 54h. -->
        <parameter id="origin" spec="parameter.RealParameter" name="stateNode" upper="54.0001">54.001</parameter>

    </state>



    <distribution id="posterior" spec="beast.base.inference.CompoundDistribution">

        <!-- Prior distributions -->
        <distribution id="prior" spec="beast.base.inference.CompoundDistribution">

            <!-- The tree prior (or population dynamic model): the birth death sampling model -->
                <distribution id="birthDeathSamplingModel" spec="bdsky.evolution.speciation.BirthDeathSkylineModel"
                          conditionOnSurvival="True" tree="@tree" origin="@origin" contemp="true"
                          birthRate="@birthRate" deathRate="@deathRate" rho="@rho"
                          samplingRate="@samplingRate" >
                </distribution>

            <!-- prior distributions on the substitution model parameters -->
            <prior id="editRatePrior" name="distribution" x="@editRate">
                <LogNormal name="distr">
                  <parameter  spec="parameter.RealParameter" estimate="false" name="M">-4.0</parameter>
                  <parameter  spec="parameter.RealParameter" estimate="false" lower="0.0" name="S" upper="20.0">1.0</parameter>
                </LogNormal>
            </prior>

            <prior id="ClockPrior.c:LTv2_EBd32_cluster_1" name="distribution" x="@clockRate.c">
                <Uniform id="Uniform.0" name="distr" upper="Infinity"/>
            </prior>


            <!-- prior distributions on phylodynamic parameters -->
            <!-- [0.4, 2.7] -->
            <prior id="birthRatePrior" name="distribution" x="@birthRate">
                <LogNormal name="distr" M="0" S="0.6"/>
            </prior>
            <!-- [0.01, 1.4] -->
            <prior id="deathRatePrior" name="distribution" x="@deathRate">
               <LogNormal name="distr" M="-2" S="1.4"/>
            </prior>
        </distribution>

        <!-- Tree likelihood -->
        <distribution id="likelihood" spec="beast.base.inference.CompoundDistribution">

                <distribution id="treeLikelihood"
                              spec="tidetree.distributions.TreeLikelihoodWithEditWindow"
                              data="@s1_c1_data.txt" origin="@origin"
			      tree="@tree"
			      siteModel="@siteModel">
                    <branchRateModel spec="beast.base.evolution.branchratemodel.StrictClockModel" clock.rate="@clockRate.c"/>
                </distribution>

        </distribution>
    </distribution>

   <!-- tree operators -->
           <!-- operator  spec="tidetree.operators.WilsonBaldingSubTrees"
                      tree="@tree" weight="30.0" scarringStopHeight="18"/ -->

            <operator  spec="Uniform" tree="@tree" weight="30.0"/>

            <operator  spec="SubtreeSlide" tree="@tree" weight="3.0"/>
            <operator spec="SubtreeSlide" tree="@tree" weight="3.0" size="30"/>
            <operator  spec="Exchange" isNarrow="false" tree="@tree" weight="30.0"/>


	<!-- Operators on phylogenetic parameters-->
	<!-- operator on edit probabilities while keeping their sum fixed to 1 -->
	  <operator id="editRateScaler" spec="DeltaExchangeOperator" parameter="@editRate"
                 weight="3.0"/>
    <operator id="clockRateScaler" spec="ScaleOperator" parameter="@clockRate.c"
              scaleFactor="0.8" weight="3.0"/>


   <!-- Operators on phylodynamic parameters -->
    <operator id="birthRateScaler" spec="ScaleOperator" parameter="@birthRate" scaleFactor="0.8" weight="3.0"/>
    <operator id="deathRateScaler" spec="ScaleOperator" parameter="@deathRate" scaleFactor="0.8" weight="3.0"/>

    <operator id="updownBD.t:LTv2_EBd32_cluster_1" spec="UpDownOperator" scaleFactor="0.8" weight="30.0">
         <up idref="birthRate"/>
         <down idref="deathRate"/>
    </operator>


    <!-- Log parameters -->
    <logger id="tracelog" spec="Logger" fileName="$(filebase).$(seed).log" logEvery="10000">
        <log idref="posterior"/>
        <log idref="likelihood"/>
        <log idref="prior"/>
        <log idref="treeLikelihood"/>
        <log id="treeHeight"
                 spec="beast.base.evolution.tree.TreeHeightLogger"
                 tree="@tree"/>
        <log idref="editRate"/>
        <log idref="silencingRate" />
        <log idref="clockRate.c"/>
        <log idref="birthRate"/>
        <log idref="rho"/>
        <log idref="deathRate"/>
    </logger>

    <logger id="screenlog" spec="Logger" logEvery="1000">
        <log idref="posterior"/>
        <log id="ESS.0" spec="util.ESS" arg="@posterior"/>
        <log idref="likelihood"/>
        <log idref="prior"/>
    </logger>


    <!-- log tree -->
    <logger id="treelog.t:cluster" spec="Logger" fileName="$(filebase).$(tree).$(seed).trees" logEvery="10000" mode="tree">
                <log idref="tree" printMetaData="true"/>
    </logger>


</run>

</beast>
