Method,Sample,Runtime,TotalSeconds
cassgreedy,s0d100p01_sub250_r01,1m14.507s,74.507
cassgreedy,s0d100p02_sub250_r05,1m14.505s,74.505
cassgreedy,s100d0p10_sub250_r05,1m11.840s,71.84
cassgreedy,s25d75p01_sub250_r01,1m11.820s,71.82
cassgreedy,s25d75p01_sub250_r02,1m11.840s,71.84
cassgreedy,s25d75p01_sub250_r03,1m11.820s,71.82
cassgreedy,s25d75p01_sub250_r04,1m8.952s,68.952
cassgreedy,s25d75p01_sub250_r05,1m8.941s,68.941
cassgreedy,s25d75p02_sub250_r01,1m8.926s,68.926
cassgreedy,s25d75p02_sub250_r02,1m8.927s,68.927
cassgreedy,s25d75p02_sub250_r03,1m8.895s,68.895
cassgreedy,s25d75p02_sub250_r04,1m8.895s,68.895
cassgreedy,s0d100p03_sub250_r01,1m14.517s,74.517
cassgreedy,s25d75p02_sub250_r05,1m8.968s,68.968
cassgreedy,s25d75p03_sub250_r01,1m8.967s,68.967
cassgreedy,s25d75p03_sub250_r02,1m8.896s,68.896
cassgreedy,s25d75p03_sub250_r03,1m8.896s,68.896
cassgreedy,s25d75p03_sub250_r04,1m8.897s,68.897
cassgreedy,s25d75p03_sub250_r05,1m8.906s,68.906
cassgreedy,s25d75p04_sub250_r01,1m8.908s,68.908
cassgreedy,s25d75p04_sub250_r02,1m8.891s,68.891
cassgreedy,s25d75p04_sub250_r03,1m8.895s,68.895
cassgreedy,s25d75p04_sub250_r04,1m8.895s,68.895
cassgreedy,s0d100p03_sub250_r02,1m14.503s,74.503
cassgreedy,s25d75p04_sub250_r05,1m8.895s,68.895
cassgreedy,s25d75p05_sub250_r01,1m8.911s,68.911
cassgreedy,s25d75p05_sub250_r02,1m11.941s,71.941
cassgreedy,s25d75p05_sub250_r03,1m11.941s,71.941
cassgreedy,s25d75p05_sub250_r04,1m11.941s,71.941
cassgreedy,s25d75p05_sub250_r05,1m11.941s,71.941
cassgreedy,s25d75p06_sub250_r01,1m11.941s,71.941
cassgreedy,s25d75p06_sub250_r02,1m11.941s,71.941
cassgreedy,s25d75p06_sub250_r03,1m11.941s,71.941
cassgreedy,s25d75p06_sub250_r04,1m11.941s,71.941
cassgreedy,s0d100p03_sub250_r03,1m14.502s,74.502
cassgreedy,s25d75p06_sub250_r05,1m11.941s,71.941
cassgreedy,s25d75p07_sub250_r01,1m11.941s,71.941
cassgreedy,s25d75p07_sub250_r02,1m11.935s,71.935
cassgreedy,s25d75p07_sub250_r03,1m11.941s,71.941
cassgreedy,s25d75p07_sub250_r04,1m11.941s,71.941
cassgreedy,s25d75p07_sub250_r05,1m11.956s,71.956
cassgreedy,s25d75p08_sub250_r01,1m11.951s,71.951
cassgreedy,s25d75p08_sub250_r02,1m11.939s,71.939
cassgreedy,s25d75p08_sub250_r03,1m11.933s,71.933
cassgreedy,s25d75p08_sub250_r04,1m11.939s,71.939
cassgreedy,s0d100p03_sub250_r04,1m14.503s,74.503
cassgreedy,s25d75p08_sub250_r05,1m11.945s,71.945
cassgreedy,s25d75p09_sub250_r01,1m11.936s,71.936
cassgreedy,s25d75p09_sub250_r02,1m11.939s,71.939
cassgreedy,s25d75p09_sub250_r03,1m11.939s,71.939
cassgreedy,s25d75p09_sub250_r04,1m11.934s,71.934
cassgreedy,s25d75p09_sub250_r05,1m11.939s,71.939
cassgreedy,s25d75p10_sub250_r01,1m11.934s,71.934
cassgreedy,s25d75p10_sub250_r02,1m11.934s,71.934
cassgreedy,s25d75p10_sub250_r03,1m11.937s,71.937
cassgreedy,s25d75p10_sub250_r04,1m11.934s,71.934
cassgreedy,s0d100p03_sub250_r05,1m11.561s,71.561
cassgreedy,s25d75p10_sub250_r05,1m10.956s,70.956
cassgreedy,s50d50p01_sub250_r01,1m10.956s,70.956
cassgreedy,s50d50p01_sub250_r02,1m10.956s,70.956
cassgreedy,s50d50p01_sub250_r03,1m10.956s,70.956
cassgreedy,s50d50p01_sub250_r04,1m10.956s,70.956
cassgreedy,s50d50p01_sub250_r05,1m10.956s,70.956
cassgreedy,s50d50p02_sub250_r01,1m10.953s,70.953
cassgreedy,s50d50p02_sub250_r02,1m10.954s,70.954
cassgreedy,s50d50p02_sub250_r03,1m10.952s,70.952
cassgreedy,s50d50p02_sub250_r04,1m10.954s,70.954
cassgreedy,s0d100p04_sub250_r01,1m11.561s,71.561
cassgreedy,s50d50p02_sub250_r05,1m10.954s,70.954
cassgreedy,s50d50p03_sub250_r01,1m10.956s,70.956
cassgreedy,s50d50p03_sub250_r02,1m10.954s,70.954
cassgreedy,s50d50p03_sub250_r03,1m10.956s,70.956
cassgreedy,s50d50p03_sub250_r04,1m10.941s,70.941
cassgreedy,s50d50p03_sub250_r05,1m10.951s,70.951
cassgreedy,s50d50p04_sub250_r01,1m10.951s,70.951
cassgreedy,s50d50p04_sub250_r02,1m10.946s,70.946
cassgreedy,s50d50p04_sub250_r03,1m10.948s,70.948
cassgreedy,s50d50p04_sub250_r04,1m10.949s,70.949
cassgreedy,s0d100p04_sub250_r02,1m11.561s,71.561
cassgreedy,s50d50p04_sub250_r05,1m10.951s,70.951
cassgreedy,s50d50p05_sub250_r01,1m10.948s,70.948
cassgreedy,s50d50p05_sub250_r02,1m10.948s,70.948
cassgreedy,s50d50p05_sub250_r03,1m10.942s,70.942
cassgreedy,s50d50p05_sub250_r04,1m10.944s,70.944
cassgreedy,s50d50p05_sub250_r05,1m10.941s,70.941
cassgreedy,s50d50p06_sub250_r01,1m10.942s,70.942
cassgreedy,s50d50p06_sub250_r02,1m10.945s,70.945
cassgreedy,s50d50p06_sub250_r03,0m55.577s,55.577
cassgreedy,s50d50p06_sub250_r04,0m55.577s,55.577
cassgreedy,s0d100p04_sub250_r03,1m17.610s,77.61
cassgreedy,s50d50p06_sub250_r05,0m55.577s,55.577
cassgreedy,s50d50p07_sub250_r01,0m55.589s,55.589
cassgreedy,s50d50p07_sub250_r02,0m55.578s,55.578
cassgreedy,s50d50p07_sub250_r03,0m55.577s,55.577
cassgreedy,s50d50p07_sub250_r04,0m55.577s,55.577
cassgreedy,s50d50p07_sub250_r05,0m55.577s,55.577
cassgreedy,s50d50p08_sub250_r01,0m55.576s,55.576
cassgreedy,s50d50p08_sub250_r02,0m55.577s,55.577
cassgreedy,s50d50p08_sub250_r03,0m55.577s,55.577
cassgreedy,s50d50p08_sub250_r04,0m55.577s,55.577
cassgreedy,s0d100p04_sub250_r04,1m17.622s,77.622
cassgreedy,s50d50p08_sub250_r05,0m55.577s,55.577
cassgreedy,s50d50p09_sub250_r01,0m55.577s,55.577
cassgreedy,s50d50p09_sub250_r02,0m55.591s,55.591
cassgreedy,s50d50p09_sub250_r03,0m16.681s,16.681
cassgreedy,s50d50p09_sub250_r04,0m16.680s,16.68
cassgreedy,s50d50p09_sub250_r05,0m16.680s,16.68
cassgreedy,s50d50p10_sub250_r01,0m16.680s,16.68
cassgreedy,s50d50p10_sub250_r02,0m16.681s,16.681
cassgreedy,s50d50p10_sub250_r03,0m16.681s,16.681
cassgreedy,s50d50p10_sub250_r04,0m16.683s,16.683
cassgreedy,s0d100p01_sub250_r02,1m14.516s,74.516
cassgreedy,s0d100p04_sub250_r05,1m17.635s,77.635
cassgreedy,s50d50p10_sub250_r05,0m16.676s,16.676
cassgreedy,s75d25p01_sub250_r01,0m16.688s,16.688
cassgreedy,s75d25p01_sub250_r02,0m16.681s,16.681
cassgreedy,s75d25p01_sub250_r03,0m16.688s,16.688
cassgreedy,s75d25p01_sub250_r04,0m16.680s,16.68
cassgreedy,s75d25p01_sub250_r05,0m16.684s,16.684
cassgreedy,s75d25p02_sub250_r01,0m59.367s,59.367
cassgreedy,s75d25p02_sub250_r02,0m59.367s,59.367
cassgreedy,s75d25p02_sub250_r03,0m59.361s,59.361
cassgreedy,s75d25p02_sub250_r04,0m59.357s,59.357
cassgreedy,s0d100p05_sub250_r01,1m17.635s,77.635
cassgreedy,s75d25p02_sub250_r05,0m59.314s,59.314
cassgreedy,s75d25p03_sub250_r01,0m59.367s,59.367
cassgreedy,s75d25p03_sub250_r02,0m59.331s,59.331
cassgreedy,s75d25p03_sub250_r03,0m59.348s,59.348
cassgreedy,s75d25p03_sub250_r04,0m59.347s,59.347
cassgreedy,s75d25p03_sub250_r05,0m59.331s,59.331
cassgreedy,s75d25p04_sub250_r01,0m59.368s,59.368
cassgreedy,s75d25p04_sub250_r02,0m59.334s,59.334
cassgreedy,s75d25p04_sub250_r03,0m59.326s,59.326
cassgreedy,s75d25p04_sub250_r04,0m59.326s,59.326
cassgreedy,s0d100p05_sub250_r02,1m17.620s,77.62
cassgreedy,s75d25p04_sub250_r05,0m59.332s,59.332
cassgreedy,s75d25p05_sub250_r01,0m59.326s,59.326
cassgreedy,s75d25p05_sub250_r02,0m59.326s,59.326
cassgreedy,s75d25p05_sub250_r03,0m59.326s,59.326
cassgreedy,s75d25p05_sub250_r04,0m59.326s,59.326
cassgreedy,s75d25p05_sub250_r05,0m59.326s,59.326
cassgreedy,s75d25p06_sub250_r01,0m55.367s,55.367
cassgreedy,s75d25p06_sub250_r02,0m55.365s,55.365
cassgreedy,s75d25p06_sub250_r03,0m55.365s,55.365
cassgreedy,s75d25p06_sub250_r04,0m55.365s,55.365
cassgreedy,s0d100p05_sub250_r03,1m17.632s,77.632
cassgreedy,s75d25p06_sub250_r05,0m55.365s,55.365
cassgreedy,s75d25p07_sub250_r01,0m55.355s,55.355
cassgreedy,s75d25p07_sub250_r02,0m55.365s,55.365
cassgreedy,s75d25p07_sub250_r03,0m55.328s,55.328
cassgreedy,s75d25p07_sub250_r04,0m55.353s,55.353
cassgreedy,s75d25p07_sub250_r05,0m55.365s,55.365
cassgreedy,s75d25p08_sub250_r01,0m55.355s,55.355
cassgreedy,s75d25p08_sub250_r02,0m55.354s,55.354
cassgreedy,s75d25p08_sub250_r03,0m55.353s,55.353
cassgreedy,s75d25p08_sub250_r04,0m55.354s,55.354
cassgreedy,s0d100p05_sub250_r04,1m17.623s,77.623
cassgreedy,s75d25p08_sub250_r05,0m55.354s,55.354
cassgreedy,s75d25p09_sub250_r01,0m55.355s,55.355
cassgreedy,s75d25p09_sub250_r02,0m55.355s,55.355
cassgreedy,s75d25p09_sub250_r03,0m55.366s,55.366
cassgreedy,s75d25p09_sub250_r04,0m55.366s,55.366
cassgreedy,s75d25p09_sub250_r05,0m55.352s,55.352
cassgreedy,s75d25p10_sub250_r01,0m7.348s,7.348
cassgreedy,s75d25p10_sub250_r02,0m7.372s,7.372
cassgreedy,s75d25p10_sub250_r03,0m7.351s,7.351
cassgreedy,s75d25p10_sub250_r04,0m7.355s,7.355
cassgreedy,s0d100p05_sub250_r05,1m17.634s,77.634
cassgreedy,s75d25p10_sub250_r05,0m7.354s,7.354
cassgreedy,s0d100p06_sub250_r01,1m17.618s,77.618
cassgreedy,s0d100p06_sub250_r02,1m17.618s,77.618
cassgreedy,s0d100p06_sub250_r03,1m17.633s,77.633
cassgreedy,s0d100p06_sub250_r04,1m17.617s,77.617
cassgreedy,s0d100p01_sub250_r03,1m14.503s,74.503
cassgreedy,s0d100p06_sub250_r05,1m17.621s,77.621
cassgreedy,s0d100p07_sub250_r01,1m17.620s,77.62
cassgreedy,s0d100p07_sub250_r02,1m17.626s,77.626
cassgreedy,s0d100p07_sub250_r03,1m17.620s,77.62
cassgreedy,s0d100p07_sub250_r04,1m17.613s,77.613
cassgreedy,s0d100p07_sub250_r05,1m17.620s,77.62
cassgreedy,s0d100p08_sub250_r01,1m17.630s,77.63
cassgreedy,s0d100p08_sub250_r02,1m17.616s,77.616
cassgreedy,s0d100p08_sub250_r03,0m46.502s,46.502
cassgreedy,s0d100p08_sub250_r04,0m46.498s,46.498
cassgreedy,s0d100p01_sub250_r04,1m14.516s,74.516
cassgreedy,s0d100p08_sub250_r05,0m46.491s,46.491
cassgreedy,s0d100p09_sub250_r01,0m46.495s,46.495
cassgreedy,s0d100p09_sub250_r02,0m46.498s,46.498
cassgreedy,s0d100p09_sub250_r03,0m46.502s,46.502
cassgreedy,s0d100p09_sub250_r04,0m46.501s,46.501
cassgreedy,s0d100p09_sub250_r05,0m46.502s,46.502
cassgreedy,s0d100p10_sub250_r01,1m9.137s,69.137
cassgreedy,s0d100p10_sub250_r02,1m9.109s,69.109
cassgreedy,s0d100p10_sub250_r03,1m9.176s,69.176
cassgreedy,s0d100p10_sub250_r04,1m9.127s,69.127
cassgreedy,s0d100p01_sub250_r05,1m14.507s,74.507
cassgreedy,s0d100p10_sub250_r05,1m9.098s,69.098
cassgreedy,s100d0p01_sub250_r01,1m9.176s,69.176
cassgreedy,s100d0p01_sub250_r02,1m9.091s,69.091
cassgreedy,s100d0p01_sub250_r03,1m9.110s,69.11
cassgreedy,s100d0p01_sub250_r04,1m9.174s,69.174
cassgreedy,s100d0p01_sub250_r05,1m9.113s,69.113
cassgreedy,s100d0p02_sub250_r01,1m9.091s,69.091
cassgreedy,s100d0p02_sub250_r02,1m9.104s,69.104
cassgreedy,s100d0p02_sub250_r03,1m9.086s,69.086
cassgreedy,s100d0p02_sub250_r04,1m9.081s,69.081
cassgreedy,s0d100p02_sub250_r01,1m14.485s,74.485
cassgreedy,s100d0p02_sub250_r05,1m9.080s,69.08
cassgreedy,s100d0p03_sub250_r01,1m9.081s,69.081
cassgreedy,s100d0p03_sub250_r02,1m9.080s,69.08
cassgreedy,s100d0p03_sub250_r03,1m9.153s,69.153
cassgreedy,s100d0p03_sub250_r04,1m9.081s,69.081
cassgreedy,s100d0p03_sub250_r05,1m9.053s,69.053
cassgreedy,s100d0p04_sub250_r01,1m9.080s,69.08
cassgreedy,s100d0p04_sub250_r02,1m9.091s,69.091
cassgreedy,s100d0p04_sub250_r03,1m9.080s,69.08
cassgreedy,s100d0p04_sub250_r04,1m9.080s,69.08
cassgreedy,s0d100p02_sub250_r02,1m14.506s,74.506
cassgreedy,s100d0p04_sub250_r05,1m0.809s,60.809
cassgreedy,s100d0p05_sub250_r01,1m0.794s,60.794
cassgreedy,s100d0p05_sub250_r02,1m0.764s,60.764
cassgreedy,s100d0p05_sub250_r03,1m0.790s,60.79
cassgreedy,s100d0p05_sub250_r04,1m0.792s,60.792
cassgreedy,s100d0p05_sub250_r05,1m0.809s,60.809
cassgreedy,s100d0p06_sub250_r01,1m0.791s,60.791
cassgreedy,s100d0p06_sub250_r02,1m0.794s,60.794
cassgreedy,s100d0p06_sub250_r03,1m0.796s,60.796
cassgreedy,s100d0p06_sub250_r04,1m0.791s,60.791
cassgreedy,s0d100p02_sub250_r03,1m14.504s,74.504
cassgreedy,s100d0p06_sub250_r05,1m0.791s,60.791
cassgreedy,s100d0p07_sub250_r01,1m0.794s,60.794
cassgreedy,s100d0p07_sub250_r02,1m0.810s,60.81
cassgreedy,s100d0p07_sub250_r03,1m0.793s,60.793
cassgreedy,s100d0p07_sub250_r04,1m0.797s,60.797
cassgreedy,s100d0p07_sub250_r05,1m0.797s,60.797
cassgreedy,s100d0p08_sub250_r01,1m0.794s,60.794
cassgreedy,s100d0p08_sub250_r02,1m0.794s,60.794
cassgreedy,s100d0p08_sub250_r03,1m0.792s,60.792
cassgreedy,s100d0p08_sub250_r04,1m0.810s,60.81
cassgreedy,s0d100p02_sub250_r04,1m14.504s,74.504
cassgreedy,s100d0p08_sub250_r05,1m0.792s,60.792
cassgreedy,s100d0p09_sub250_r01,1m0.791s,60.791
cassgreedy,s100d0p09_sub250_r02,1m0.792s,60.792
cassgreedy,s100d0p09_sub250_r03,1m0.794s,60.794
cassgreedy,s100d0p09_sub250_r04,1m11.820s,71.82
cassgreedy,s100d0p09_sub250_r05,1m11.820s,71.82
cassgreedy,s100d0p10_sub250_r01,1m11.840s,71.84
cassgreedy,s100d0p10_sub250_r02,1m11.840s,71.84
cassgreedy,s100d0p10_sub250_r03,1m11.840s,71.84
cassgreedy,s100d0p10_sub250_r04,1m11.840s,71.84
scmail,s0d100p01_sub250_r01,122m16.331s,7336.33
scmail,s0d100p02_sub250_r05,107m39.419s,6459.42
scmail,s100d0p10_sub250_r05,71m56.788s,4316.79
scmail,s25d75p01_sub250_r01,201m41.680s,12101.7
scmail,s25d75p01_sub250_r02,30m40.173s,1840.17
scmail,s25d75p01_sub250_r03,83m45.556s,5025.56
scmail,s25d75p01_sub250_r04,64m46.318s,3886.32
scmail,s25d75p01_sub250_r05,42m40.518s,2560.52
scmail,s25d75p02_sub250_r01,32m23.871s,1943.87
scmail,s25d75p02_sub250_r02,71m14.369s,4274.37
scmail,s25d75p02_sub250_r03,53m33.571s,3213.57
scmail,s25d75p02_sub250_r04,36m9.612s,2169.61
scmail,s0d100p03_sub250_r01,126m26.327s,7586.33
scmail,s25d75p02_sub250_r05,73m17.207s,4397.21
scmail,s25d75p03_sub250_r01,107m35.534s,6455.53
scmail,s25d75p03_sub250_r02,158m28.221s,9508.22
scmail,s25d75p03_sub250_r03,139m10.224s,8350.22
scmail,s25d75p03_sub250_r04,36m31.752s,2191.75
scmail,s25d75p03_sub250_r05,150m33.483s,9033.48
scmail,s25d75p04_sub250_r01,189m32.631s,11372.6
scmail,s25d75p04_sub250_r02,95m58.650s,5758.65
scmail,s25d75p04_sub250_r03,61m53.990s,3713.99
scmail,s25d75p04_sub250_r04,175m42.772s,10542.8
scmail,s0d100p03_sub250_r02,112m49.658s,6769.66
scmail,s25d75p04_sub250_r05,73m4.469s,4384.47
scmail,s25d75p05_sub250_r01,41m12.067s,2472.07
scmail,s25d75p05_sub250_r02,53m28.503s,3208.5
scmail,s25d75p05_sub250_r03,87m44.678s,5264.68
scmail,s25d75p05_sub250_r04,140m20.308s,8420.31
scmail,s25d75p05_sub250_r05,90m14.425s,5414.43
scmail,s25d75p06_sub250_r01,94m14.443s,5654.44
scmail,s25d75p06_sub250_r02,65m57.827s,3957.83
scmail,s25d75p06_sub250_r03,27m22.638s,1642.64
scmail,s25d75p06_sub250_r04,48m57.133s,2937.13
scmail,s0d100p03_sub250_r03,38m0.552s,2280.55
scmail,s25d75p06_sub250_r05,84m58.290s,5098.29
scmail,s25d75p07_sub250_r01,58m34.359s,3514.36
scmail,s25d75p07_sub250_r02,138m39.874s,8319.87
scmail,s25d75p07_sub250_r03,38m5.016s,2285.02
scmail,s25d75p07_sub250_r04,86m10.754s,5170.75
scmail,s25d75p07_sub250_r05,88m23.122s,5303.12
scmail,s25d75p08_sub250_r01,114m11.976s,6851.98
scmail,s25d75p08_sub250_r02,131m44.255s,7904.26
scmail,s25d75p08_sub250_r03,146m54.855s,8814.85
scmail,s25d75p08_sub250_r04,126m58.965s,7618.97
scmail,s0d100p03_sub250_r04,78m5.646s,4685.65
scmail,s25d75p08_sub250_r05,157m52.766s,9472.77
scmail,s25d75p09_sub250_r01,63m3.039s,3783.04
scmail,s25d75p09_sub250_r02,35m56.994s,2156.99
scmail,s25d75p09_sub250_r03,197m40.386s,11860.4
scmail,s25d75p09_sub250_r04,115m7.646s,6907.65
scmail,s25d75p09_sub250_r05,194m6.218s,11646.2
scmail,s25d75p10_sub250_r01,90m58.633s,5458.63
scmail,s25d75p10_sub250_r02,183m23.007s,11003
scmail,s25d75p10_sub250_r03,69m51.675s,4191.68
scmail,s25d75p10_sub250_r04,176m38.024s,10598
scmail,s0d100p03_sub250_r05,102m5.200s,6125.2
scmail,s25d75p10_sub250_r05,129m48.514s,7788.51
scmail,s50d50p01_sub250_r01,38m46.596s,2326.6
scmail,s50d50p01_sub250_r02,86m35.761s,5195.76
scmail,s50d50p01_sub250_r03,68m59.223s,4139.22
scmail,s50d50p01_sub250_r04,52m42.796s,3162.8
scmail,s50d50p01_sub250_r05,34m24.439s,2064.44
scmail,s50d50p02_sub250_r01,61m39.354s,3699.35
scmail,s50d50p02_sub250_r02,116m10.243s,6970.24
scmail,s50d50p02_sub250_r03,51m28.162s,3088.16
scmail,s50d50p02_sub250_r04,166m19.394s,9979.39
scmail,s0d100p04_sub250_r01,220m14.528s,13214.5
scmail,s50d50p02_sub250_r05,65m15.823s,3915.82
scmail,s50d50p03_sub250_r01,178m25.968s,10706
scmail,s50d50p03_sub250_r02,69m44.548s,4184.55
scmail,s50d50p03_sub250_r03,63m9.720s,3789.72
scmail,s50d50p03_sub250_r04,75m51.191s,4551.19
scmail,s50d50p03_sub250_r05,50m38.682s,3038.68
scmail,s50d50p04_sub250_r01,125m47.206s,7547.21
scmail,s50d50p04_sub250_r02,141m12.842s,8472.84
scmail,s50d50p04_sub250_r03,26m14.073s,1574.07
scmail,s50d50p04_sub250_r04,61m27.035s,3687.03
scmail,s0d100p04_sub250_r02,297m38.863s,17858.9
scmail,s50d50p04_sub250_r05,64m26.757s,3866.76
scmail,s50d50p05_sub250_r01,141m54.167s,8514.17
scmail,s50d50p05_sub250_r02,118m2.296s,7082.3
scmail,s50d50p05_sub250_r03,99m58.343s,5998.34
scmail,s50d50p05_sub250_r04,86m22.924s,5182.92
scmail,s50d50p05_sub250_r05,100m35.903s,6035.9
scmail,s50d50p06_sub250_r01,150m17.096s,9017.1
scmail,s50d50p06_sub250_r02,172m22.985s,10343
scmail,s50d50p06_sub250_r03,141m48.773s,8508.77
scmail,s50d50p06_sub250_r04,160m32.034s,9632.03
scmail,s0d100p04_sub250_r03,82m21.591s,4941.59
scmail,s50d50p06_sub250_r05,50m6.234s,3006.23
scmail,s50d50p07_sub250_r01,83m26.620s,5006.62
scmail,s50d50p07_sub250_r02,105m17.663s,6317.66
scmail,s50d50p07_sub250_r03,80m14.697s,4814.7
scmail,s50d50p07_sub250_r04,30m5.571s,1805.57
scmail,s50d50p07_sub250_r05,100m20.734s,6020.73
scmail,s50d50p08_sub250_r01,147m17.501s,8837.5
scmail,s50d50p08_sub250_r02,107m0.523s,6420.52
scmail,s50d50p08_sub250_r03,88m50.641s,5330.64
scmail,s50d50p08_sub250_r04,100m15.145s,6015.15
scmail,s0d100p04_sub250_r04,134m34.175s,8074.18
scmail,s50d50p08_sub250_r05,36m16.993s,2176.99
scmail,s50d50p09_sub250_r01,94m34.426s,5674.43
scmail,s50d50p09_sub250_r02,20m8.848s,1208.85
scmail,s50d50p09_sub250_r03,140m7.000s,8407
scmail,s50d50p09_sub250_r04,194m9.817s,11649.8
scmail,s50d50p09_sub250_r05,162m18.271s,9738.27
scmail,s50d50p10_sub250_r01,26m13.891s,1573.89
scmail,s50d50p10_sub250_r02,99m52.493s,5992.49
scmail,s50d50p10_sub250_r03,67m27.901s,4047.9
scmail,s50d50p10_sub250_r04,132m21.684s,7941.68
scmail,s0d100p01_sub250_r02,74m12.141s,4452.14
scmail,s0d100p04_sub250_r05,207m21.880s,12441.9
scmail,s50d50p10_sub250_r05,110m9.243s,6609.24
scmail,s75d25p01_sub250_r01,158m23.156s,9503.16
scmail,s75d25p01_sub250_r02,208m8.530s,12488.5
scmail,s75d25p01_sub250_r03,122m55.673s,7375.67
scmail,s75d25p01_sub250_r04,85m9.961s,5109.96
scmail,s75d25p01_sub250_r05,177m48.003s,10668
scmail,s75d25p02_sub250_r01,102m25.690s,6145.69
scmail,s75d25p02_sub250_r02,81m6.257s,4866.26
scmail,s75d25p02_sub250_r03,68m45.798s,4125.8
scmail,s75d25p02_sub250_r04,239m24.169s,14364.2
scmail,s0d100p05_sub250_r01,222m18.820s,13338.8
scmail,s75d25p02_sub250_r05,55m11.342s,3311.34
scmail,s75d25p03_sub250_r01,190m44.693s,11444.7
scmail,s75d25p03_sub250_r02,248m20.086s,14900.1
scmail,s75d25p03_sub250_r03,131m32.474s,7892.47
scmail,s75d25p03_sub250_r04,81m23.771s,4883.77
scmail,s75d25p03_sub250_r05,67m0.141s,4020.14
scmail,s75d25p04_sub250_r01,68m49.196s,4129.2
scmail,s75d25p04_sub250_r02,86m27.802s,5187.8
scmail,s75d25p04_sub250_r03,56m46.379s,3406.38
scmail,s75d25p04_sub250_r04,67m52.150s,4072.15
scmail,s0d100p05_sub250_r02,122m6.134s,7326.13
scmail,s75d25p04_sub250_r05,80m59.667s,4859.67
scmail,s75d25p05_sub250_r01,87m48.207s,5268.21
scmail,s75d25p05_sub250_r02,145m39.077s,8739.08
scmail,s75d25p05_sub250_r03,137m36.230s,8256.23
scmail,s75d25p05_sub250_r04,183m29.832s,11009.8
scmail,s75d25p05_sub250_r05,32m35.771s,1955.77
scmail,s75d25p06_sub250_r01,48m47.718s,2927.72
scmail,s75d25p06_sub250_r02,84m54.351s,5094.35
scmail,s75d25p06_sub250_r03,30m23.783s,1823.78
scmail,s75d25p06_sub250_r04,47m23.425s,2843.43
scmail,s0d100p05_sub250_r03,114m39.626s,6879.63
scmail,s75d25p06_sub250_r05,24m23.848s,1463.85
scmail,s75d25p07_sub250_r01,28m23.621s,1703.62
scmail,s75d25p07_sub250_r02,63m52.373s,3832.37
scmail,s75d25p07_sub250_r03,66m42.918s,4002.92
scmail,s75d25p07_sub250_r04,23m22.247s,1402.25
scmail,s75d25p07_sub250_r05,31m32.461s,1892.46
scmail,s75d25p08_sub250_r01,92m9.806s,5529.81
scmail,s75d25p08_sub250_r02,31m45.383s,1905.38
scmail,s75d25p08_sub250_r03,72m49.336s,4369.34
scmail,s75d25p08_sub250_r04,32m59.870s,1979.87
scmail,s0d100p05_sub250_r04,111m32.785s,6692.78
scmail,s75d25p08_sub250_r05,56m10.435s,3370.43
scmail,s75d25p09_sub250_r01,95m35.173s,5735.17
scmail,s75d25p09_sub250_r02,85m9.504s,5109.5
scmail,s75d25p09_sub250_r03,38m51.446s,2331.45
scmail,s75d25p09_sub250_r04,61m47.419s,3707.42
scmail,s75d25p09_sub250_r05,53m0.538s,3180.54
scmail,s75d25p10_sub250_r01,113m36.480s,6816.48
scmail,s75d25p10_sub250_r02,97m45.906s,5865.91
scmail,s75d25p10_sub250_r03,114m14.811s,6854.81
scmail,s75d25p10_sub250_r04,59m34.092s,3574.09
scmail,s0d100p05_sub250_r05,32m49.010s,1969.01
scmail,s75d25p10_sub250_r05,69m40.760s,4180.76
scmail,s0d100p06_sub250_r01,185m23.856s,11123.9
scmail,s0d100p06_sub250_r02,102m36.385s,6156.39
scmail,s0d100p06_sub250_r03,108m54.408s,6534.41
scmail,s0d100p06_sub250_r04,66m5.686s,3965.69
scmail,s0d100p01_sub250_r03,34m24.541s,2064.54
scmail,s0d100p06_sub250_r05,56m14.694s,3374.69
scmail,s0d100p07_sub250_r01,158m4.166s,9484.17
scmail,s0d100p07_sub250_r02,95m52.612s,5752.61
scmail,s0d100p07_sub250_r03,58m21.053s,3501.05
scmail,s0d100p07_sub250_r04,162m20.213s,9740.21
scmail,s0d100p07_sub250_r05,150m40.095s,9040.09
scmail,s0d100p08_sub250_r01,217m5.682s,13025.7
scmail,s0d100p08_sub250_r02,147m26.411s,8846.41
scmail,s0d100p08_sub250_r03,112m2.118s,6722.12
scmail,s0d100p08_sub250_r04,227m57.615s,13677.6
scmail,s0d100p01_sub250_r04,192m57.785s,11577.8
scmail,s0d100p08_sub250_r05,178m46.049s,10726
scmail,s0d100p09_sub250_r01,51m16.744s,3076.74
scmail,s0d100p09_sub250_r02,54m14.367s,3254.37
scmail,s0d100p09_sub250_r03,79m56.022s,4796.02
scmail,s0d100p09_sub250_r04,188m55.065s,11335.1
scmail,s0d100p09_sub250_r05,144m40.060s,8680.06
scmail,s0d100p10_sub250_r01,58m8.175s,3488.18
scmail,s0d100p10_sub250_r02,228m15.343s,13695.3
scmail,s0d100p10_sub250_r03,49m24.308s,2964.31
scmail,s0d100p10_sub250_r04,46m51.715s,2811.72
scmail,s0d100p01_sub250_r05,119m53.440s,7193.44
scmail,s0d100p10_sub250_r05,77m29.336s,4649.34
scmail,s100d0p01_sub250_r01,59m18.450s,3558.45
scmail,s100d0p01_sub250_r02,94m55.971s,5695.97
scmail,s100d0p01_sub250_r03,167m10.642s,10030.6
scmail,s100d0p01_sub250_r04,144m21.646s,8661.65
scmail,s100d0p01_sub250_r05,88m17.327s,5297.33
scmail,s100d0p02_sub250_r01,37m19.768s,2239.77
scmail,s100d0p02_sub250_r02,160m32.279s,9632.28
scmail,s100d0p02_sub250_r03,95m5.790s,5705.79
scmail,s100d0p02_sub250_r04,55m55.494s,3355.49
scmail,s0d100p02_sub250_r01,66m21.424s,3981.42
scmail,s100d0p02_sub250_r05,172m14.434s,10334.4
scmail,s100d0p03_sub250_r01,91m47.299s,5507.3
scmail,s100d0p03_sub250_r02,65m33.491s,3933.49
scmail,s100d0p03_sub250_r03,152m16.984s,9136.98
scmail,s100d0p03_sub250_r04,81m48.296s,4908.3
scmail,s100d0p03_sub250_r05,84m52.548s,5092.55
scmail,s100d0p04_sub250_r01,75m2.308s,4502.31
scmail,s100d0p04_sub250_r02,116m49.560s,7009.56
scmail,s100d0p04_sub250_r03,104m39.198s,6279.2
scmail,s100d0p04_sub250_r04,126m47.487s,7607.49
scmail,s0d100p02_sub250_r02,68m26.958s,4106.96
scmail,s100d0p04_sub250_r05,195m33.202s,11733.2
scmail,s100d0p05_sub250_r01,238m55.908s,14335.9
scmail,s100d0p05_sub250_r02,191m36.757s,11496.8
scmail,s100d0p05_sub250_r03,51m2.889s,3062.89
scmail,s100d0p05_sub250_r04,55m36.726s,3336.73
scmail,s100d0p05_sub250_r05,141m10.423s,8470.42
scmail,s100d0p06_sub250_r01,105m11.662s,6311.66
scmail,s100d0p06_sub250_r02,65m2.081s,3902.08
scmail,s100d0p06_sub250_r03,93m42.185s,5622.19
scmail,s100d0p06_sub250_r04,120m35.782s,7235.78
scmail,s0d100p02_sub250_r03,43m31.817s,2611.82
scmail,s100d0p06_sub250_r05,104m51.838s,6291.84
scmail,s100d0p07_sub250_r01,76m55.881s,4615.88
scmail,s100d0p07_sub250_r02,167m48.634s,10068.6
scmail,s100d0p07_sub250_r03,267m54.715s,16074.7
scmail,s100d0p07_sub250_r04,84m38.442s,5078.44
scmail,s100d0p07_sub250_r05,132m8.841s,7928.84
scmail,s100d0p08_sub250_r01,71m20.172s,4280.17
scmail,s100d0p08_sub250_r02,98m10.583s,5890.58
scmail,s100d0p08_sub250_r03,61m44.292s,3704.29
scmail,s100d0p08_sub250_r04,121m9.021s,7269.02
scmail,s0d100p02_sub250_r04,33m59.945s,2039.94
scmail,s100d0p08_sub250_r05,33m13.319s,1993.32
scmail,s100d0p09_sub250_r01,51m24.906s,3084.91
scmail,s100d0p09_sub250_r02,73m30.921s,4410.92
scmail,s100d0p09_sub250_r03,219m42.042s,13182
scmail,s100d0p09_sub250_r04,274m47.882s,16487.9
scmail,s100d0p09_sub250_r05,127m46.422s,7666.42
scmail,s100d0p10_sub250_r01,118m51.712s,7131.71
scmail,s100d0p10_sub250_r02,235m37.890s,14137.9
scmail,s100d0p10_sub250_r03,104m46.444s,6286.44
scmail,s100d0p10_sub250_r04,207m21.308s,12441.3
startle,s0d100p01_sub250_r01,226m39.895s,13599.9
startle,s0d100p02_sub250_r05,190m49.787s,11449.8
startle,s100d0p10_sub250_r05,110m34.238s,6634.24
startle,s25d75p01_sub250_r01,174m17.528s,10457.5
startle,s25d75p01_sub250_r02,301m30.878s,18090.9
startle,s25d75p01_sub250_r03,335m34.802s,20134.8
startle,s25d75p01_sub250_r04,369m30.941s,22170.9
startle,s25d75p01_sub250_r05,316m18.423s,18978.4
startle,s25d75p02_sub250_r01,206m52.131s,12412.1
startle,s25d75p02_sub250_r02,251m25.848s,15085.8
startle,s25d75p02_sub250_r03,231m34.658s,13894.7
startle,s25d75p02_sub250_r04,247m36.048s,14856
startle,s0d100p03_sub250_r01,360m12.767s,21612.8
startle,s25d75p02_sub250_r05,154m19.757s,9259.76
startle,s25d75p03_sub250_r01,259m1.203s,15541.2
startle,s25d75p03_sub250_r02,133m18.318s,7998.32
startle,s25d75p03_sub250_r03,205m57.673s,12357.7
startle,s25d75p03_sub250_r04,141m23.002s,8483
startle,s25d75p03_sub250_r05,230m56.131s,13856.1
startle,s25d75p04_sub250_r01,200m57.988s,12058
startle,s25d75p04_sub250_r02,218m19.585s,13099.6
startle,s25d75p04_sub250_r03,368m20.992s,22101
startle,s25d75p04_sub250_r04,407m52.893s,24472.9
startle,s0d100p03_sub250_r02,321m51.044s,19311
startle,s25d75p04_sub250_r05,171m33.347s,10293.3
startle,s25d75p05_sub250_r01,270m21.180s,16221.2
startle,s25d75p05_sub250_r02,186m44.426s,11204.4
startle,s25d75p05_sub250_r03,321m48.801s,19308.8
startle,s25d75p05_sub250_r04,331m49.381s,19909.4
startle,s25d75p05_sub250_r05,270m48.626s,16248.6
startle,s25d75p06_sub250_r01,224m37.191s,13477.2
startle,s25d75p06_sub250_r02,270m9.841s,16209.8
startle,s25d75p06_sub250_r03,328m59.030s,19739
startle,s25d75p06_sub250_r04,250m41.950s,15042
startle,s0d100p03_sub250_r03,265m43.841s,15943.8
startle,s25d75p06_sub250_r05,213m46.967s,12827
startle,s25d75p07_sub250_r01,226m48.289s,13608.3
startle,s25d75p07_sub250_r02,256m9.131s,15369.1
startle,s25d75p07_sub250_r03,316m46.979s,19007
startle,s25d75p07_sub250_r04,333m32.218s,20012.2
startle,s25d75p07_sub250_r05,337m0.945s,20220.9
startle,s25d75p08_sub250_r01,203m17.781s,12197.8
startle,s25d75p08_sub250_r02,154m14.101s,9254.1
startle,s25d75p08_sub250_r03,139m48.358s,8388.36
startle,s25d75p08_sub250_r04,198m26.908s,11906.9
startle,s0d100p03_sub250_r04,252m48.482s,15168.5
startle,s25d75p08_sub250_r05,176m21.505s,10581.5
startle,s25d75p09_sub250_r01,181m26.802s,10886.8
startle,s25d75p09_sub250_r02,157m42.209s,9462.21
startle,s25d75p09_sub250_r03,127m4.046s,7624.05
startle,s25d75p09_sub250_r04,261m11.729s,15671.7
startle,s25d75p09_sub250_r05,144m23.932s,8663.93
startle,s25d75p10_sub250_r01,178m24.034s,10704
startle,s25d75p10_sub250_r02,148m47.535s,8927.53
startle,s25d75p10_sub250_r03,148m25.591s,8905.59
startle,s25d75p10_sub250_r04,332m4.238s,19924.2
startle,s0d100p03_sub250_r05,350m52.567s,21052.6
startle,s25d75p10_sub250_r05,311m43.749s,18703.7
startle,s50d50p01_sub250_r01,273m16.895s,16396.9
startle,s50d50p01_sub250_r02,248m7.165s,14887.2
startle,s50d50p01_sub250_r03,175m30.209s,10530.2
startle,s50d50p01_sub250_r04,220m45.516s,13245.5
startle,s50d50p01_sub250_r05,319m44.366s,19184.4
startle,s50d50p02_sub250_r01,274m55.393s,16495.4
startle,s50d50p02_sub250_r02,275m39.574s,16539.6
startle,s50d50p02_sub250_r03,228m53.230s,13733.2
startle,s50d50p02_sub250_r04,97m20.308s,5840.31
startle,s0d100p04_sub250_r01,233m6.172s,13986.2
startle,s50d50p02_sub250_r05,180m49.653s,10849.7
startle,s50d50p03_sub250_r01,240m30.793s,14430.8
startle,s50d50p03_sub250_r02,179m26.197s,10766.2
startle,s50d50p03_sub250_r03,194m20.481s,11660.5
startle,s50d50p03_sub250_r04,256m56.916s,15416.9
startle,s50d50p03_sub250_r05,257m29.493s,15449.5
startle,s50d50p04_sub250_r01,279m55.539s,16795.5
startle,s50d50p04_sub250_r02,176m50.256s,10610.3
startle,s50d50p04_sub250_r03,132m4.808s,7924.81
startle,s50d50p04_sub250_r04,245m3.075s,14703.1
startle,s0d100p04_sub250_r02,335m3.325s,20103.3
startle,s50d50p04_sub250_r05,306m48.868s,18408.9
startle,s50d50p05_sub250_r01,138m54.121s,8334.12
startle,s50d50p05_sub250_r02,184m50.914s,11090.9
startle,s50d50p05_sub250_r03,195m44.440s,11744.4
startle,s50d50p05_sub250_r04,379m38.421s,22778.4
startle,s50d50p05_sub250_r05,196m8.165s,11768.2
startle,s50d50p06_sub250_r01,253m11.018s,15191
startle,s50d50p06_sub250_r02,221m31.969s,13292
startle,s50d50p06_sub250_r03,281m11.560s,16871.6
startle,s50d50p06_sub250_r04,228m57.228s,13737.2
startle,s0d100p04_sub250_r03,255m51.492s,15351.5
startle,s50d50p06_sub250_r05,220m25.147s,13225.1
startle,s50d50p07_sub250_r01,353m44.925s,21224.9
startle,s50d50p07_sub250_r02,188m43.102s,11323.1
startle,s50d50p07_sub250_r03,152m9.616s,9129.62
startle,s50d50p07_sub250_r04,256m8.840s,15368.8
startle,s50d50p07_sub250_r05,143m57.064s,8637.06
startle,s50d50p08_sub250_r01,214m22.261s,12862.3
startle,s50d50p08_sub250_r02,231m24.443s,13884.4
startle,s50d50p08_sub250_r03,146m49.528s,8809.53
startle,s50d50p08_sub250_r04,221m15.360s,13275.4
startle,s0d100p04_sub250_r04,348m49.918s,20929.9
startle,s50d50p08_sub250_r05,216m28.489s,12988.5
startle,s50d50p09_sub250_r01,259m58.155s,15598.2
startle,s50d50p09_sub250_r02,282m37.953s,16958
startle,s50d50p09_sub250_r03,316m51.801s,19011.8
startle,s50d50p09_sub250_r04,169m24.968s,10165
startle,s50d50p09_sub250_r05,261m2.704s,15662.7
startle,s50d50p10_sub250_r01,173m15.011s,10395
startle,s50d50p10_sub250_r02,175m44.778s,10544.8
startle,s50d50p10_sub250_r03,342m46.843s,20566.8
startle,s50d50p10_sub250_r04,207m57.922s,12477.9
startle,s0d100p01_sub250_r02,173m54.173s,10434.2
startle,s0d100p04_sub250_r05,393m13.791s,23593.8
startle,s50d50p10_sub250_r05,167m15.296s,10035.3
startle,s75d25p01_sub250_r01,187m4.157s,11224.2
startle,s75d25p01_sub250_r02,303m46.559s,18226.6
startle,s75d25p01_sub250_r03,162m38.277s,9758.28
startle,s75d25p01_sub250_r04,264m16.489s,15856.5
startle,s75d25p01_sub250_r05,173m5.392s,10385.4
startle,s75d25p02_sub250_r01,226m2.723s,13562.7
startle,s75d25p02_sub250_r02,180m32.212s,10832.2
startle,s75d25p02_sub250_r03,237m11.277s,14231.3
startle,s75d25p02_sub250_r04,164m31.796s,9871.8
startle,s0d100p05_sub250_r01,408m39.134s,24519.1
startle,s75d25p02_sub250_r05,124m44.412s,7484.41
startle,s75d25p03_sub250_r01,160m44.504s,9644.5
startle,s75d25p03_sub250_r02,171m55.577s,10315.6
startle,s75d25p03_sub250_r03,349m2.130s,20942.1
startle,s75d25p03_sub250_r04,210m11.818s,12611.8
startle,s75d25p03_sub250_r05,185m29.231s,11129.2
startle,s75d25p04_sub250_r01,263m2.667s,15782.7
startle,s75d25p04_sub250_r02,197m40.675s,11860.7
startle,s75d25p04_sub250_r03,157m33.661s,9453.66
startle,s75d25p04_sub250_r04,342m41.486s,20561.5
startle,s0d100p05_sub250_r02,535m42.696s,32142.7
startle,s75d25p04_sub250_r05,88m7.094s,5287.09
startle,s75d25p05_sub250_r01,170m32.963s,10233
startle,s75d25p05_sub250_r02,195m44.243s,11744.2
startle,s75d25p05_sub250_r03,121m10.294s,7270.29
startle,s75d25p05_sub250_r04,400m5.845s,24005.8
startle,s75d25p05_sub250_r05,239m46.416s,14386.4
startle,s75d25p06_sub250_r01,115m12.776s,6912.78
startle,s75d25p06_sub250_r02,241m33.267s,14493.3
startle,s75d25p06_sub250_r03,172m37.867s,10357.9
startle,s75d25p06_sub250_r04,205m41.134s,12341.1
startle,s0d100p05_sub250_r03,338m9.815s,20289.8
startle,s75d25p06_sub250_r05,246m35.661s,14795.7
startle,s75d25p07_sub250_r01,350m8.533s,21008.5
startle,s75d25p07_sub250_r02,181m50.766s,10910.8
startle,s75d25p07_sub250_r03,155m38.881s,9338.88
startle,s75d25p07_sub250_r04,192m18.010s,11538
startle,s75d25p07_sub250_r05,191m36.137s,11496.1
startle,s75d25p08_sub250_r01,232m22.142s,13942.1
startle,s75d25p08_sub250_r02,237m11.452s,14231.5
startle,s75d25p08_sub250_r03,212m32.343s,12752.3
startle,s75d25p08_sub250_r04,317m10.550s,19030.5
startle,s0d100p05_sub250_r04,299m14.868s,17954.9
startle,s75d25p08_sub250_r05,98m42.870s,5922.87
startle,s75d25p09_sub250_r01,226m27.585s,13587.6
startle,s75d25p09_sub250_r02,153m44.183s,9224.18
startle,s75d25p09_sub250_r03,198m51.646s,11931.6
startle,s75d25p09_sub250_r04,374m55.297s,22495.3
startle,s75d25p09_sub250_r05,198m4.635s,11884.6
startle,s75d25p10_sub250_r01,263m44.728s,15824.7
startle,s75d25p10_sub250_r02,342m49.733s,20569.7
startle,s75d25p10_sub250_r03,302m0.106s,18120.1
startle,s75d25p10_sub250_r04,195m57.253s,11757.3
startle,s0d100p05_sub250_r05,359m50.249s,21590.2
startle,s75d25p10_sub250_r05,239m12.744s,14352.7
startle,s0d100p06_sub250_r01,260m26.694s,15626.7
startle,s0d100p06_sub250_r02,291m39.120s,17499.1
startle,s0d100p06_sub250_r03,277m41.350s,16661.3
startle,s0d100p06_sub250_r04,219m50.648s,13190.6
startle,s0d100p01_sub250_r03,516m1.226s,30961.2
startle,s0d100p06_sub250_r05,322m25.540s,19345.5
startle,s0d100p07_sub250_r01,357m15.151s,21435.2
startle,s0d100p07_sub250_r02,194m31.631s,11671.6
startle,s0d100p07_sub250_r03,223m35.475s,13415.5
startle,s0d100p07_sub250_r04,254m48.071s,15288.1
startle,s0d100p07_sub250_r05,241m9.896s,14469.9
startle,s0d100p08_sub250_r01,178m46.871s,10726.9
startle,s0d100p08_sub250_r02,249m57.100s,14997.1
startle,s0d100p08_sub250_r03,227m16.085s,13636.1
startle,s0d100p08_sub250_r04,278m39.367s,16719.4
startle,s0d100p01_sub250_r04,297m7.901s,17827.9
startle,s0d100p08_sub250_r05,269m16.411s,16156.4
startle,s0d100p09_sub250_r01,219m51.709s,13191.7
startle,s0d100p09_sub250_r02,355m13.776s,21313.8
startle,s0d100p09_sub250_r03,235m18.166s,14118.2
startle,s0d100p09_sub250_r04,329m1.569s,19741.6
startle,s0d100p09_sub250_r05,378m36.750s,22716.8
startle,s0d100p10_sub250_r01,384m33.504s,23073.5
startle,s0d100p10_sub250_r02,301m35.496s,18095.5
startle,s0d100p10_sub250_r03,258m56.800s,15536.8
startle,s0d100p10_sub250_r04,320m30.973s,19231
startle,s0d100p01_sub250_r05,266m54.720s,16014.7
startle,s0d100p10_sub250_r05,300m26.494s,18026.5
startle,s100d0p01_sub250_r01,157m26.829s,9446.83
startle,s100d0p01_sub250_r02,215m41.199s,12941.2
startle,s100d0p01_sub250_r03,200m2.258s,12002.3
startle,s100d0p01_sub250_r04,221m30.616s,13290.6
startle,s100d0p01_sub250_r05,214m36.200s,12876.2
startle,s100d0p02_sub250_r01,293m9.793s,17589.8
startle,s100d0p02_sub250_r02,206m39.469s,12399.5
startle,s100d0p02_sub250_r03,295m20.840s,17720.8
startle,s100d0p02_sub250_r04,233m36.676s,14016.7
startle,s0d100p02_sub250_r01,377m41.731s,22661.7
startle,s100d0p02_sub250_r05,200m6.088s,12006.1
startle,s100d0p03_sub250_r01,123m12.897s,7392.9
startle,s100d0p03_sub250_r02,206m51.285s,12411.3
startle,s100d0p03_sub250_r03,142m7.735s,8527.74
startle,s100d0p03_sub250_r04,171m50.665s,10310.7
startle,s100d0p03_sub250_r05,234m37.502s,14077.5
startle,s100d0p04_sub250_r01,161m1.222s,9661.22
startle,s100d0p04_sub250_r02,223m14.209s,13394.2
startle,s100d0p04_sub250_r03,172m49.395s,10369.4
startle,s100d0p04_sub250_r04,229m13.560s,13753.6
startle,s0d100p02_sub250_r02,485m51.633s,29151.6
startle,s100d0p04_sub250_r05,217m25.493s,13045.5
startle,s100d0p05_sub250_r01,175m18.490s,10518.5
startle,s100d0p05_sub250_r02,176m34.751s,10594.8
startle,s100d0p05_sub250_r03,221m15.569s,13275.6
startle,s100d0p05_sub250_r04,358m37.607s,21517.6
startle,s100d0p05_sub250_r05,319m22.419s,19162.4
startle,s100d0p06_sub250_r01,229m41.477s,13781.5
startle,s100d0p06_sub250_r02,370m25.358s,22225.4
startle,s100d0p06_sub250_r03,160m55.713s,9655.71
startle,s100d0p06_sub250_r04,320m33.202s,19233.2
startle,s0d100p02_sub250_r03,250m14.519s,15014.5
startle,s100d0p06_sub250_r05,125m5.425s,7505.43
startle,s100d0p07_sub250_r01,232m20.228s,13940.2
startle,s100d0p07_sub250_r02,293m16.372s,17596.4
startle,s100d0p07_sub250_r03,482m22.693s,28942.7
startle,s100d0p07_sub250_r04,390m50.368s,23450.4
startle,s100d0p07_sub250_r05,314m58.819s,18898.8
startle,s100d0p08_sub250_r01,297m2.937s,17822.9
startle,s100d0p08_sub250_r02,204m25.183s,12265.2
startle,s100d0p08_sub250_r03,275m11.305s,16511.3
startle,s100d0p08_sub250_r04,225m27.399s,13527.4
startle,s0d100p02_sub250_r04,326m6.631s,19566.6
startle,s100d0p08_sub250_r05,286m59.380s,17219.4
startle,s100d0p09_sub250_r01,361m57.703s,21717.7
startle,s100d0p09_sub250_r02,418m37.567s,25117.6
startle,s100d0p09_sub250_r03,162m20.626s,9740.63
startle,s100d0p09_sub250_r04,208m54.844s,12534.8
startle,s100d0p09_sub250_r05,165m4.624s,9904.62
startle,s100d0p10_sub250_r01,239m28.010s,14368
startle,s100d0p10_sub250_r02,260m3.904s,15603.9
startle,s100d0p10_sub250_r03,200m50.573s,12050.6
startle,s100d0p10_sub250_r04,211m7.810s,12667.8
