num_chars,alphabet_size,seed_prior,num_cells,seq_prior,algorithm,nllh,runtime,est_nu,est_phi,compile_time,em_iterations,memory_usage,cpu_usage,l1_branch_length_error,l2_branch_length_error,status
30,100,02,500,02,fast-laml-em-cpu,20084.994140625,3.0496389865875244,0.11094192415475845,0.15556277334690094,6.652154445648193,8.0,620116,207,114.14522657579884,26.936486587755503,
30,30,02,10000,02,fast-laml-em-cpu,272211.875,184.11586785316467,0.1383926272392273,0.13907390832901,190.05239057540894,12.0,2865784,269,1748.2698612110698,306.6903862918028,
30,100,01,10000,01,fast-laml-em-cpu,259723.09375,182.7979221343994,0.13881342113018036,0.14118073880672455,185.13928270339966,12.0,2859972,279,1788.9464979492027,339.9900531449732,
30,100,01,250,05,fast-laml-em-cpu,9970.0439453125,1.91786789894104,0.10859284549951553,0.16380269825458527,5.7937095165252686,12.0,561636,214,60.73365435685323,15.197338270224481,
30,30,01,500,02,fast-laml-em-cpu,19216.02734375,3.2120206356048584,0.11002843081951141,0.15415003895759583,7.247844696044922,10.0,615680,239,113.13633382080135,25.130974651292515,
30,30,01,5000,04,fast-laml-em-cpu,146362.484375,43.34947967529297,0.1396448016166687,0.1379021406173706,45.713438987731934,6.0,1286140,121,952.599825099765,188.87180725400344,
30,100,02,250,02,fast-laml-em-cpu,10702.1484375,1.7622087001800537,0.10408475250005722,0.1557254046201706,5.719738960266113,13.0,526708,178,60.36994359083398,15.558703431283895,
30,100,02,250,01,fast-laml-em-cpu,10693.271484375,1.8608767986297607,0.11681211739778519,0.15420611202716827,5.863019227981567,14.0,545232,180,60.30787175853228,15.044969532160966,
30,30,02,1000,01,fast-laml-em-cpu,37507.79296875,6.968535900115967,0.1125980019569397,0.14446014165878296,10.024099111557007,10.0,530076,251,232.6025876305559,57.42028480192294,
30,30,02,500,03,fast-laml-em-cpu,20295.443359375,3.110694408416748,0.10780872404575348,0.155146986246109,6.790584564208984,9.0,623644,218,113.57752599774837,27.963670492554684,
30,30,02,1000,02,fast-laml-em-cpu,36814.1484375,6.318712949752808,0.10349520295858383,0.1553850769996643,9.583404779434204,9.0,532200,256,221.374824450585,53.17239092432201,
30,30,02,1000,04,fast-laml-em-cpu,37309.6640625,6.144184350967407,0.10924587398767471,0.148095041513443,9.396957874298096,9.0,531844,268,218.3562769010384,50.21459126521557,
30,30,01,10000,05,fast-laml-em-cpu,264145.28125,210.38077974319458,0.1327340006828308,0.1405888795852661,213.40483140945435,13.0,2930628,282,1775.4899436712922,310.2333053470241,
30,30,01,10000,03,fast-laml-em-cpu,263512.4375,182.27957963943481,0.13469459116458893,0.14016951620578766,183.69967555999756,12.0,2881144,277,1789.86557907141,320.76945956419223,
30,100,02,10000,03,fast-laml-em-cpu,273732.4375,158.28233981132507,0.13948890566825867,0.14099648594856262,159.37029361724854,10.0,2894324,277,1754.4567367410123,319.8896384617461,
30,100,02,1000,02,fast-laml-em-cpu,37481.5546875,13.076431512832642,0.11749909073114395,0.1500534564256668,16.179216623306274,12.0,535688,251,223.544356881271,50.83307472045049,
30,100,02,1000,04,fast-laml-em-cpu,37420.1328125,7.884021282196045,0.10097385197877884,0.15254564583301544,10.829496383666992,9.0,537444,233,219.79540508859762,48.98889215348693,
30,30,01,250,01,fast-laml-em-cpu,10131.43359375,1.7310800552368164,0.09813526272773743,0.16464807093143463,5.565941572189331,11.0,539592,198,64.78545730874963,19.65303217950055,
30,100,01,500,01,fast-laml-em-cpu,18805.330078125,4.621403932571411,0.11646518111228943,0.15372800827026367,8.665531873703003,12.0,611860,235,117.54312285330595,27.160821647225394,
30,100,01,5000,05,fast-laml-em-cpu,144231.203125,77.03128433227539,0.12829501926898956,0.1430831253528595,83.85028147697449,12.0,1242976,164,978.1248205818706,193.51871883255174,
30,30,02,500,01,fast-laml-em-cpu,19848.51953125,5.431384325027466,0.10464548319578171,0.15100909769535065,9.329408407211304,13.0,699356,242,114.04869668016039,29.045419788284157,
30,30,02,500,02,fast-laml-em-cpu,19756.994140625,2.6505093574523926,0.09854484349489212,0.15167132019996643,6.843259811401367,9.0,605516,223,121.49529612896049,33.8210608130496,
30,100,01,5000,04,fast-laml-em-cpu,144617.203125,66.50427222251892,0.13015654683113098,0.14398165047168732,73.45032095909119,7.0,1278668,143,959.0842566816763,192.3956232048732,
30,30,01,1000,04,fast-laml-em-cpu,36002.72265625,8.73617696762085,0.11656688153743744,0.1465604603290558,12.376357078552246,9.0,534004,256,222.88979209888728,50.715248333967544,
30,100,02,10000,05,fast-laml-em-cpu,272755.5,197.59736275672913,0.1301177442073822,0.14221683144569397,202.53774619102478,12.0,2960284,287,1777.1108465209134,327.22643212950754,
30,30,02,250,04,fast-laml-em-cpu,10742.20703125,1.5530693531036377,0.09749070554971695,0.1584748774766922,5.497866153717041,12.0,527344,173,59.0902584108524,14.165195707332384,
30,100,01,5000,02,fast-laml-em-cpu,143207.453125,47.509604930877686,0.1352226883172989,0.14177963137626648,49.9748899936676,6.0,1281496,129,939.9053672856165,182.518007107311,
30,30,01,10000,02,fast-laml-em-cpu,265260.125,220.76163959503174,0.13312645256519318,0.1410081535577774,226.36749815940857,12.0,1702216,285,1784.2328213736328,324.9592989536899,
30,30,01,500,05,fast-laml-em-cpu,19190.412109375,4.853218078613281,0.11205308884382248,0.1566641628742218,8.817511558532715,13.0,652364,234,115.02703950605138,28.95821478425551,
30,100,01,500,05,fast-laml-em-cpu,18685.169921875,5.478785037994385,0.1068563386797905,0.15228399634361267,8.196022510528564,9.0,652460,208,114.73613149001667,26.612648379115782,
30,100,01,1000,02,fast-laml-em-cpu,35231.74609375,11.556551456451416,0.11940709501504898,0.14993561804294586,14.618902683258057,11.0,555368,272,230.67403401891372,53.568872087865046,
30,30,02,250,02,fast-laml-em-cpu,10532.263671875,1.8847620487213135,0.11171471327543259,0.16069404780864716,5.823395013809204,14.0,541112,189,61.61333286122885,15.182829799976956,
30,30,02,500,05,fast-laml-em-cpu,20140.16015625,3.312148094177246,0.1028854176402092,0.14954057335853577,6.995169162750244,11.0,636908,238,111.65775203455364,25.437896973995407,
30,100,01,10000,03,fast-laml-em-cpu,259865.609375,125.13302683830261,0.14925871789455414,0.13839507102966309,130.6784472465515,7.0,1528740,277,1717.4195929385244,306.6286204585201,
30,100,02,500,03,fast-laml-em-cpu,20084.380859375,3.6587488651275635,0.10596807301044464,0.1540132761001587,7.4553937911987305,10.0,623176,228,111.46035350060865,24.98489250875597,
30,30,01,1000,01,fast-laml-em-cpu,35707.921875,9.439042091369629,0.1161273941397667,0.1512441486120224,12.600973844528198,11.0,536452,246,223.08580447583205,48.84707160570848,
30,30,01,5000,05,fast-laml-em-cpu,146317.53125,71.8815004825592,0.1252744495868683,0.1437770426273346,72.93932890892029,13.0,1243020,155,971.2906894837954,193.02012913273788,
30,100,01,1000,04,fast-laml-em-cpu,35332.546875,9.2931649684906,0.10873814672231674,0.15588347613811493,12.574724197387695,9.0,550544,249,230.46663181768685,56.55484547220473,
30,100,01,5000,03,fast-laml-em-cpu,143875.359375,69.95205855369568,0.13034223020076752,0.14338482916355133,74.86700820922852,10.0,1285648,153,967.0503268484758,192.24574760481832,
30,30,01,250,04,fast-laml-em-cpu,10172.97265625,2.1588172912597656,0.12562501430511475,0.15007995069026947,6.1844587326049805,14.0,538144,216,62.91089884276919,15.37837873329289,
30,100,02,5000,05,fast-laml-em-cpu,152095.90625,71.86872744560242,0.1322433352470398,0.14153900742530823,83.33687376976013,10.0,1271784,156,955.1770677447231,184.29531197504923,
30,100,01,250,02,fast-laml-em-cpu,9947.1826171875,1.9451491832733154,0.09304606914520264,0.15828624367713928,5.786361217498779,12.0,544212,193,64.80484145450178,18.724194091654855,
30,100,01,250,01,fast-laml-em-cpu,10045.7958984375,2.290027618408203,0.1093715950846672,0.16063900291919708,6.136061191558838,14.0,542224,224,63.25325029752033,16.230202000629998,
30,100,02,10000,04,fast-laml-em-cpu,272791.9375,207.71611642837524,0.1313464492559433,0.1420067846775055,211.02118945121765,13.0,2920296,279,1757.9867747542705,312.7702501194474,
30,30,02,10000,05,fast-laml-em-cpu,273271.3125,174.73312187194824,0.14090891182422638,0.13683421909809113,172.77179765701294,10.0,1441472,286,1770.1572540649731,322.3192498220144,
30,30,02,10000,01,fast-laml-em-cpu,272211.625,180.4897105693817,0.14041166007518768,0.1390887051820755,180.93140077590942,10.0,2842456,276,1754.5895337133998,308.90163297499504,
30,30,01,5000,02,fast-laml-em-cpu,147155.140625,45.1059627532959,0.13054808974266052,0.14004679024219513,45.954256772994995,6.0,1256796,127,964.9279054424856,194.48182590112503,
30,100,02,10000,01,fast-laml-em-cpu,272061.25,241.08749914169312,0.1284560263156891,0.1435690075159073,245.55391430854797,15.0,2922028,278,1751.86116813499,313.7191100191095,
30,100,01,500,03,fast-laml-em-cpu,18937.3671875,4.4272143840789795,0.12259335070848465,0.1475929170846939,8.066141843795776,13.0,641900,223,122.38578657337308,32.27669862834518,
30,30,01,10000,04,fast-laml-em-cpu,263554.65625,151.76858615875244,0.14229106903076172,0.1400962471961975,153.59971618652344,9.0,2962912,285,1765.445333584411,315.5936667283309,
30,30,02,1000,03,fast-laml-em-cpu,37917.71875,5.861388921737671,0.10576743632555008,0.15301688015460968,9.277483701705933,9.0,787216,56,220.20312260381576,50.831188757799325,
30,30,01,500,01,fast-laml-em-cpu,19019.080078125,3.5159502029418945,0.10528065264225006,0.15495304763317108,7.312975883483887,10.0,623596,217,116.18100392222058,25.623747769279007,
30,30,01,1000,02,fast-laml-em-cpu,35767.59375,10.400463342666626,0.1261620968580246,0.14446774125099182,13.534810304641724,11.0,552928,265,222.23207961611433,49.636661332151796,
30,100,02,500,04,fast-laml-em-cpu,20007.435546875,4.0418641567230225,0.11033999919891357,0.15374617278575897,7.957890033721924,12.0,670256,44,115.25527942088986,29.402996372664198,
30,100,02,250,05,fast-laml-em-cpu,10564.9208984375,1.7314250469207764,0.09454148262739182,0.16030295193195343,5.714353799819946,12.0,530212,187,59.53438771256763,13.971720106203582,
30,100,02,5000,01,fast-laml-em-cpu,152583.4375,70.85192251205444,0.13268905878067017,0.14073459804058075,77.71150040626526,11.0,1236240,157,971.8011258377675,191.59128788537393,
30,100,01,10000,04,fast-laml-em-cpu,260237.28125,240.19520545005798,0.13500936329364777,0.14112220704555511,248.31979489326477,14.0,1539344,283,1812.7960584038217,333.05955678356537,
30,100,01,1000,05,fast-laml-em-cpu,35190.96484375,10.265095710754395,0.1170114278793335,0.15024568140506744,12.991730690002441,10.0,549364,263,226.14234736735978,53.571754827388915,
30,30,02,1000,05,fast-laml-em-cpu,37366.8203125,6.462074518203735,0.11073453724384308,0.14711816608905792,10.275100231170654,9.0,525600,258,219.42560247738268,50.0497165833838,
30,30,01,250,05,fast-laml-em-cpu,10172.451171875,1.6815094947814941,0.1163538470864296,0.15252545475959778,5.640762567520142,13.0,537300,99,59.67487692654039,13.95182073152858,
30,30,02,250,05,fast-laml-em-cpu,10716.2568359375,1.5013301372528076,0.10054759681224823,0.16068637371063232,5.429177761077881,11.0,531540,182,54.951577013576056,11.94982120574362,
30,30,01,500,04,fast-laml-em-cpu,18916.904296875,3.502545118331909,0.1007181704044342,0.1536160558462143,7.307224988937378,11.0,654156,250,118.72810599830999,28.84408756441894,
30,100,01,10000,02,fast-laml-em-cpu,260627.328125,221.4610035419464,0.1379484236240387,0.14023177325725555,224.56781792640686,13.0,2916204,279,1778.2451879982636,319.29947361903527,
30,30,02,10000,03,fast-laml-em-cpu,271184.6875,193.5652596950531,0.13621318340301514,0.1392911970615387,196.48074388504028,11.0,2847040,280,1757.221689726461,311.2956934438906,
30,100,02,10000,02,fast-laml-em-cpu,273108.625,171.59715628623962,0.14081838726997375,0.14010508358478546,172.69610357284546,10.0,2914232,222,1756.6587808211023,312.87008642845467,
30,100,01,5000,01,fast-laml-em-cpu,143372.265625,44.8141872882843,0.13262268900871277,0.14132492244243622,45.796446800231934,8.0,1276736,116,960.3334351983606,188.87902934998377,
30,30,02,5000,04,fast-laml-em-cpu,152088.890625,57.24551844596863,0.13199646770954132,0.14177218079566956,60.75165557861328,9.0,1205848,144,950.6846930141716,178.49008746864655,
30,100,02,1000,03,fast-laml-em-cpu,37473.6171875,6.891512632369995,0.10998611152172089,0.1513226330280304,10.075387716293335,8.0,538264,235,206.94672342175667,44.32070370178318,
30,100,02,500,01,fast-laml-em-cpu,19859.33984375,3.1714415550231934,0.10177247226238251,0.15331444144248962,6.586133003234863,8.0,588372,197,114.78697423136666,27.693599565533233,
30,30,02,5000,05,fast-laml-em-cpu,152308.375,73.71615648269653,0.1322830319404602,0.13994912803173065,76.06638050079346,8.0,1241696,151,936.9823518787264,176.24855663851687,
30,100,01,250,03,fast-laml-em-cpu,10065.4482421875,1.95914626121521,0.10532917082309723,0.14870448410511017,5.903376579284668,14.0,542988,191,62.37702376342577,16.153541871669518,
30,100,02,250,03,fast-laml-em-cpu,10765.96875,2.5690152645111084,0.13108882308006287,0.13889503479003906,6.526278495788574,20.0,552668,217,61.464567552397135,17.34852524955431,
30,30,01,500,03,fast-laml-em-cpu,19511.515625,4.5985424518585205,0.11058387905359268,0.14859426021575928,8.019166469573975,13.0,632920,43,120.10317825927154,31.075611705139842,
30,100,01,500,02,fast-laml-em-cpu,18672.283203125,4.384950876235962,0.11203072220087051,0.14657476544380188,8.042841672897339,14.0,642204,239,121.2685416090114,30.12553187104306,
30,30,01,10000,01,fast-laml-em-cpu,264035.0,176.09484362602234,0.13889387249946594,0.1397329866886139,200.889794588089,10.0,1538172,238,1772.8450019913087,316.0445505265096,
30,100,01,1000,01,fast-laml-em-cpu,35410.5703125,11.396781921386719,0.11824315041303635,0.15060748159885406,14.493032932281494,9.0,543876,76,222.90328087979088,48.61895157816365,
30,30,02,10000,04,fast-laml-em-cpu,272794.875,165.5602171421051,0.13659435510635376,0.14098688960075378,167.33163619041443,11.0,2810240,282,1769.9753627883347,318.29464815849116,
30,100,02,250,04,fast-laml-em-cpu,10490.0419921875,2.003455877304077,0.10367925465106964,0.15328900516033173,6.018693208694458,16.0,532188,213,58.89696921902967,13.550047317642074,
30,30,01,5000,01,fast-laml-em-cpu,146437.78125,48.35323667526245,0.1297685205936432,0.14160706102848053,50.04462957382202,6.0,1277176,125,969.2788465423345,200.02181731521867,
30,30,02,250,01,fast-laml-em-cpu,10805.701171875,1.650463342666626,0.10109299421310425,0.16152483224868774,5.6688783168792725,12.0,523616,185,63.25319875796596,15.99657370643366,
30,30,01,1000,03,fast-laml-em-cpu,35608.83984375,9.604636430740356,0.11811833083629608,0.1486104130744934,12.411191940307617,10.0,550488,260,228.6889239154947,55.20344916303828,
30,30,01,250,02,fast-laml-em-cpu,10169.5869140625,1.89200758934021,0.10513005405664444,0.15714159607887268,5.862880706787109,14.0,544024,189,65.62282210009987,17.016620772010974,
30,30,02,250,03,fast-laml-em-cpu,10872.7060546875,1.6403529644012451,0.1019463911652565,0.1556800901889801,5.590428113937378,12.0,540548,191,58.67258902748216,15.93306447531819,
30,30,02,5000,03,fast-laml-em-cpu,152496.375,28.127676010131836,0.1390404850244522,0.14054372906684875,29.138761520385742,6.0,1215968,90,922.9032237630388,172.24149051109183,
30,30,02,5000,01,fast-laml-em-cpu,151601.03125,43.26106405258179,0.13262508809566498,0.14177219569683075,45.43934488296509,6.0,1236088,124,933.6843615747571,172.98255523807737,
30,30,01,1000,05,fast-laml-em-cpu,35309.8359375,9.130295515060425,0.11504890769720078,0.1450013667345047,12.069154500961304,9.0,552640,263,227.14800451778686,52.79723909789022,
30,100,01,10000,05,fast-laml-em-cpu,259986.578125,136.03536009788513,0.14421796798706055,0.13849103450775146,139.72920083999634,8.0,2930376,282,1749.212611320586,311.0347685617015,
30,100,02,1000,05,fast-laml-em-cpu,37302.6171875,7.557467222213745,0.10638274252414703,0.1511523574590683,10.863001346588135,8.0,520424,165,214.60792990832587,51.30912427883259,
30,100,02,5000,04,fast-laml-em-cpu,151343.703125,40.225154876708984,0.13242292404174805,0.14125820994377136,43.263694047927856,5.0,1276884,116,907.2839423407337,164.8853415539539,
30,100,01,500,04,fast-laml-em-cpu,19085.126953125,5.326904535293579,0.11421136558055878,0.14871424436569214,9.27130913734436,13.0,665044,242,117.09711350655195,28.739503163709802,
30,30,01,5000,03,fast-laml-em-cpu,146064.328125,54.03944158554077,0.13127844035625458,0.14189422130584717,53.60926175117493,8.0,1264668,133,968.3266341965924,189.66228747539137,
30,100,01,250,04,fast-laml-em-cpu,9933.8720703125,2.2028183937072754,0.10505460202693939,0.15106427669525146,6.3868772983551025,13.0,561260,221,65.65223258796983,20.513910083719015,
30,100,02,500,05,fast-laml-em-cpu,20222.44140625,5.336455345153809,0.10888058692216873,0.15559595823287964,9.02349066734314,13.0,629192,39,116.82928593153234,29.883513569542465,
30,30,02,5000,02,fast-laml-em-cpu,151069.3125,57.382455587387085,0.13036349415779114,0.14355622231960297,58.49899744987488,10.0,1251488,140,963.9298812642974,189.62644599811628,
30,100,02,1000,01,fast-laml-em-cpu,37425.12109375,6.116865158081055,0.11221970617771149,0.1487116515636444,9.065178155899048,7.0,535256,245,217.730367369374,50.57166080988703,
30,100,02,5000,02,fast-laml-em-cpu,151855.359375,71.16787910461426,0.13161706924438477,0.13934281468391418,71.07218146324158,8.0,1246284,150,943.2725537339874,181.46036216626254,
30,30,01,250,03,fast-laml-em-cpu,10238.990234375,1.5625877380371094,0.09992176294326782,0.15672998130321503,5.453879356384277,11.0,508124,191,63.01444579299349,18.051901411504627,
30,100,02,5000,03,fast-laml-em-cpu,152131.265625,57.15965247154236,0.13386866450309753,0.14058147370815277,61.91079306602478,7.0,1255476,146,946.0140443865868,189.600294491314,
30,30,02,500,04,fast-laml-em-cpu,20096.6171875,3.05527663230896,0.10550405830144882,0.15303631126880646,7.007936477661133,11.0,646924,232,121.27072209013868,31.412737380456996,
30,100,01,1000,03,fast-laml-em-cpu,35184.48046875,7.715161323547363,0.1151551902294159,0.15256932377815247,11.078246593475342,8.0,551876,263,229.184698993865,53.33658163649435,
30,100,02,500,02,laml-ultrametric,20355.394189012186,97.78504572063684,0.13612535082072882,0.14683839329800477,,59.0,229036,74,61.81633569457622,6.572461965782366,optimal
30,100,01,250,05,laml-ultrametric,10120.061472865706,94.3822199916467,0.1350799020440146,0.15392485708028938,,131.0,218596,122,32.30392554708565,3.463288152244981,optimal
30,30,01,500,02,laml-ultrametric,19478.858003371093,108.30904491338879,0.12917845977483072,0.14781760549416556,,65.0,274884,117,70.93380387863706,8.661158616794333,optimal
30,100,02,250,02,laml-ultrametric,10827.259623011601,43.326338566839695,0.14250852843974765,0.13859241519389653,,59.0,224772,124,32.67690074191052,3.709955342551448,optimal
30,100,02,250,01,laml-ultrametric,10823.820063261333,52.028162164613605,0.1677028569298411,0.13017143728552205,,74.0,220272,124,33.124306640095426,3.6615699331647265,optimal
30,30,02,1000,01,laml-ultrametric,38077.27541436293,285.59736149199307,0.1265079091700054,0.14133968337991168,,87.0,466140,117,132.60988068688846,14.959539380909431,optimal
30,30,02,500,03,laml-ultrametric,20566.743898024197,57.61441254615784,0.12773208596327382,0.14806524826185904,,35.0,265308,114,68.88639888549304,8.036376366183093,optimal
30,30,02,1000,02,laml-ultrametric,37364.2404014438,146.33950027637184,0.11589392808944218,0.15250340667629209,,42.0,431724,85,136.2260745626866,15.412587022168026,optimal
30,30,02,1000,04,laml-ultrametric,37851.72995915603,246.893345778808,0.11661656242353671,0.14750056611990225,,70.0,412616,86,136.4678459410777,15.811735598917753,optimal
30,100,02,1000,02,laml-ultrametric,38011.5090447311,128.14064551331103,0.13537849838449112,0.14519179911630295,,37.0,467940,117,132.13845764857277,14.59575042927176,optimal
30,100,02,1000,04,laml-ultrametric,37978.17746683215,165.77300611138344,0.11207518503516073,0.1502722279268787,,45.0,465280,117,129.71714328369953,14.348523912028002,optimal
30,30,01,250,01,laml-ultrametric,10282.825248193154,67.50985473487526,0.11858153091945123,0.1571287521181417,,92.0,220284,68,38.57343184988044,5.347075474676452,optimal
30,100,01,500,01,laml-ultrametric,19077.904855408127,115.9012700021267,0.13032001274281663,0.15053637871654826,,79.0,276540,119,73.19931122891582,8.944757680887932,optimal
30,100,01,5000,05,laml-ultrametric,150331.1353381058,66.63902319036424,0.026030538901078516,0.17425019484950738,,4.0,4413052,37,14.75861641354342,0.03220509871968668,",failed_nu"
30,30,02,500,01,laml-ultrametric,20117.686550342132,143.5981160532683,0.11585052394910869,0.14833790359809387,,93.0,275004,119,69.05221398199627,7.72131139772833,optimal
30,30,02,500,02,laml-ultrametric,20038.73991317939,109.7824801756069,0.1135940410539509,0.1473551463303193,,67.0,274216,118,70.93984340820965,8.409350494350315,optimal
30,100,01,5000,04,laml-ultrametric,149962.43473010015,85.7825711145997,0.13044484837373732,0.14582096602984798,,6.0,4416588,44,14.786692401074891,0.03230583555531415,",failed_nu"
30,30,01,1000,04,laml-ultrametric,36567.35318083363,185.84565952140838,0.13553185368332377,0.14114039152979568,,56.0,460904,87,131.70102365745544,14.188550282029707,optimal
30,30,02,250,04,laml-ultrametric,10845.048531145716,63.774612464010715,0.12835778684455393,0.14438111437998236,,89.0,212992,123,36.76588091442247,4.590861736581825,optimal
30,100,01,5000,02,laml-ultrametric,152676.77376361823,208.55524463392794,0.7286116034752358,0.02879222272608754,,22.0,4413640,67,14.825647062646341,0.03241851050991169,",failed_nu"
30,30,01,500,05,laml-ultrametric,19460.598981304473,57.57351526338607,0.11294609630547689,0.15854172775378786,,37.0,274564,119,69.16914415895306,8.235627797828625,optimal
30,100,01,500,05,laml-ultrametric,18953.075417852633,84.14576751738787,0.13137828013023622,0.14364823541430993,,52.0,232248,70,66.73676396170953,7.828375084332042,optimal
30,100,01,1000,02,laml-ultrametric,35823.46219343503,268.3596492540091,0.1386617606223246,0.1451205270744626,,83.0,456000,117,137.28355901684884,15.614257825510313,optimal
30,30,02,250,02,laml-ultrametric,10664.593035158174,70.30246774386615,0.13296826830075434,0.15311785779771703,,97.0,223652,123,34.97234554826497,4.2390613372127035,optimal
30,30,02,500,05,laml-ultrametric,20400.575422004713,60.74144428409636,0.12271964432080372,0.1424185161040696,,38.0,274392,118,66.76671191795862,7.462905701921921,optimal
30,100,02,500,03,laml-ultrametric,20329.32277357087,194.82969950512052,0.11622399230191807,0.15178328071480843,,128.0,286008,89,66.07702510917227,7.899765677669712,optimal
30,30,01,1000,01,laml-ultrametric,36244.97819148457,383.9614751096815,0.14011166380884452,0.14371608876036493,,121.0,452348,117,140.11686448961714,16.35443410097618,optimal
30,30,01,5000,05,laml-ultrametric,154826.02047334317,175.66421561688185,0.6071042760201617,0.04794122921088426,,18.0,4414192,63,14.94346393480869,0.03307568503935177,",failed_nu"
30,100,01,1000,04,laml-ultrametric,35914.02439350095,202.59729865193367,0.11779406185499572,0.15483795241742207,,57.0,471020,89,140.3700087821507,16.029447443074837,optimal
30,100,01,5000,03,laml-ultrametric,152664.51184499686,200.83593269158155,0.6600552049842462,0.03833210330320302,,21.0,4416064,66,14.734375364055309,0.03178493664136029,",failed_nu"
30,30,01,250,04,laml-ultrametric,10301.86265410497,33.930087476968765,0.1531208100460957,0.13912855194347,,48.0,212808,123,35.52577425227946,4.047914019111663,optimal
30,100,02,5000,05,laml-ultrametric,158097.3851709899,129.69575876835734,0.3196813357185711,0.10048660097596693,,12.0,4413156,55,15.52601686672029,0.03571160012811929,",failed_nu"
30,100,01,250,02,laml-ultrametric,10102.984707170106,42.81564515084028,0.1153734303305638,0.14971706996810843,,53.0,173864,51,39.383068511518715,5.1896687863361235,optimal
30,100,01,250,01,laml-ultrametric,10184.701041879445,70.88713323883712,0.1415287385563457,0.14690843906715062,,92.0,211108,63,37.17413539724754,5.139626240374811,optimal
30,30,01,5000,02,laml-ultrametric,153309.54769617983,118.24059847090393,0.33948736185045625,0.09472449934530473,,11.0,4414564,53,15.021499165863228,0.033464820927938246,",failed_nu"
30,100,01,500,03,laml-ultrametric,19243.273208330655,130.83236156124622,0.16016800761384065,0.13375273730985304,,86.0,275188,118,70.27206563314317,8.07870030134612,optimal
30,30,02,1000,03,laml-ultrametric,38474.10791948522,198.3452711533755,0.11534089411805198,0.15123120272794108,,57.0,465644,116,127.68971095422397,14.349762860076673,optimal
30,30,01,500,01,laml-ultrametric,19274.397908970226,123.43278708960861,0.1313209672419015,0.14544345421179675,,77.0,275280,118,70.59142955345206,8.697237349240194,optimal
30,30,01,1000,02,laml-ultrametric,36331.42393457438,371.9212480727583,0.14348288627276298,0.1399809833265935,,118.0,418668,94,130.17600748061454,14.58039165688469,optimal
30,100,02,500,04,laml-ultrametric,20290.414677498175,52.491786198690534,0.13638461478811328,0.1446679391883206,,34.0,264220,120,67.40815233064849,7.677745909246797,optimal
30,100,02,250,05,laml-ultrametric,10704.187348910533,53.76313389651477,0.11561924483466822,0.15202985054647936,,63.0,178272,42,32.997187944926054,3.488092020604998,optimal
30,100,02,5000,01,laml-ultrametric,162948.57252170861,260.2360707176849,0.7847568730957116,0.019900800488936422,,30.0,4416312,71,15.026200017988955,0.03306351000488264,",failed_nu"
30,100,01,1000,05,laml-ultrametric,35741.795839882376,321.4598610633984,0.13318510536459205,0.14640655434462949,,100.0,458624,100,138.40513849272102,16.345536564009397,optimal
30,30,02,1000,05,laml-ultrametric,37903.98758203508,230.06271785497665,0.1283115429759505,0.1419879566226821,,66.0,413060,93,132.51462315689037,15.039798545301272,optimal
30,30,01,250,05,laml-ultrametric,10304.038601074933,69.6013172538951,0.13856688801536432,0.1439996807200609,,101.0,246252,123,33.72011035956078,3.873354621887831,optimal
30,30,02,250,05,laml-ultrametric,10818.777322841073,24.45134248677641,0.14189231301059368,0.14112641681621543,,33.0,218220,122,31.40013151293928,3.3927529969656316,optimal
30,30,01,500,04,laml-ultrametric,19227.31867815974,138.71890209242702,0.12355193433458533,0.14576746602784058,,91.0,275560,117,65.57247499697458,7.201419808544054,optimal
30,100,01,5000,01,laml-ultrametric,150239.99047122544,135.96280503366143,0.44686927137732707,0.07491202565129076,,13.0,4415512,56,15.540879842207124,0.03525758167728175,",failed_nu"
30,30,02,5000,04,laml-ultrametric,159889.4468196634,161.70038094185293,0.5752561039619799,0.050842857296581535,,17.0,4411812,61,15.141482431398979,0.034065061644064656,",failed_nu"
30,100,02,1000,03,laml-ultrametric,37957.79388301849,328.9932604432106,0.1262519886855908,0.14678045791556388,,99.0,461788,99,124.20826747848612,13.05279199598383,optimal
30,100,02,500,01,laml-ultrametric,20132.67774627671,70.48528396058828,0.12434939679721048,0.1454915911432526,,43.0,262224,68,66.09986348467964,7.306115283344829,optimal
30,30,02,5000,05,laml-ultrametric,157991.22135571518,73.626658488065,0.04573004628182208,0.1666866495562419,,5.0,4408972,41,15.562747839287349,0.03583085079834607,",failed_nu"
30,100,01,250,03,laml-ultrametric,10210.558911944081,103.1012858832255,0.12164021131619683,0.14353886922117384,,137.0,214044,121,36.75912263600909,4.865622990958001,optimal
30,100,02,250,03,laml-ultrametric,10909.304136578327,97.50321795698255,0.15997511635042022,0.1271787185419786,,132.0,221096,123,31.970222250869153,3.5981385710161664,optimal
30,30,01,500,03,laml-ultrametric,19789.319682490193,58.62295136041939,0.14306977141710864,0.13554869523608057,,40.0,276056,119,66.38260565268138,7.5236320979753675,optimal
30,100,01,500,02,laml-ultrametric,18976.621564077668,102.15248603187501,0.12420837422582597,0.14412435318215697,,64.0,274440,119,71.76590073495237,8.999507814111327,optimal
30,100,01,1000,01,laml-ultrametric,35972.6415772506,246.53181907627732,0.12830235904849552,0.14924323936960393,,77.0,467372,115,139.5775907019291,16.43172176507176,optimal
30,100,02,250,04,laml-ultrametric,10615.069397950112,40.415072713047266,0.12136987401392121,0.14692365927234172,,54.0,220200,122,33.57530219096869,3.787380251675479,optimal
30,30,01,5000,01,laml-ultrametric,159101.94105326015,407.2782261092216,0.9354380177144008,0.005985782181088822,,50.0,4414168,80,13.619492295363308,0.027137336930628246,",failed_nu"
30,30,02,250,01,laml-ultrametric,10953.532345692227,42.457404433749616,0.111658930700054,0.1587394121592738,,56.0,217608,123,35.84456281931726,4.797375568589412,optimal
30,30,01,1000,03,laml-ultrametric,36191.654648676,150.85773220285773,0.13276471330968878,0.14518083894306677,,41.0,469672,116,134.57806486323173,14.867647630490207,optimal
30,30,01,250,02,laml-ultrametric,10308.7706442925,34.34141475148499,0.12237963921354045,0.15099269842901428,,44.0,218084,42,35.59003600209626,4.576871796729906,optimal
30,30,02,250,03,laml-ultrametric,11002.118935213373,42.11692880373448,0.14368629384123158,0.13515159307529992,,48.0,212896,45,32.52199779063555,3.6439021738025543,optimal
30,30,02,5000,03,laml-ultrametric,163998.89466077415,315.308807018213,0.8934876306577646,0.011452401226850028,,37.0,4414184,75,15.699992043531887,0.03687845891060598,",failed_nu"
30,30,02,5000,01,laml-ultrametric,163416.31591269877,358.35503753460944,0.8982762781112377,0.00862431956562587,,42.0,4413056,77,14.276530445426136,0.02999870012656213,",failed_nu"
30,30,01,1000,05,laml-ultrametric,35894.42780842305,377.6483921483159,0.13725038121696861,0.13844968125508264,,120.0,465260,102,131.83038603231753,14.468181439652888,optimal
30,100,02,1000,05,laml-ultrametric,37813.21674768152,251.5205099824816,0.11450261574510659,0.1500903821727611,,73.0,465096,105,135.9477896672222,15.433613994652688,optimal
30,100,02,5000,04,laml-ultrametric,159462.39766205326,162.18102454207838,0.5914305980051243,0.049963050651148234,,17.0,4412312,61,13.328745602860652,0.02608123208284875,",failed_nu"
30,100,01,500,04,laml-ultrametric,19395.714153112804,89.91878793295473,0.1446912826787775,0.13720284673379815,,56.0,272104,118,63.492465067173775,6.842443840947649,optimal
30,30,01,5000,03,laml-ultrametric,159587.5393103727,418.2794365864247,0.9845923203220565,0.005208155211506774,,51.0,4414384,80,14.75182633593528,0.03209558569026504,",failed_nu"
30,100,01,250,04,laml-ultrametric,10090.49404758346,58.656305697746575,0.12183906601025649,0.14677251857855472,,76.0,217944,122,34.276347302214695,4.189859905878242,optimal
30,100,02,500,05,laml-ultrametric,20489.90508315883,173.74462390877306,0.1307174914156313,0.14832910703336685,,110.0,271156,119,64.48202075578574,6.797696602420566,optimal
30,30,02,5000,02,laml-ultrametric,157122.57610058482,69.89176977332681,0.022928201857509715,0.17699349101590015,,4.0,4412624,38,15.3211722268783,0.03453496099852408,",failed_nu"
30,100,02,1000,01,laml-ultrametric,37973.84703819159,312.3212447743863,0.13366253610447304,0.14230800810289598,,96.0,465456,117,130.84935607127056,14.153309046164308,optimal
30,100,02,5000,02,laml-ultrametric,157473.3774911239,103.91849638521671,0.23379844245176015,0.11635794825321324,,9.0,4410956,50,15.41309097859799,0.03467382232454257,",failed_nu"
30,30,01,250,03,laml-ultrametric,10373.487125088217,41.219266154803336,0.12981548950439653,0.143832052790108,,58.0,219952,122,39.30359225344712,5.071354829812217,optimal
30,100,02,5000,03,laml-ultrametric,158314.56363543984,118.19851123634726,0.3409507842496751,0.09565408836836488,,11.0,4414344,53,15.47856921449073,0.03519899434682562,",failed_nu"
30,30,02,500,04,laml-ultrametric,20385.393201573537,138.2112040258944,0.13151111696405138,0.1437000143249157,,87.0,266568,82,71.5064482669441,8.489146676499024,optimal
30,100,01,1000,03,laml-ultrametric,35727.55436627831,211.1372064622119,0.12777577527265555,0.15002630879188353,,62.0,465148,92,141.8699003624326,17.09366765797183,optimal
30,100,02,500,02,fast-laml-em,20086.890625,0.5625064373016357,0.1126888170838356,0.15478885173797607,6.8041253089904785,11.0,,,,,
30,30,02,10000,02,fast-laml-em,272221.53125,2.5640475749969482,0.13769346475601196,0.1392420083284378,7.325506210327148,13.0,,,,,
30,100,01,10000,01,fast-laml-em,259719.21875,2.751460313796997,0.136830672621727,0.1418180912733078,8.655493259429932,14.0,,,,,
30,100,01,250,05,fast-laml-em,9969.0517578125,0.5801894664764404,0.10870256274938583,0.16364708542823792,5.3536505699157715,12.0,,,,,
30,30,01,500,02,fast-laml-em,19214.24609375,0.6831810474395752,0.11248891800642014,0.15313342213630676,7.26861834526062,13.0,,,,,
30,30,01,5000,04,fast-laml-em,146342.546875,0.7486414909362793,0.13916541635990143,0.13809016346931458,8.413909912109375,7.0,1669352,55,958.8946849491789,189.8883085429798,
30,100,02,250,02,fast-laml-em,10687.806640625,0.6144940853118896,0.1037217378616333,0.15607571601867676,5.487388610839844,12.0,,,,,
30,100,02,250,01,fast-laml-em,10694.0234375,0.7761874198913574,0.11555233597755432,0.15488916635513306,5.681729793548584,15.0,,,,,
30,30,02,1000,01,fast-laml-em,37501.31640625,0.5099375247955322,0.11253498494625092,0.144459530711174,5.506867408752441,9.0,,,,,
30,30,02,500,03,fast-laml-em,20303.455078125,0.5021579265594482,0.10940250754356384,0.15419597923755646,6.028841018676758,11.0,,,,,
30,30,02,1000,02,fast-laml-em,36820.37890625,0.4638237953186035,0.10484665632247925,0.15477077662944794,5.814283132553101,9.0,,,,,
30,30,02,1000,04,fast-laml-em,37307.17578125,0.6626029014587402,0.10808359086513519,0.14862795174121857,6.258002758026123,11.0,,,,,
30,30,01,10000,05,fast-laml-em,264149.21875,2.3450193405151367,0.13335151970386505,0.14036352932453156,7.082256078720093,12.0,,,,,
30,30,01,10000,03,fast-laml-em,263561.0625,2.6917953491210938,0.13402771949768066,0.14023472368717194,7.797150373458862,13.0,,,,,
30,100,02,10000,03,fast-laml-em,273672.09375,2.383741855621338,0.13590629398822784,0.14196200668811798,7.429105281829834,12.0,,,,,
30,100,02,1000,02,fast-laml-em,37476.5859375,0.4530372619628906,0.11509209126234055,0.15107226371765137,5.434017896652222,9.0,,,,,
30,100,02,1000,04,fast-laml-em,37433.75390625,0.4107637405395508,0.10232190042734146,0.15198299288749695,5.421156883239746,8.0,,,,,
30,30,01,250,01,fast-laml-em,10130.3603515625,0.6922450065612793,0.10093862563371658,0.1632499098777771,5.6302289962768555,13.0,,,,,
30,100,01,500,01,fast-laml-em,18806.052734375,0.5275225639343262,0.11567547917366028,0.15409760177135468,5.472375392913818,11.0,,,,,
30,100,01,5000,05,fast-laml-em,144274.5625,0.8998329639434814,0.13190357387065887,0.14175522327423096,6.9357523918151855,9.0,2255460,61,971.6406523452554,192.0422264591991,
30,30,02,500,01,fast-laml-em,19850.16796875,0.40485572814941406,0.10174069553613663,0.15231828391551971,5.774995565414429,9.0,,,,,
30,30,02,500,02,fast-laml-em,19740.64453125,0.5086610317230225,0.09844350069761276,0.1517457216978073,5.761695861816406,11.0,,,,,
30,100,01,5000,04,fast-laml-em,144603.625,1.24161696434021,0.1297139972448349,0.1439431756734848,9.840022802352905,8.0,1379684,78,966.9979140016543,196.34953334273678,
30,30,01,1000,04,fast-laml-em,36011.015625,0.40207672119140625,0.11609352380037308,0.14661341905593872,5.43573522567749,8.0,,,,,
30,100,02,10000,05,fast-laml-em,272730.09375,2.085764169692993,0.13157327473163605,0.14179080724716187,8.100759029388428,10.0,,,,,
30,30,02,250,04,fast-laml-em,10726.2431640625,0.799598217010498,0.09928218275308609,0.15750259160995483,6.873371839523315,14.0,,,,,
30,100,01,5000,02,fast-laml-em,143141.484375,1.7645249366760254,0.13306358456611633,0.142426997423172,10.536102771759033,10.0,1374180,79,963.4812511729732,192.49061279370358,
30,30,01,10000,02,fast-laml-em,265212.375,2.9817845821380615,0.131868377327919,0.14150360226631165,8.948947668075562,13.0,,,,,
30,30,01,500,05,fast-laml-em,19186.193359375,0.6212923526763916,0.11131294816732407,0.15706302225589752,6.648632049560547,12.0,,,,,
30,100,01,500,05,fast-laml-em,18681.392578125,0.6064846515655518,0.1083221286535263,0.1515374779701233,5.920928955078125,12.0,,,,,
30,100,01,1000,02,fast-laml-em,35225.65234375,0.6818060874938965,0.11892548948526382,0.15020518004894257,5.7645134925842285,12.0,,,,,
30,30,02,250,02,fast-laml-em,10522.6865234375,0.8517651557922363,0.11447866261005402,0.15930403769016266,5.733083963394165,16.0,,,,,
30,30,02,500,05,fast-laml-em,20145.896484375,0.48624730110168457,0.10061269253492355,0.1505262553691864,6.923008680343628,10.0,,,,,
30,100,01,10000,03,fast-laml-em,259616.203125,2.3355977535247803,0.14244017004966736,0.14054778218269348,7.208698987960815,12.0,,,,,
30,100,02,500,03,fast-laml-em,20088.990234375,0.5065178871154785,0.10707750171422958,0.1534469872713089,6.855233430862427,11.0,,,,,
30,30,01,1000,01,fast-laml-em,35721.1953125,0.5222909450531006,0.11458945274353027,0.1519862711429596,5.488064765930176,10.0,,,,,
30,30,01,5000,05,fast-laml-em,146385.390625,0.9475569725036621,0.13205675780773163,0.14175404608249664,9.92189359664917,6.0,1381976,79,943.5389190388305,179.43659795673312,
30,100,01,1000,04,fast-laml-em,35333.81640625,0.4904000759124756,0.10882461816072464,0.15587833523750305,5.708360195159912,9.0,,,,,
30,100,01,5000,03,fast-laml-em,143869.859375,1.176504135131836,0.12933935225009918,0.14383338391780853,7.889577865600586,11.0,2246080,58,967.3471350701747,192.3703816811432,
30,30,01,250,04,fast-laml-em,10168.7705078125,0.8213334083557129,0.12462317198514938,0.15040887892246246,5.68319296836853,15.0,,,,,
30,100,02,5000,05,fast-laml-em,152144.921875,0.9110372066497803,0.13129596412181854,0.14154686033725739,9.91187047958374,7.0,1356192,61,948.8323405500395,183.28995409974806,
30,100,01,250,02,fast-laml-em,9945.939453125,0.6079413890838623,0.09312660247087479,0.15829916298389435,5.657075881958008,12.0,,,,,
30,100,01,250,01,fast-laml-em,10050.7607421875,0.6038320064544678,0.10908924788236618,0.16068412363529205,5.592721939086914,13.0,,,,,
30,100,02,10000,04,fast-laml-em,272848.0625,2.313251256942749,0.13408780097961426,0.14111396670341492,8.036467552185059,11.0,,,,,
30,30,02,10000,05,fast-laml-em,273328.75,1.732802391052246,0.1418939232826233,0.13648869097232819,6.688713788986206,9.0,,,,,
30,30,02,10000,01,fast-laml-em,272205.40625,2.5361135005950928,0.13663595914840698,0.14000310003757477,7.4869349002838135,13.0,,,,,
30,30,01,5000,02,fast-laml-em,147129.5625,0.5759706497192383,0.13281235098838806,0.13949227333068848,7.653930425643921,6.0,2247700,58,965.2831760576247,195.59110667623574,
30,100,02,10000,01,fast-laml-em,272062.4375,3.8608899116516113,0.127094566822052,0.14398138225078583,9.51333212852478,17.0,,,,,
30,100,01,500,03,fast-laml-em,18945.78125,0.6947429180145264,0.12137095630168915,0.14817604422569275,5.714958190917969,13.0,,,,,
30,30,01,10000,04,fast-laml-em,263455.875,2.4297826290130615,0.1366308033466339,0.14175842702388763,7.344720840454102,13.0,,,,,
30,30,02,1000,03,fast-laml-em,37911.00390625,0.5537676811218262,0.10539546608924866,0.15329062938690186,5.725252389907837,10.0,,,,,
30,30,01,500,01,fast-laml-em,19013.0859375,0.4235100746154785,0.10670153051614761,0.1542966067790985,5.698260307312012,10.0,,,,,
30,30,01,1000,02,fast-laml-em,35762.48046875,0.802600622177124,0.12722313404083252,0.1439342051744461,5.798112869262695,13.0,,,,,
30,100,02,500,04,fast-laml-em,20010.783203125,0.4788057804107666,0.10609778761863708,0.15586985647678375,7.0075767040252686,10.0,,,,,
30,100,02,250,05,fast-laml-em,10566.6689453125,0.57314133644104,0.09545427560806274,0.15989114344120026,5.320494890213013,11.0,,,,,
30,100,02,5000,01,fast-laml-em,152602.109375,1.6401557922363281,0.13225281238555908,0.14092858135700226,10.488759756088257,10.0,1377364,79,966.5587726861671,189.2971174877226,
30,100,01,10000,04,fast-laml-em,260257.125,2.488961696624756,0.13728587329387665,0.1404450386762619,7.318368434906006,12.0,,,,,
30,100,01,1000,05,fast-laml-em,35193.57421875,0.560924768447876,0.11758101731538773,0.1501144915819168,6.714372873306274,10.0,,,,,
30,30,02,1000,05,fast-laml-em,37370.15234375,0.434356689453125,0.11072471737861633,0.14707604050636292,6.596627235412598,8.0,,,,,
30,30,01,250,05,fast-laml-em,10178.775390625,0.8124179840087891,0.1180071085691452,0.15159720182418823,6.92681622505188,14.0,,,,,
30,30,02,250,05,fast-laml-em,10702.7412109375,0.662055253982544,0.10335532575845718,0.15928645431995392,5.564050197601318,12.0,,,,,
30,30,01,500,04,fast-laml-em,18927.83984375,0.55792236328125,0.10346720367670059,0.15220752358436584,6.5314435958862305,11.0,,,,,
30,100,01,10000,02,fast-laml-em,260654.34375,2.089202642440796,0.14124926924705505,0.13931505382061005,6.813608646392822,10.0,,,,,
30,30,02,10000,03,fast-laml-em,271147.71875,2.2661852836608887,0.13468807935714722,0.13985708355903625,7.272960901260376,12.0,,,,,
30,100,02,10000,02,fast-laml-em,273081.46875,3.0833866596221924,0.1368199735879898,0.1411663144826889,8.057114601135254,14.0,,,,,
30,100,01,5000,01,fast-laml-em,143473.6875,0.5325536727905273,0.13573892414569855,0.14037096500396729,6.774465560913086,5.0,1665476,53,929.6222631626831,175.45418665142074,
30,30,02,5000,04,fast-laml-em,152103.265625,0.7941813468933105,0.1316962093114853,0.14171960949897766,8.538077592849731,8.0,1670816,58,948.5779131421845,177.47485715904264,
30,100,02,1000,03,fast-laml-em,37458.95703125,0.56955885887146,0.1108027994632721,0.15101201832294464,5.532688617706299,10.0,,,,,
30,100,02,500,01,fast-laml-em,19852.37109375,0.4005153179168701,0.1018170490860939,0.15328377485275269,5.640383720397949,9.0,,,,,
30,30,02,5000,05,fast-laml-em,152314.390625,0.714430570602417,0.13143642246723175,0.14022599160671234,6.907954931259155,8.0,2252680,53,941.4097895135365,179.28898078260133,
30,100,01,250,03,fast-laml-em,10069.98046875,0.8009347915649414,0.10669006407260895,0.1479312926530838,5.825354814529419,16.0,,,,,
30,100,02,250,03,fast-laml-em,10777.3076171875,0.8907673358917236,0.12754788994789124,0.14091446995735168,6.004936218261719,16.0,,,,,
30,30,01,500,03,fast-laml-em,19523.25,0.6938741207122803,0.11134975403547287,0.1481887549161911,6.739090919494629,13.0,,,,,
30,100,01,500,02,fast-laml-em,18676.359375,0.4656829833984375,0.10932415723800659,0.14787797629833221,5.618637323379517,10.0,,,,,
30,30,01,10000,01,fast-laml-em,263997.125,2.9103002548217773,0.13525982201099396,0.1407783329486847,7.717566967010498,13.0,,,,,
30,100,01,1000,01,fast-laml-em,35409.3046875,0.538658857345581,0.11912967264652252,0.15010669827461243,7.027663707733154,9.0,,,,,
30,30,02,10000,04,fast-laml-em,272807.375,2.479135036468506,0.13584160804748535,0.14115358889102936,8.551633834838867,12.0,,,,,
30,100,02,250,04,fast-laml-em,10490.63671875,0.6272084712982178,0.10328279435634613,0.15345922112464905,6.714653253555298,12.0,,,,,
30,30,01,5000,01,fast-laml-em,146383.0625,1.391002893447876,0.1268683820962906,0.14245891571044922,7.570207834243774,12.0,2250908,61,990.7739162943632,208.0132447019316,
30,30,02,250,01,fast-laml-em,10801.2080078125,0.7352831363677979,0.09994059056043625,0.16202516853809357,6.593830108642578,12.0,,,,,
30,30,01,1000,03,fast-laml-em,35611.23828125,0.4943103790283203,0.11683125048875809,0.14917874336242676,5.5098183155059814,10.0,,,,,
30,30,01,250,02,fast-laml-em,10157.345703125,0.7093689441680908,0.10547187924385071,0.1569095104932785,5.734014511108398,14.0,,,,,
30,30,02,250,03,fast-laml-em,10872.787109375,0.48523640632629395,0.10383959859609604,0.15451398491859436,5.24133563041687,10.0,,,,,
30,30,02,5000,03,fast-laml-em,152428.09375,0.8757350444793701,0.13559690117835999,0.141743004322052,7.065056085586548,8.0,1667112,53,943.553270086681,182.10788344487975,
30,30,02,5000,01,fast-laml-em,151538.625,1.192079782485962,0.12972156703472137,0.14262168109416962,7.440902948379517,11.0,1662952,54,953.8398760537607,179.8777047073517,
30,30,01,1000,05,fast-laml-em,35312.78125,0.46692562103271484,0.11487508565187454,0.14519551396369934,5.422431945800781,9.0,,,,,
30,100,01,10000,05,fast-laml-em,259890.609375,2.2235069274902344,0.1386309415102005,0.14021356403827667,6.969989061355591,11.0,,,,,
30,100,02,1000,05,fast-laml-em,37305.1171875,0.7236635684967041,0.10614155232906342,0.15124885737895966,5.7346296310424805,12.0,,,,,
30,100,02,5000,04,fast-laml-em,151239.765625,1.1572489738464355,0.12776882946491241,0.14285148680210114,10.170198678970337,9.0,1356500,63,935.6602032096318,174.45226142078926,
30,100,01,500,04,fast-laml-em,19084.029296875,0.6950869560241699,0.11489561945199966,0.1484079360961914,6.712777853012085,13.0,,,,,
30,30,01,5000,03,fast-laml-em,146087.34375,0.715142011642456,0.13185684382915497,0.14178693294525146,7.096483469009399,7.0,2251552,52,956.2257998920478,184.45379552675843,
30,100,01,250,04,fast-laml-em,9928.2626953125,0.753899097442627,0.10674304515123367,0.15015088021755219,5.550623416900635,15.0,,,,,
30,100,02,500,05,fast-laml-em,20220.734375,0.4451558589935303,0.10916022956371307,0.1555846482515335,5.776008367538452,10.0,,,,,
30,30,02,5000,02,fast-laml-em,151070.359375,1.2182598114013672,0.1292210817337036,0.14393098652362823,7.871789932250977,11.0,2247664,58,963.3570832797308,189.85064154214126,
30,100,02,1000,01,fast-laml-em,37424.75390625,0.43351054191589355,0.11243179440498352,0.14865843951702118,6.734407424926758,8.0,,,,,
30,100,02,5000,02,fast-laml-em,151870.0625,0.8574099540710449,0.13120700418949127,0.13934068381786346,7.919048547744751,8.0,2249972,56,943.1409947253759,180.5852238230119,
30,30,01,250,03,fast-laml-em,10239.6259765625,0.5291080474853516,0.09868615865707397,0.157272607088089,5.353031635284424,11.0,,,,,
30,100,02,5000,03,fast-laml-em,152093.171875,1.0306806564331055,0.13030049204826355,0.14157339930534363,7.298829793930054,10.0,1919468,52,963.3709606501195,195.5934158620759,
30,30,02,500,04,fast-laml-em,20105.294921875,0.5908341407775879,0.10417237132787704,0.1537114530801773,5.7179036140441895,12.0,,,,,
30,100,01,1000,03,fast-laml-em,35177.6328125,0.5919852256774902,0.1165057122707367,0.1516123265028,7.0429909229278564,10.0,,,,,
30,100,02,500,02,fast-laml-direct,20079.146484375,0.31461501121520996,0.10804956406354904,0.15899907052516937,8.551186800003052,,,,,,
30,30,02,10000,02,fast-laml-direct,272093.28125,23.497467756271362,0.12221931666135788,0.1440390795469284,30.159056901931763,,,,,,
30,100,01,10000,01,fast-laml-direct,259791.0625,24.967036247253418,0.1226406991481781,0.14613112807273865,30.30655813217163,,,,,,
30,100,01,250,05,fast-laml-direct,9969.6708984375,0.4352152347564697,0.11949624866247177,0.1583530455827713,7.390211582183838,,,,,,
30,30,01,500,02,fast-laml-direct,19215.974609375,0.5560743808746338,0.11335913091897964,0.1536034494638443,9.610369682312012,,,,,,
30,100,02,250,02,fast-laml-direct,10688.8427734375,0.39891648292541504,0.1259935349225998,0.14420562982559204,7.6120970249176025,,,,,,
30,100,02,250,01,fast-laml-direct,10721.6708984375,0.3301823139190674,0.32559069991111755,0.03462844714522362,8.276476383209229,,,,,,
30,30,02,1000,01,fast-laml-direct,37492.140625,0.640355110168457,0.12496040016412735,0.1390836238861084,5.856490135192871,,,,,,
30,30,02,500,03,fast-laml-direct,20398.09375,0.5947659015655518,0.354144424200058,0.02217402122914791,9.676348686218262,,,,,,
30,30,02,1000,02,fast-laml-direct,36943.06640625,0.8117704391479492,0.10116171836853027,0.15714330971240997,7.096044540405273,,,,,,
30,30,02,1000,04,fast-laml-direct,37305.87109375,0.45767784118652344,0.1061720922589302,0.15118806064128876,6.941780090332031,,,,,,
30,30,01,10000,05,fast-laml-direct,264185.34375,21.086835145950317,0.11932121962308884,0.14452889561653137,26.673368453979492,,,,,,
30,30,01,10000,03,fast-laml-direct,263641.21875,19.980085372924805,0.12073052674531937,0.1440882533788681,26.181739568710327,,,,,,
30,100,02,10000,03,fast-laml-direct,273536.65625,44.499507188797,0.1207318902015686,0.14653164148330688,53.02156615257263,,,,,,
30,100,02,1000,02,fast-laml-direct,37468.72265625,1.5179128646850586,0.1158471629023552,0.15171080827713013,7.7355053424835205,,,,,,
30,100,02,1000,04,fast-laml-direct,37419.2734375,0.6438431739807129,0.09387081116437912,0.15723180770874023,6.801524639129639,,,,,,
30,30,01,250,01,fast-laml-direct,10272.861328125,0.23598933219909668,2.3653582559290953e-07,0.22578412294387817,5.339581251144409,,,,,,
30,100,01,500,01,fast-laml-direct,18804.177734375,0.3659818172454834,0.12052018940448761,0.15234003961086273,7.756728887557983,,,,,,
30,30,02,500,01,fast-laml-direct,19844.1640625,0.6803929805755615,0.1220880001783371,0.14358823001384735,8.80149507522583,,,,,,
30,30,02,500,02,fast-laml-direct,19742.76953125,0.34578537940979004,0.0999990776181221,0.15035822987556458,7.103018283843994,,,,,,
30,30,01,1000,04,fast-laml-direct,35999.94921875,0.6605408191680908,0.1257765144109726,0.14294712245464325,5.7536656856536865,,,,,,
30,100,02,10000,05,fast-laml-direct,272975.65625,49.91045546531677,0.11335158348083496,0.14731426537036896,58.04791331291199,,,,,,
30,30,02,250,04,fast-laml-direct,10727.0244140625,0.3155786991119385,0.09316235035657883,0.16327372193336487,8.388555526733398,,,,,,
30,30,01,10000,02,fast-laml-direct,265062.6875,25.571273803710938,0.11855509877204895,0.1454256772994995,32.65541052818298,,,,,,
30,30,01,500,05,fast-laml-direct,19204.85546875,0.5299434661865234,0.11785227060317993,0.153354212641716,6.404657363891602,,,,,,
30,100,01,500,05,fast-laml-direct,18683.416015625,0.5660181045532227,0.11187946796417236,0.1499909609556198,7.50520658493042,,,,,,
30,100,01,1000,02,fast-laml-direct,35230.859375,1.574782371520996,0.11783728003501892,0.15149764716625214,8.333604097366333,,,,,,
30,30,02,250,02,fast-laml-direct,10897.53515625,0.2854764461517334,0.9999990463256836,1.8312711347334698e-09,7.202545881271362,,,,,,
30,30,02,500,05,fast-laml-direct,20136.251953125,0.4071831703186035,0.112004853785038,0.145019069314003,6.878192186355591,,,,,,
30,100,01,10000,03,fast-laml-direct,259628.71875,45.941974401474,0.12375866621732712,0.14624783396720886,53.99797701835632,,,,,,
30,100,02,500,03,fast-laml-direct,20082.259765625,0.5023975372314453,0.10852563381195068,0.15289399027824402,8.489580392837524,,,,,,
30,30,01,1000,01,fast-laml-direct,35710.921875,0.6284520626068115,0.11374220997095108,0.15271331369876862,5.691804647445679,,,,,,
30,100,01,1000,04,fast-laml-direct,35337.47265625,1.3678700923919678,0.1087556853890419,0.15596850216388702,7.716939449310303,,,,,,
30,30,01,250,04,fast-laml-direct,10187.697265625,0.2833256721496582,0.25650766491889954,0.07210368663072586,8.052422285079956,,,,,,
30,100,01,250,02,fast-laml-direct,9999.8798828125,0.27924489974975586,0.2889445722103119,0.044656574726104736,7.975782155990601,,,,,,
30,100,01,250,01,fast-laml-direct,10081.7861328125,0.22546958923339844,0.2738846242427826,0.061338745057582855,6.484485626220703,,,,,,
30,100,02,10000,04,fast-laml-direct,273117.15625,65.75456118583679,0.11832480877637863,0.145833358168602,73.60845518112183,,,,,,
30,30,02,10000,05,fast-laml-direct,273892.46875,22.04371404647827,0.12379173189401627,0.14232447743415833,28.246042728424072,,,,,,
30,30,02,10000,01,fast-laml-direct,273062.59375,20.97727370262146,0.12395050376653671,0.14418521523475647,27.10315728187561,,,,,,
30,100,02,10000,01,fast-laml-direct,272194.15625,21.73579239845276,0.11685939878225327,0.1469612419605255,27.536230325698853,,,,,,
30,100,01,500,03,fast-laml-direct,18935.388671875,0.3870358467102051,0.1379346400499344,0.14014674723148346,8.151989459991455,,,,,,
30,30,01,10000,04,fast-laml-direct,263597.875,42.29122352600098,0.12218687683343887,0.14608672261238098,52.0075421333313,,,,,,
30,30,02,1000,03,fast-laml-direct,37907.5546875,0.5357027053833008,0.09881822019815445,0.15758052468299866,6.000774383544922,,,,,,
30,30,01,500,01,fast-laml-direct,19012.287109375,0.2650632858276367,0.10560959577560425,0.155586838722229,6.832870244979858,,,,,,
30,30,01,1000,02,fast-laml-direct,35766.4140625,1.4025852680206299,0.13265453279018402,0.14271919429302216,7.912249565124512,,,,,,
30,100,02,500,04,fast-laml-direct,19995.54296875,0.5958049297332764,0.12014984339475632,0.14915233850479126,9.951298713684082,,,,,,
30,100,02,250,05,fast-laml-direct,10563.84765625,0.21586251258850098,0.09777041524648666,0.1602453887462616,6.037514925003052,,,,,,
30,100,01,10000,04,fast-laml-direct,260346.328125,91.86203837394714,0.12396989017724991,0.14445547759532928,99.7453715801239,,,,,,
30,100,01,1000,05,fast-laml-direct,35192.46484375,0.6755602359771729,0.12292037159204483,0.14785806834697723,7.075550079345703,,,,,,
30,30,02,1000,05,fast-laml-direct,37355.2265625,0.46132659912109375,0.1108655110001564,0.14727889001369476,5.127505779266357,,,,,,
30,30,01,250,05,fast-laml-direct,10213.9912109375,0.3044259548187256,0.3612504303455353,0.015242258086800575,8.10837697982788,,,,,,
30,30,02,250,05,fast-laml-direct,10704.9921875,0.22851037979125977,0.10170244425535202,0.16147784888744354,5.994156837463379,,,,,,
30,30,01,500,04,fast-laml-direct,18919.033203125,0.29353904724121094,0.09770776331424713,0.15639816224575043,6.349663019180298,,,,,,
30,100,01,10000,02,fast-laml-direct,261636.203125,48.8875458240509,0.12102583050727844,0.1455181986093521,57.98067545890808,,,,,,
30,30,02,10000,03,fast-laml-direct,271351.34375,26.581095695495605,0.12131980061531067,0.14384056627750397,32.43594431877136,,,,,,
30,100,02,10000,02,fast-laml-direct,273152.78125,43.60465097427368,0.12419915944337845,0.14504490792751312,51.59893226623535,,,,,,
30,100,02,1000,03,fast-laml-direct,37460.53125,0.5801315307617188,0.10436579585075378,0.15452170372009277,5.616211414337158,,,,,,
30,100,02,500,01,fast-laml-direct,19850.064453125,0.3095054626464844,0.10437329113483429,0.15253499150276184,8.6737380027771,,,,,,
30,100,01,250,03,fast-laml-direct,10093.03515625,0.28254175186157227,0.253874272108078,0.057289738208055496,7.959531307220459,,,,,,
30,100,02,250,03,fast-laml-direct,10765.3466796875,0.3286416530609131,0.13514015078544617,0.13939842581748962,8.026099443435669,,,,,,
30,30,01,500,03,fast-laml-direct,19512.287109375,0.5230414867401123,0.11952651292085648,0.1446794718503952,8.00105333328247,,,,,,
30,100,01,500,02,fast-laml-direct,18675.27734375,0.8045315742492676,0.12966299057006836,0.13957847654819489,7.726315259933472,,,,,,
30,30,01,10000,01,fast-laml-direct,263841.21875,24.200963020324707,0.12349281460046768,0.14435608685016632,29.951101779937744,,,,,,
30,100,01,1000,01,fast-laml-direct,35407.1328125,0.639394998550415,0.11829529702663422,0.15131860971450806,6.678797245025635,,,,,,
30,30,02,10000,04,fast-laml-direct,273475.8125,25.97851037979126,0.1231844499707222,0.14508044719696045,32.310117959976196,,,,,,
30,100,02,250,04,fast-laml-direct,10479.8017578125,0.31576037406921387,0.1265421360731125,0.14113694429397583,7.1413891315460205,,,,,,
30,30,02,250,01,fast-laml-direct,10971.578125,0.3211023807525635,1.2640306522371247e-05,0.22098207473754883,7.682857990264893,,,,,,
30,30,01,1000,03,fast-laml-direct,35608.46484375,0.6160757541656494,0.11873765289783478,0.1499643623828888,5.8233726024627686,,,,,,
30,30,01,250,02,fast-laml-direct,10158.892578125,0.2720835208892822,0.10052456706762314,0.16338558495044708,7.998963832855225,,,,,,
30,30,02,250,03,fast-laml-direct,10914.3203125,0.29396653175354004,0.3131398856639862,0.025965489447116852,7.135418891906738,,,,,,
30,30,01,1000,05,fast-laml-direct,35307.33203125,0.6036908626556396,0.11093021929264069,0.14702606201171875,5.391572713851929,,,,,,
30,100,01,10000,05,fast-laml-direct,259987.03125,46.45219612121582,0.12230619043111801,0.14533062279224396,55.0322470664978,,,,,,
30,100,02,1000,05,fast-laml-direct,37300.31640625,0.6454918384552002,0.1012476459145546,0.15380188822746277,6.9466025829315186,,,,,,
30,100,01,500,04,fast-laml-direct,19201.771484375,0.34342217445373535,0.35738104581832886,0.021474985405802727,8.152101516723633,,,,,,
30,100,01,250,04,fast-laml-direct,9929.4755859375,0.3013341426849365,0.1352512240409851,0.13418900966644287,7.706961393356323,,,,,,
30,100,02,500,05,fast-laml-direct,20209.63671875,0.6741337776184082,0.10955838859081268,0.15667197108268738,8.37236738204956,,,,,,
30,100,02,1000,01,fast-laml-direct,37412.453125,1.2665491104125977,0.11104211211204529,0.1501048356294632,7.349978685379028,,,,,,
30,30,01,250,03,fast-laml-direct,10236.634765625,0.37749195098876953,0.11234103888273239,0.15243956446647644,7.840355634689331,,,,,,
30,30,02,500,04,fast-laml-direct,20095.29296875,0.8302114009857178,0.11094015091657639,0.14981459081172943,9.212116241455078,,,,,,
30,100,01,1000,03,fast-laml-direct,35180.9921875,0.6514284610748291,0.11201547831296921,0.1548890471458435,6.388098239898682,,,,,,
30,100,02,500,02,laml,20083.754854380993,182.71111499518156,0.1262429847731673,0.14826688399743185,,118.0,200112,104,133.82892612953012,31.90133393080452,optimal
30,30,02,10000,02,laml,282956.11775913707,78.18087988812476,0.14711034798336242,0.13960001129421856,,7.0,584592,106,25.683068844904426,0.04903551720486507,",failed_nu"
30,100,01,10000,01,laml,281596.5683662008,195.48393613193184,0.8898337262975445,0.033663004102285385,,20.0,588540,107,25.324674797770225,0.04749313705863192,",failed_nu"
30,100,01,250,05,laml,9972.682697723336,88.5645821960643,0.11842513314447625,0.15884488470308228,,94.0,177836,108,81.598922720394,23.22950772909702,optimal
30,30,01,500,02,laml,19222.47514141074,199.59574211668223,0.1175114121869703,0.15068884118817552,,115.0,201652,104,138.43093830946788,33.24351294027929,optimal
30,30,01,5000,04,laml,153805.73022919268,24.815755303017795,0.001411496164154823,0.18674939932942541,,4.0,353132,71,14.998209324481543,0.03306102288159962,",failed_nu"
30,100,02,250,02,laml,10690.286604770241,58.177169969305396,0.12115785718521466,0.1463271927297335,,59.0,180544,107,74.37046197203884,19.50004476104688,optimal
30,100,02,250,01,laml,10690.711798124288,68.38566411100328,0.13461488358104964,0.14418987605073216,,80.0,179496,107,65.02047321171479,15.536860958610553,optimal
30,30,02,1000,01,laml,37507.546546379526,222.71943560615182,0.12344540941220158,0.13957938366896788,,67.0,283188,101,260.8713767717045,58.294370301711005,optimal
30,30,02,500,03,laml,20300.140058192428,115.98439563438296,0.11575152063963459,0.15123715986712355,,68.0,208880,104,132.0667321824307,30.64201872042075,optimal
30,30,02,1000,02,laml,36824.45183107445,285.6991255749017,0.10067444783686201,0.15646310890412551,,87.0,270368,102,288.7794035722283,68.17862985668876,optimal
30,30,02,1000,04,laml,37321.0214171382,232.0523417647928,0.10834434967232555,0.14859334532189647,,72.0,278768,102,267.7996910036522,60.45160291735072,optimal
30,30,01,10000,05,laml,275134.36854350194,59.2479304773733,0.06946922111596629,0.1565766378172216,,5.0,588460,105,26.27537608233413,0.051435827812475604,",failed_nu"
30,30,01,10000,03,laml,276640.9432945563,104.786731608212,0.41721076925037337,0.09265155489223655,,10.0,590276,107,26.306638525465207,0.05160459317996893,",failed_nu"
30,100,02,10000,03,laml,285290.29058649635,86.19881048053503,0.3028362660491071,0.1131907825410033,,8.0,591880,107,25.895496606837575,0.05054353869969383,",failed_nu"
30,100,02,1000,02,laml,37481.971708442274,332.40351013001055,0.1225948460431391,0.1478605174463001,,92.0,265052,102,245.17899399913722,52.35704754257788,optimal
30,100,02,1000,04,laml,37429.679362956434,305.17730329558253,0.10102691946620823,0.15261594685324423,,85.0,274276,102,232.92022370171833,47.73624771717466,optimal
30,30,01,250,01,laml,10133.315639977971,70.28608411736786,0.10176272727487937,0.16271426682595927,,75.0,179404,109,92.8145845495426,29.23211719132786,optimal
30,100,01,500,01,laml,18810.793293336174,123.11400390416384,0.12102945375377631,0.15158595727960864,,74.0,207828,105,139.1597035671743,34.13660263801342,optimal
30,100,01,5000,05,laml,157146.07963500282,216.99408581666648,0.9562599611524013,0.00693064958613434,,45.0,347992,81,14.75861641354342,0.03220509871968668,",failed_nu"
30,30,02,500,01,laml,19849.808876355684,112.94723165314645,0.10931271910133916,0.14860069201330184,,60.0,217984,105,149.30208072356317,37.746999104259885,optimal
30,30,02,500,02,laml,19747.245731823845,122.1622904445976,0.09904918028424926,0.15140983687556864,,72.0,196480,70,151.70904671358994,39.54043693419151,optimal
30,100,01,5000,04,laml,151997.4759715586,69.3447885978967,0.5091401402418051,0.0650245251972596,,14.0,354640,65,14.786692401074891,0.03230583555531415,",failed_nu"
30,30,01,1000,04,laml,36012.57426153847,252.71265105716884,0.1289853693962679,0.14089070479511098,,73.0,280884,102,234.7520107382565,48.25048606740217,optimal
30,100,02,10000,05,laml,292192.2142466973,169.44592753611505,0.7634303702370924,0.04812844631612108,,17.0,588912,107,26.502472918123683,0.052918837079392614,",failed_nu"
30,30,02,250,04,laml,10728.891958546821,80.6290221856907,0.10639430699018243,0.15341347618642226,,94.0,177772,109,69.47533242642821,17.3006189926508,optimal
30,100,01,5000,02,laml,152849.53138862125,122.63903917558491,0.7430513359592029,0.026899474979568676,,25.0,363232,72,14.825647062646341,0.03241851050991169,",failed_nu"
30,30,01,10000,02,laml,286010.27320369263,190.49111517332494,0.8147824548334174,0.041500971320823594,,18.0,592212,106,26.4437140483705,0.052401974239035386,",failed_nu"
30,30,01,500,05,laml,19193.634643950292,111.0026985052973,0.11266859758101178,0.15636517586263,,65.0,206720,104,148.23283571885239,37.45571306147951,optimal
30,100,01,500,05,laml,18687.0083856881,79.94087118376046,0.11893348146577272,0.1464151879359999,,52.0,214212,104,146.34822254732785,36.85307094070847,optimal
30,100,01,1000,02,laml,35244.38850657818,334.6868446832523,0.12254368179714072,0.14859537204093737,,90.0,264780,86,261.7027649198003,58.14563583085055,optimal
30,30,02,250,02,laml,10524.696880684429,42.2327613318339,0.12323880204869857,0.15462222089871266,,56.0,183432,110,66.34562539388115,16.26882842691532,optimal
30,30,02,500,05,laml,20141.16876125338,194.37251449283212,0.10971837227226121,0.1461590133965427,,113.0,211892,104,127.72725131421808,29.26797664030716,optimal
30,100,01,10000,03,laml,281259.8406342046,197.6440367018804,0.8881445600937784,0.034281990146372184,,20.0,588784,107,26.37028551287132,0.05182085508983045,",failed_nu"
30,100,02,500,03,laml,20089.397846434487,177.63235439546406,0.11442100818301212,0.1499428440032229,,97.0,220980,86,149.3796229319965,38.223564299892416,optimal
30,30,01,1000,01,laml,35723.59389270129,305.81404055655,0.11837701825936442,0.15022909129541379,,91.0,270492,102,247.1594747795056,53.48858846107384,optimal
30,30,01,5000,05,laml,155948.40654536276,106.35023017879575,0.7062474528321607,0.03313230090260018,,22.0,354088,90,14.94346393480869,0.03307568503935177,",failed_nu"
30,100,01,1000,04,laml,35344.56168401131,340.95842505060136,0.10624295814784307,0.15689830355505685,,97.0,293804,102,281.3715111585356,66.57537978254284,optimal
30,100,01,5000,03,laml,154440.60751381714,138.9462332772091,0.8088968338496689,0.018861253044614276,,29.0,355196,78,14.734375364055309,0.03178493664136029,",failed_nu"
30,30,01,250,04,laml,10168.005452175212,55.161990196444094,0.1473322423922581,0.13825937312194547,,67.0,186004,109,72.82366845599897,18.964161435701424,optimal
30,100,02,5000,05,laml,162122.9650396997,123.3652957957238,0.7575888622949699,0.024944582694043774,,26.0,361180,91,15.52601686672029,0.03571160012811929,",failed_nu"
30,100,01,250,02,laml,9949.247860789601,114.03760142065585,0.09320070454864172,0.15830448145476173,,122.0,165720,108,80.64512804623229,22.687133867081258,optimal
30,100,01,250,01,laml,10045.352565653951,67.75624737981707,0.11510250218954371,0.1573485336490875,,87.0,171896,107,84.9674300449517,24.572292416996447,optimal
30,100,02,10000,04,laml,283947.85958606016,58.53270785044879,0.054083424780522235,0.16129537414870734,,5.0,585088,106,26.592494372465072,0.054066590756226905,",failed_nu"
30,30,02,10000,05,laml,284191.03971259895,75.52594591863453,0.19187211947781957,0.12981548851635757,,7.0,586044,108,25.762894805312193,0.04935821213836117,",failed_nu"
30,30,02,10000,01,laml,293710.74985771824,187.88954422343522,0.8750189024099849,0.03424035830694363,,19.0,586328,107,26.291599133113056,0.051145141879349806,",failed_nu"
30,30,01,5000,02,laml,153960.10494661727,60.14447147399187,0.43353203093454606,0.07569165690968091,,12.0,353500,84,15.021499165863228,0.033464820927938246,",failed_nu"
30,100,02,10000,01,laml,285967.8372956078,116.90533131733537,0.4724628685565671,0.08666450372368685,,11.0,584324,107,25.990121838741395,0.05061835536253914,",failed_nu"
30,100,01,500,03,laml,18943.607875558788,112.41532178130001,0.13762759618133383,0.14010229073084074,,66.0,202960,105,159.6769788642999,43.50159505206138,optimal
30,30,01,10000,04,laml,287624.82747990685,215.40356320515275,0.9673279755438567,0.02824032088911271,,22.0,590852,108,26.505984130315305,0.05321383964051696,",failed_nu"
30,30,02,1000,03,laml,37921.03169687451,304.58715344499797,0.10408780273297472,0.15377443943291225,,95.0,266888,102,262.15420419423185,58.52876743481652,optimal
30,30,01,500,01,laml,19018.412963184055,191.70520726311952,0.11486412029285024,0.15039375300381744,,122.0,204232,104,154.87187788473872,40.27783958558436,optimal
30,30,01,1000,02,laml,35778.92646296661,286.81450259685516,0.13980302558579352,0.1384386770905974,,85.0,272688,102,247.99223029399343,53.31380716609244,optimal
30,100,02,500,04,laml,20003.007741109417,89.63317031785846,0.11911220324446692,0.1492978971071622,,48.0,219304,103,158.25887064272976,42.14251453481907,optimal
30,100,02,250,05,laml,10566.240635874743,70.24849485233426,0.10392548041048215,0.15511469182492443,,83.0,174576,109,68.58180439096368,17.16448160056458,optimal
30,100,02,5000,01,laml,161275.47870387856,93.47154210973531,0.6406892081428824,0.04010010042127721,,19.0,352080,89,15.026200017988955,0.03306351000488264,",failed_nu"
30,100,01,10000,04,laml,279569.20114482887,161.46791945956647,0.7635761248820031,0.04722927152793442,,16.0,589180,107,26.2065703891886,0.05104760143301132,",failed_nu"
30,100,01,1000,05,laml,35206.65304707397,450.40766386687756,0.12278851939975931,0.1476459272727337,,134.0,267216,102,262.048894084577,58.44852198133179,optimal
30,30,02,1000,05,laml,37367.52089440555,273.8068086011335,0.11748495540574681,0.14403060008958138,,81.0,272832,102,238.21663349400384,49.373500033991306,optimal
30,30,01,250,05,laml,10173.75781878331,68.91957627609372,0.13369349176103562,0.14327042297155534,,81.0,181804,109,69.86932015687373,17.676562771951385,optimal
30,30,02,250,05,laml,10704.246177070616,50.448681177571416,0.11139311643641835,0.15486019249054558,,64.0,198812,109,65.77237388519438,15.444710671802014,optimal
30,30,01,500,04,laml,18925.73104216527,137.2307069823146,0.10447853658856054,0.15176304249716918,,83.0,218960,104,144.6856352333961,36.438525205513194,optimal
30,100,01,10000,02,laml,276753.37418043346,131.32028418872505,0.6231569848894074,0.0640105370254517,,13.0,589096,107,25.985253533238843,0.05062076617661938,",failed_nu"
30,30,02,10000,03,laml,282699.050276904,58.7418169695884,0.045484031951614545,0.1621680267384535,,5.0,584004,105,26.425434619765117,0.052915887818557716,",failed_nu"
30,100,02,10000,02,laml,288700.22131993313,131.2595334034413,0.5780322550774234,0.07048677480775688,,13.0,586976,107,26.459199348051865,0.052790608449285084,",failed_nu"
30,100,01,5000,01,laml,148760.03775920472,33.55099321529269,0.12564672541670502,0.14481309086878935,,6.0,350480,49,15.540879842207124,0.03525758167728175,",failed_nu"
30,30,02,5000,04,laml,162987.35911592105,163.11378490179777,0.8474654042017148,0.013474701478695384,,35.0,353096,93,15.141482431398979,0.034065061644064656,",failed_nu"
30,100,02,1000,03,laml,37469.347594067665,186.71151304710656,0.1136091238838249,0.14980550567965648,,56.0,292272,102,253.61013034848693,54.67497911671571,optimal
30,100,02,500,01,laml,19857.457335894964,148.59189939685166,0.10657838760776642,0.15094545673065682,,78.0,204272,104,144.43673064282146,36.13598128028968,optimal
30,30,02,5000,05,laml,162212.53790565988,128.7168747736141,0.7591509027079294,0.023512597631615468,,27.0,356896,73,15.562747839287349,0.03583085079834607,",failed_nu"
30,100,01,250,03,laml,10065.797436802275,92.88931798376143,0.12131193990123958,0.13977538098070094,,104.0,181568,108,67.46398263625711,16.943486145424284,optimal
30,100,02,250,03,laml,10767.258848656118,85.96333511080593,0.15491136890913004,0.1255120562420208,,92.0,167756,106,75.96579181309055,19.88454728150363,optimal
30,30,01,500,03,laml,19518.3830832589,85.79913849383593,0.12407795995660607,0.14170520759372893,,55.0,217976,105,141.35291259364195,34.68792288706333,optimal
30,100,01,500,02,laml,18681.374213871757,221.95026107598096,0.12049874307344681,0.14236884779433992,,119.0,205936,104,145.26618101929148,36.58806721286968,optimal
30,30,01,10000,01,laml,283266.0369988336,169.22576710674912,0.7575357664758187,0.04764813908382257,,17.0,586944,80,26.350114339795308,0.051292796952157084,",failed_nu"
30,100,01,1000,01,laml,35420.21569886625,307.0162097681314,0.12254714358184814,0.14868905602723298,,88.0,269572,102,269.5631524260442,61.092712931793926,optimal
30,30,02,10000,04,laml,290207.9690766401,130.60069865360856,0.6797968016027399,0.057179804320195704,,13.0,585904,108,26.166907523019287,0.05005199874362325,",failed_nu"
30,100,02,250,04,laml,10480.98762116267,104.13180223572999,0.11592051287558135,0.14681554187584744,,124.0,166188,68,71.97316215016392,18.417350336611435,optimal
30,30,01,5000,01,laml,156931.07575153452,137.93810940533876,0.7827786462450483,0.020180292362084067,,29.0,356840,79,13.619492295363308,0.027137336930628246,",failed_nu"
30,30,02,250,01,laml,10803.049698799434,68.69940312299877,0.11116473212405133,0.15580217998272985,,84.0,174824,107,72.45125134913934,19.177325094293387,optimal
30,30,01,1000,03,laml,35619.956297725585,255.98023217078298,0.12447916781357594,0.14575138357646628,,70.0,283568,102,268.87661892056377,61.05151083351643,optimal
30,30,01,250,02,laml,10161.18032177668,57.320460005663335,0.11339564030576926,0.15255259795463097,,71.0,177604,108,72.10655561155093,19.538466165479846,optimal
30,30,02,250,03,laml,10873.678164627128,85.08106176555157,0.12059782151383684,0.14463355124391447,,105.0,180380,109,67.302659865325,16.35698182594835,optimal
30,30,02,5000,03,laml,157827.73793734016,38.065831382758915,0.1448684607408189,0.1417402235630644,,7.0,351148,78,15.699992043531887,0.03687845891060598,",failed_nu"
30,30,02,5000,01,laml,162316.7868477334,155.20954485796392,0.8180636639893196,0.016045036062356608,,32.0,350928,80,14.276530445426136,0.02999870012656213,",failed_nu"
30,30,01,1000,05,laml,35316.753192600394,162.90830029454082,0.11866129284513559,0.14350625735078534,,46.0,269276,102,259.1492370402029,58.19837014506179,optimal
30,100,01,10000,05,laml,270692.6630100812,69.44147633947432,0.07563108185354543,0.15606817383792473,,6.0,588876,106,26.416380406895435,0.05237621251622875,",failed_nu"
30,100,02,1000,05,laml,37312.76779700618,265.9582592090592,0.10442447212193155,0.15193160865787833,,72.0,278020,83,325.8613114490248,84.05199051725333,optimal
30,100,02,5000,04,laml,161643.61442414753,106.5883630476892,0.7795712789142816,0.023022264197302748,,22.0,354208,74,13.328745602860652,0.02608123208284875,",failed_nu"
30,100,01,500,04,laml,19090.675970410328,88.46487921848893,0.12061691369172574,0.1455803168440108,,51.0,213388,105,151.91363757806408,39.32564559481226,optimal
30,30,01,5000,03,laml,152336.36648659594,52.23014513682574,0.350222601755407,0.09440187303661123,,10.0,353708,59,14.75182633593528,0.03209558569026504,",failed_nu"
30,100,01,250,04,laml,9930.020968002565,48.83088286407292,0.12044978486770798,0.14299243620878332,,55.0,166684,110,85.6060574108246,25.331817528109788,optimal
30,100,02,500,05,laml,20216.179721391356,136.78567578922957,0.11604177777564693,0.15217555738087188,,78.0,201192,103,159.6039702535021,42.881186668440726,optimal
30,30,02,5000,02,laml,156502.4840574022,34.204515086486936,0.11860658852146974,0.14877559248669162,,6.0,345300,42,15.3211722268783,0.03453496099852408,",failed_nu"
30,100,02,1000,01,laml,37424.919932758494,279.7998630423099,0.11913042609953124,0.1457510666424366,,81.0,275972,102,265.59027509813205,59.359701131271464,optimal
30,100,02,5000,02,laml,158295.44693408246,61.141736194491386,0.38721984125464565,0.08346145137466929,,12.0,352908,63,15.41309097859799,0.03467382232454257,",failed_nu"
30,30,01,250,03,laml,10235.565544444444,60.832058631815016,0.10561396142765853,0.15365297204813047,,74.0,181004,109,91.02893427833932,28.295364408064234,optimal
30,100,02,5000,03,laml,159708.56555119323,74.83358006831259,0.5202655434393264,0.060900088791420635,,15.0,350744,60,15.47856921449073,0.03519899434682562,",failed_nu"
30,30,02,500,04,laml,20101.428566813745,170.4645870104432,0.11164496303975793,0.15003517716696912,,92.0,223768,104,146.32119256727975,38.057215841129384,optimal
30,100,01,1000,03,laml,35190.19634172794,171.71049603633583,0.11858063159167842,0.1509995483637714,,55.0,290428,102,259.575270459937,58.0707521203004,optimal
